{
"type": "FeatureCollection",
"name": "subzonas",
"features": [
{ "type": "Feature", "properties": { "subzona": "1.1", "nombre": "Parque Libano", "area": "6.23 ha", "poblacion": "1415", "almacen_carbono": "912.4 toneladas", "captura_carbono": "47.9 toneladas anuales", "reduccion_escorrentia": "1019.1 mo anuales", "remocion_contaminantes": "524 kg anuales", "produccion_oxigeno": "34.8 toneladas anuales", "valor_servicios_mxn": "$534954.6 mxn", "_mp": 0, "_mp_n": 1 }, "geometry": { "type": "Polygon", "coordinates": [ [ [ -99.202469684999983, 19.429471916000011 ], [ -99.201896991000012, 19.429213378999975 ], [ -99.201161561999982, 19.428870357999983 ], [ -99.20053468499998, 19.42857580499998 ], [ -99.200404705999972, 19.428517737 ], [ -99.199820865999982, 19.428170863999981 ], [ -99.199050946999989, 19.427733369 ], [ -99.198274938999987, 19.427289264000024 ], [ -99.198119334000012, 19.427202677000025 ], [ -99.197770696000021, 19.426995162000026 ], [ -99.197706343, 19.426916579000022 ], [ -99.19777244, 19.426863132999983 ], [ -99.197919942999988, 19.426814573 ], [ -99.198335412, 19.426882307000028 ], [ -99.198768265000012, 19.426951627999983 ], [ -99.199334920000013, 19.427040992 ], [ -99.199796008000021, 19.427113706 ], [ -99.200256464, 19.427176176999978 ], [ -99.200433624000027, 19.427202615999988 ], [ -99.200756007, 19.427255840999976 ], [ -99.201012725, 19.427294190999987 ], [ -99.201160405999985, 19.427312051 ], [ -99.201272792, 19.427330161999976 ], [ -99.201360965, 19.427376048999975 ], [ -99.201519798999982, 19.427464037999982 ], [ -99.201625095999987, 19.427519759 ], [ -99.201790623000022, 19.427638899999977 ], [ -99.201970773000028, 19.42776681700002 ], [ -99.202169261999984, 19.42788039200002 ], [ -99.202300302000026, 19.42791478800001 ], [ -99.202469139000016, 19.427960105000011 ], [ -99.202512323, 19.427962852 ], [ -99.202654381, 19.428022337000016 ], [ -99.202997233000019, 19.428050927000015 ], [ -99.202934561, 19.428119118999973 ], [ -99.202904247999982, 19.428235229 ], [ -99.202826516000016, 19.428626031000022 ], [ -99.202694528, 19.429281833 ], [ -99.202631806, 19.429558112999985 ], [ -99.202469684999983, 19.429471916000011 ] ] ] } },
{ "type": "Feature", "properties": { "subzona": "1.2", "nombre": "Periferico", "area": "4.4 ha", "poblacion": "1255", "almacen_carbono": "861.8 toneladas", "captura_carbono": "48.9 toneladas anuales", "reduccion_escorrentia": "508.2 mo anuales", "remocion_contaminantes": "261.5 kg anuales", "produccion_oxigeno": "35.5 toneladas anuales", "valor_servicios_mxn": "$373090.1 mxn", "_mp": 0, "_mp_n": 1 }, "geometry": { "type": "Polygon", "coordinates": [ [ [ -99.201371048, 19.426274010999975 ], [ -99.201473908000025, 19.426371131999986 ], [ -99.201602666999975, 19.42650473499998 ], [ -99.201656188000015, 19.426618996 ], [ -99.201698029, 19.426698036 ], [ -99.201700593, 19.426751476 ], [ -99.201711655, 19.426835193999977 ], [ -99.20173735100002, 19.426987457999985 ], [ -99.201475118000019, 19.427068597000016 ], [ -99.201248992999979, 19.42704325699998 ], [ -99.201147935, 19.427028131999975 ], [ -99.200578533999987, 19.42694061200001 ], [ -99.20009675, 19.426856031 ], [ -99.199564856, 19.426781296 ], [ -99.19895555, 19.426684729999977 ], [ -99.198775500000011, 19.426658401999987 ], [ -99.198455059000025, 19.426606374000016 ], [ -99.198475848999976, 19.426514576999978 ], [ -99.198492131000023, 19.426397351999981 ], [ -99.198542234, 19.426234679 ], [ -99.198610866000024, 19.426133027 ], [ -99.198672820000013, 19.426051273999974 ], [ -99.198728291, 19.426008661000026 ], [ -99.198812589999989, 19.425942121999981 ], [ -99.198918488, 19.425840541000014 ], [ -99.198976889, 19.425769757000012 ], [ -99.199092087999986, 19.425681571999974 ], [ -99.199228203000018, 19.425583330999984 ], [ -99.199371682, 19.425476641999978 ], [ -99.199514341, 19.425230699 ], [ -99.199590274, 19.425115506999987 ], [ -99.199616876, 19.42487695 ], [ -99.199617085999989, 19.424875395000015 ], [ -99.199624070000027, 19.424750822000021 ], [ -99.199587684, 19.424593572999981 ], [ -99.199578198999973, 19.424529495 ], [ -99.199559207999982, 19.424420092 ], [ -99.199637564, 19.424515040000017 ], [ -99.199853854000025, 19.424784515 ], [ -99.200122258000022, 19.425113071999988 ], [ -99.200443773000018, 19.425454452999986 ], [ -99.200558238999974, 19.425599133999981 ], [ -99.200657074, 19.425667638999983 ], [ -99.200760629, 19.425766830999976 ], [ -99.200999509999974, 19.426003283 ], [ -99.201371048, 19.426274010999975 ] ] ] } },
{ "type": "Feature", "properties": { "subzona": "1.3", "nombre": "Jardin Winston Churchill", "area": "2.24 ha", "poblacion": "542", "almacen_carbono": "624.6 toneladas", "captura_carbono": "24.1 toneladas anuales", "reduccion_escorrentia": "726.3 mo anuales", "remocion_contaminantes": "373.7 kg anuales", "produccion_oxigeno": "17.5 toneladas anuales", "valor_servicios_mxn": "$372609.9 mxn", "_mp": 0, "_mp_n": 1 }, "geometry": { "type": "Polygon", "coordinates": [ [ [ -99.197113645, 19.42671664300002 ], [ -99.197003618, 19.426745873000016 ], [ -99.196924017000015, 19.426770132 ], [ -99.196748499000023, 19.426761339999985 ], [ -99.196451619000015, 19.426741940999989 ], [ -99.196109741999976, 19.426716253 ], [ -99.195588644, 19.426755131999982 ], [ -99.195509308, 19.426761845999977 ], [ -99.19548269400002, 19.426729711 ], [ -99.195368374, 19.426746708 ], [ -99.195133698, 19.426753489000021 ], [ -99.19467335600001, 19.426797798999985 ], [ -99.194405444999973, 19.426815088000012 ], [ -99.194270776, 19.426867006 ], [ -99.194226007, 19.426829022999982 ], [ -99.194035417, 19.426696704999983 ], [ -99.193760291, 19.426653381999984 ], [ -99.193447436999975, 19.426583763999986 ], [ -99.193303598999989, 19.426710323 ], [ -99.193221016999985, 19.426784312 ], [ -99.193129030000023, 19.426836466999987 ], [ -99.193098508, 19.426848279000012 ], [ -99.192788962, 19.426851118 ], [ -99.192633012999977, 19.426815893000025 ], [ -99.192429732999983, 19.426783941999986 ], [ -99.191970767999976, 19.426711854000018 ], [ -99.191987215999973, 19.426324308 ], [ -99.19204020799998, 19.426094998 ], [ -99.192059914000026, 19.425986667000018 ], [ -99.192070763, 19.425926133000019 ], [ -99.192412531, 19.42597886599998 ], [ -99.192683261000013, 19.426017495999986 ], [ -99.194054349, 19.426231960999985 ], [ -99.195113871999979, 19.42638896 ], [ -99.195586896, 19.426464493000026 ], [ -99.197079621, 19.426689410999984 ], [ -99.197113645, 19.42671664300002 ] ] ] } },
{ "type": "Feature", "properties": { "subzona": "2.1", "nombre": "Gandhi 1", "area": "1.22 ha", "poblacion": "389", "almacen_carbono": "431.6 toneladas", "captura_carbono": "17 toneladas anuales", "reduccion_escorrentia": "452.7 mo anuales", "remocion_contaminantes": "238.7 kg anuales", "produccion_oxigeno": "12.4 toneladas anuales", "valor_servicios_mxn": "$252383.30 mxn", "_mp": 0, "_mp_n": 1 }, "geometry": { "type": "Polygon", "coordinates": [ [ [ -99.190832595000018, 19.425757809 ], [ -99.191206936000015, 19.425807089999978 ], [ -99.190735151000013, 19.426012712999977 ], [ -99.189761439999984, 19.426452142000016 ], [ -99.188944153000023, 19.426825759 ], [ -99.188654875, 19.42695944899998 ], [ -99.188595482999972, 19.426941861999978 ], [ -99.188504637999984, 19.426840734999985 ], [ -99.188367767999978, 19.426767593000022 ], [ -99.188246185000025, 19.426697030000014 ], [ -99.188247147000027, 19.42667842100002 ], [ -99.188632127, 19.426586665 ], [ -99.188723018000019, 19.426548259000015 ], [ -99.188988758, 19.426470859 ], [ -99.189180508999982, 19.426393499000028 ], [ -99.189296974, 19.426333520000014 ], [ -99.189552328, 19.426233407999973 ], [ -99.189652987999978, 19.426182241 ], [ -99.189779301999977, 19.426118033000023 ], [ -99.189872685000012, 19.426058001 ], [ -99.189971457000013, 19.425989510000022 ], [ -99.190075803000013, 19.425905810000017 ], [ -99.190242039999987, 19.425756518000014 ], [ -99.190348461999974, 19.425683137000021 ], [ -99.190832595000018, 19.425757809 ] ] ] } },
{ "type": "Feature", "properties": { "subzona": "2.4", "nombre": "Gandhi 4", "area": "1.65 ha", "poblacion": "510", "almacen_carbono": "703.2 toneladas", "captura_carbono": "20.8 toneladas anuales", "reduccion_escorrentia": "664.8 mo anuales", "remocion_contaminantes": "351.8 kg anuales", "produccion_oxigeno": "15.1 toneladas anuales", "valor_servicios_mxn": "$387391.2 mxn", "_mp": 0, "_mp_n": 1 }, "geometry": { "type": "Polygon", "coordinates": [ [ [ -99.189963334000026, 19.425761686999977 ], [ -99.189830485000016, 19.425916565000023 ], [ -99.189741689000016, 19.426034672000014 ], [ -99.18947341, 19.426158713 ], [ -99.18927463, 19.426235995000013 ], [ -99.189080951, 19.426326156000016 ], [ -99.188780655000016, 19.426422799000022 ], [ -99.18803383, 19.426631567000015 ], [ -99.186983354, 19.426912132999973 ], [ -99.186583749000022, 19.427041119000023 ], [ -99.186062366999977, 19.427274106000027 ], [ -99.185193696, 19.42764637099998 ], [ -99.184491047999984, 19.427843221999979 ], [ -99.184004324, 19.427935347000016 ], [ -99.184084687, 19.427766100999975 ], [ -99.184282893999978, 19.427538850000019 ], [ -99.184379729, 19.42741139200001 ], [ -99.184589887000016, 19.427139316000023 ], [ -99.184640208000019, 19.427260778 ], [ -99.184527835999972, 19.427472804999979 ], [ -99.184482823999986, 19.427657821000025 ], [ -99.184463116000018, 19.427779053999984 ], [ -99.184784652000019, 19.427713346000019 ], [ -99.18523903, 19.427554494 ], [ -99.185985867999989, 19.427218763999974 ], [ -99.186693537, 19.426903881999976 ], [ -99.187164812999981, 19.426765032999981 ], [ -99.187989056, 19.42653590499998 ], [ -99.188367331, 19.426399657 ], [ -99.188378962, 19.426005665 ], [ -99.188437362, 19.425887952999972 ], [ -99.188442974999987, 19.425660768 ], [ -99.188499638999986, 19.4254087 ], [ -99.189716843999975, 19.425595470000019 ], [ -99.189874652000015, 19.425616218000016 ], [ -99.189962634999972, 19.425623390999988 ], [ -99.190017071999989, 19.425696327000026 ], [ -99.189963334000026, 19.425761686999977 ] ] ] } },
{ "type": "Feature", "properties": { "subzona": "2.2", "nombre": "Gandhi 2", "area": "2.46 ha", "poblacion": "859", "almacen_carbono": "1135 toneladas", "captura_carbono": "34.1 toneladas anuales", "reduccion_escorrentia": "903.9 mo anuales", "remocion_contaminantes": "477.9 kg anuales", "produccion_oxigeno": "24.8 toneladas anuales", "valor_servicios_mxn": "$571877.4 mxn", "_mp": 0, "_mp_n": 1 }, "geometry": { "type": "Polygon", "coordinates": [ [ [ -99.188547589, 19.427012131000026 ], [ -99.185852661000013, 19.428212949 ], [ -99.185529297000016, 19.428356329 ], [ -99.18541245, 19.428127421999989 ], [ -99.185371986, 19.428087931 ], [ -99.185194592000016, 19.427949457000011 ], [ -99.185069745000021, 19.427877168 ], [ -99.184954833, 19.427815152 ], [ -99.185374331999981, 19.427674396999976 ], [ -99.185960052999974, 19.427424579999979 ], [ -99.186165922999976, 19.427327832 ], [ -99.186587380999981, 19.427139620999981 ], [ -99.186831564999977, 19.427060633999986 ], [ -99.187227781999979, 19.426940487000024 ], [ -99.18748732, 19.426878029000022 ], [ -99.187900047000028, 19.426771019 ], [ -99.188141906999988, 19.426712989 ], [ -99.188449502000026, 19.426888539 ], [ -99.188547589, 19.427012131000026 ] ] ] } },
{ "type": "Feature", "properties": { "subzona": "2.3", "nombre": "Gandhi 3", "area": "5.05 ha", "poblacion": "1757", "almacen_carbono": "2598.1 toneladas", "captura_carbono": "75.9 toneladas anuales", "reduccion_escorrentia": "1935.4 mo anuales", "remocion_contaminantes": "1023.9 kg anuales", "produccion_oxigeno": "55.2 toneladas anuales", "valor_servicios_mxn": "$1266814.6 mxn", "_mp": 0, "_mp_n": 1 }, "geometry": { "type": "Polygon", "coordinates": [ [ [ -99.185462802000018, 19.42838537199998 ], [ -99.185197576, 19.428533695999988 ], [ -99.182658401000026, 19.429651830000012 ], [ -99.182591390000027, 19.429630297000017 ], [ -99.182415219, 19.429575020000016 ], [ -99.18220411599998, 19.429399627 ], [ -99.181958539, 19.429180638 ], [ -99.181897139, 19.429107589000012 ], [ -99.181807062000019, 19.42891298 ], [ -99.181630427000016, 19.428522622 ], [ -99.181490798000027, 19.428255810999985 ], [ -99.18126627800001, 19.42807695099998 ], [ -99.181202719, 19.428036146000011 ], [ -99.18128529, 19.427969341 ], [ -99.181275065000023, 19.427813249 ], [ -99.181279174999986, 19.427685148000023 ], [ -99.181307979, 19.427556084 ], [ -99.181321799999978, 19.42745705599998 ], [ -99.181518671, 19.427612199 ], [ -99.181761328, 19.427791135 ], [ -99.182118463999984, 19.427950244999977 ], [ -99.182366071999979, 19.428068117 ], [ -99.182515512, 19.428073282000014 ], [ -99.182878193000022, 19.428118128 ], [ -99.18320991500002, 19.428117563 ], [ -99.183474795, 19.428094956999985 ], [ -99.183624823, 19.42808564 ], [ -99.183740677, 19.428075134999972 ], [ -99.183898826000018, 19.428053678000026 ], [ -99.184111701, 19.428020584000024 ], [ -99.18431861900001, 19.427977907000013 ], [ -99.184467671999982, 19.427943430000028 ], [ -99.184633897000026, 19.427906620999977 ], [ -99.184793430000013, 19.427873842999986 ], [ -99.184897596999974, 19.427851061000013 ], [ -99.185142814000017, 19.427989419000028 ], [ -99.185323496000024, 19.428153351999981 ], [ -99.185410452999974, 19.428280703999974 ], [ -99.185462802000018, 19.42838537199998 ] ] ] } },
{ "type": "Feature", "properties": { "subzona": "2.10", "nombre": "Parque de la amistad", "area": "1.64 ha", "poblacion": "362", "almacen_carbono": "435.1 toneladas", "captura_carbono": "17.3 toneladas anuales", "reduccion_escorrentia": "310.7 mo anuales", "remocion_contaminantes": "164.6 kg anuales", "produccion_oxigeno": "12.6 toneladas anuales\n", "valor_servicios_mxn": "$209191.8 mxn\n", "_mp": 0, "_mp_n": 1 }, "geometry": { "type": "Polygon", "coordinates": [ [ [ -99.18028992, 19.424169819999975 ], [ -99.180328041, 19.424209222 ], [ -99.18028246199998, 19.42448916 ], [ -99.180229431999976, 19.42483426299998 ], [ -99.180205774, 19.425017309999987 ], [ -99.18020019, 19.425060518 ], [ -99.180154712, 19.425067714000022 ], [ -99.180134854000016, 19.425073001999976 ], [ -99.179650429999981, 19.425050602 ], [ -99.17864905, 19.425004294000018 ], [ -99.178614669000012, 19.425004328 ], [ -99.178602328000011, 19.424973552999973 ], [ -99.178593381999974, 19.424943782000014 ], [ -99.178586869000014, 19.424888317000011 ], [ -99.178588291999972, 19.424864593999985 ], [ -99.178597672000024, 19.424826155 ], [ -99.178646524999976, 19.424746745999983 ], [ -99.178805345, 19.424525152 ], [ -99.179116826999973, 19.424092081000026 ], [ -99.179151612, 19.424044789 ], [ -99.179173236, 19.424024413999973 ], [ -99.179199593000021, 19.424003746999972 ], [ -99.179216269999984, 19.423996252999984 ], [ -99.17935305200001, 19.424015006 ], [ -99.179506437999976, 19.424036034999972 ], [ -99.179669478999983, 19.424065397999982 ], [ -99.180234799, 19.424153460000014 ], [ -99.18028992, 19.424169819999975 ] ] ] } },
{ "type": "Feature", "properties": { "subzona": "3.1", "nombre": "Jardin de la 3a. edad", "area": "3.83 ha", "poblacion": "1062", "almacen_carbono": "1546.4 toneladas", "captura_carbono": "52.6 toneladas anuales", "reduccion_escorrentia": "1077.5 mo anuales", "remocion_contaminantes": "561.2 kg anuales", "produccion_oxigeno": "38.2 toneladas anuales", "valor_servicios_mxn": "$728482.4 mxn", "_mp": 0, "_mp_n": 1 }, "geometry": { "type": "Polygon", "coordinates": [ [ [ -99.190544134, 19.425361701999975 ], [ -99.190646281, 19.425167019000014 ], [ -99.190747376, 19.424929513999984 ], [ -99.190887843999974, 19.424500243000011 ], [ -99.190977945999975, 19.424068240999986 ], [ -99.190987291999988, 19.423988269 ], [ -99.190979309, 19.423987564000015 ], [ -99.190982265, 19.423957584 ], [ -99.191006953999988, 19.423565746 ], [ -99.191006639000022, 19.423295823999979 ], [ -99.191006410999989, 19.423100759000022 ], [ -99.191003019999982, 19.423060021000026 ], [ -99.190987163999978, 19.422932369000023 ], [ -99.190985110999975, 19.422903867 ], [ -99.190989404999982, 19.422877374999985 ], [ -99.191008966000027, 19.422858078 ], [ -99.191074319999984, 19.422849523000025 ], [ -99.191245166999977, 19.422813005000023 ], [ -99.19153083499998, 19.42278296 ], [ -99.191660907000028, 19.422768561 ], [ -99.192087648999973, 19.422686823 ], [ -99.192196417, 19.422665744000028 ], [ -99.192275059999986, 19.422236724000015 ], [ -99.192339179999976, 19.421941208000021 ], [ -99.192327799, 19.421732986 ], [ -99.192327959000011, 19.421593300999973 ], [ -99.192244949999974, 19.421458945999973 ], [ -99.192086854000024, 19.42134531 ], [ -99.192019121999977, 19.421307679 ], [ -99.191855536, 19.421244063000017 ], [ -99.191660205, 19.421234971 ], [ -99.191648547, 19.421179417000019 ], [ -99.192547166, 19.421029894000014 ], [ -99.192522589000021, 19.421208127 ], [ -99.192483164, 19.421462092000013 ], [ -99.192272945000013, 19.422837325999978 ], [ -99.192101116, 19.423961296000016 ], [ -99.191984218000016, 19.42471357300002 ], [ -99.191897547, 19.424800839999989 ], [ -99.191860217999988, 19.425120033999974 ], [ -99.191905593, 19.425251462 ], [ -99.191845897, 19.425253242999986 ], [ -99.191846831000021, 19.425263420000022 ], [ -99.191842447999989, 19.425319157 ], [ -99.191837357, 19.425340066 ], [ -99.191804772000012, 19.425427362999983 ], [ -99.191791959999989, 19.425455112 ], [ -99.191781559999981, 19.425473351 ], [ -99.191769863, 19.425488918999974 ], [ -99.191748517, 19.425506886999983 ], [ -99.191728214000022, 19.42551985 ], [ -99.191723630000013, 19.425521855 ], [ -99.191708773000016, 19.425528355999973 ], [ -99.191692432000025, 19.425533343999973 ], [ -99.19167088, 19.42553719 ], [ -99.191628746, 19.425535427 ], [ -99.191064799, 19.425445099 ], [ -99.190724193, 19.425397268999973 ], [ -99.190544134, 19.425361701999975 ] ] ] } },
{ "type": "Feature", "properties": { "subzona": "3.2", "nombre": "Acceso Chivatito", "area": "0.98 ha", "poblacion": "210", "almacen_carbono": "315.3 toneladas", "captura_carbono": "12.2 toneladas anuales", "reduccion_escorrentia": "338.6 mo anuales", "remocion_contaminantes": "176.1 kg anuales", "produccion_oxigeno": "8.9 toneladas anuales", "valor_servicios_mxn": "$185750.5 mxn", "_mp": 0, "_mp_n": 1 }, "geometry": { "type": "Polygon", "coordinates": [ [ [ -99.192579787, 19.420902286 ], [ -99.192551379, 19.421023978 ], [ -99.192264718, 19.421075710000025 ], [ -99.191653460999987, 19.421179243999973 ], [ -99.19165439, 19.421233254000015 ], [ -99.191293923999979, 19.421280060000015 ], [ -99.190510184, 19.42141253 ], [ -99.189997805000019, 19.421491700999979 ], [ -99.189548361, 19.421194104 ], [ -99.189531502000023, 19.42115858 ], [ -99.189621115000023, 19.421126715000014 ], [ -99.189786732000016, 19.421017339 ], [ -99.189946324, 19.420918861000018 ], [ -99.190021645, 19.420920005000028 ], [ -99.190150683000013, 19.420910159000016 ], [ -99.191475003, 19.420857285000011 ], [ -99.191542979000019, 19.420852989000025 ], [ -99.191539364, 19.421021930999984 ], [ -99.191548911999973, 19.421092593000026 ], [ -99.191688736, 19.421072794 ], [ -99.192395422, 19.420937858 ], [ -99.192579787, 19.420902286 ] ] ] } },
{ "type": "Feature", "properties": { "subzona": "3.4", "nombre": "Alrededores del lago", "area": "3.02 ha", "poblacion": "275", "almacen_carbono": "620.2 toneladas", "captura_carbono": "15.6 toneladas anuales", "reduccion_escorrentia": "411.3 mo anuales", "remocion_contaminantes": "213.9 kg anuales", "produccion_oxigeno": "11.3 toneladas anuales", "valor_servicios_mxn": "$284121.3 mxn", "_mp": 0, "_mp_n": 1 }, "geometry": { "type": "Polygon", "coordinates": [ [ [ -99.184904816000028, 19.424554457999989 ], [ -99.184908443999973, 19.42455738000001 ], [ -99.184814556999982, 19.424411669 ], [ -99.184744164999984, 19.424266252 ], [ -99.184616977000019, 19.423944190999975 ], [ -99.184582625000019, 19.423831012 ], [ -99.184583746999976, 19.423801512000011 ], [ -99.184502227, 19.423550364999983 ], [ -99.184471658, 19.423438927 ], [ -99.184427669, 19.423278569999979 ], [ -99.184387368999978, 19.42310334299998 ], [ -99.184305782000024, 19.422761071000025 ], [ -99.18426692700001, 19.422463247999985 ], [ -99.184236451, 19.422352602999979 ], [ -99.184215591999987, 19.422241537 ], [ -99.184219316999986, 19.422105299 ], [ -99.184235227999977, 19.421929423999984 ], [ -99.184229222999988, 19.421690211 ], [ -99.184228720000021, 19.421606477000012 ], [ -99.184384818000012, 19.421579027 ], [ -99.184485739000024, 19.421555166000019 ], [ -99.184734165, 19.4215241 ], [ -99.184980423000013, 19.421498099000019 ], [ -99.185273917000018, 19.42151121500001 ], [ -99.185594934999983, 19.421516467 ], [ -99.186129371999982, 19.421504187999972 ], [ -99.186689799000021, 19.421491194999987 ], [ -99.186689302, 19.421655907 ], [ -99.186700146000021, 19.421797847999983 ], [ -99.186513956, 19.421658026999978 ], [ -99.185691484000017, 19.4216773 ], [ -99.185361773000011, 19.421680196000011 ], [ -99.18535693299998, 19.421708853999974 ], [ -99.185426515000017, 19.421764995 ], [ -99.185432922000018, 19.421793634999972 ], [ -99.185453454000026, 19.421805502999973 ], [ -99.185463943, 19.421849152999982 ], [ -99.185466263000023, 19.421848979 ], [ -99.185515837000025, 19.421962103 ], [ -99.185650845999987, 19.422192470000027 ], [ -99.185683915000027, 19.422342453999988 ], [ -99.185674941, 19.422344744999975 ], [ -99.185684724, 19.422388763000015 ], [ -99.185687176999977, 19.422388257000023 ], [ -99.185739647, 19.42261149 ], [ -99.185796546, 19.422672072000012 ], [ -99.186095078, 19.422974118000013 ], [ -99.186211205, 19.423090159000026 ], [ -99.186287470000025, 19.42326239099998 ], [ -99.18649423, 19.423454924999987 ], [ -99.186535199, 19.423480627 ], [ -99.18655822300002, 19.42346981999998 ], [ -99.186569919000021, 19.423480295 ], [ -99.186666471000024, 19.423611096 ], [ -99.186692854, 19.423607265999976 ], [ -99.18672731800001, 19.423657859 ], [ -99.186779261000027, 19.423630554 ], [ -99.187076236999985, 19.423894357 ], [ -99.187268555, 19.424087788 ], [ -99.187442557, 19.424266731999978 ], [ -99.187560291000011, 19.424439230000019 ], [ -99.187664096999981, 19.424593975999983 ], [ -99.187737363999986, 19.424675621 ], [ -99.187783729999978, 19.424817814999983 ], [ -99.187765065, 19.424875175000011 ], [ -99.187682817999985, 19.424961689999975 ], [ -99.187554552, 19.424999951000018 ], [ -99.186347459999979, 19.424806277000016 ], [ -99.185037995000016, 19.424606313000027 ], [ -99.184930854000015, 19.424575434000019 ], [ -99.184904816000028, 19.424554457999989 ] ], [ [ -99.186931314999981, 19.424741262999987 ], [ -99.18703733000001, 19.424736386 ], [ -99.187104558999977, 19.424728257000027 ], [ -99.187161445000015, 19.424715252 ], [ -99.187216608000028, 19.424684363999972 ], [ -99.187251084000025, 19.424653475000014 ], [ -99.187270045999981, 19.424635592000016 ], [ -99.187301075, 19.424577066999973 ], [ -99.187285560000021, 19.424512038999978 ], [ -99.18727349400001, 19.424453514 ], [ -99.187233846000026, 19.424385234 ], [ -99.187151101999973, 19.424318581000023 ], [ -99.186925281000015, 19.424037334 ], [ -99.186895976000017, 19.424025954 ], [ -99.186802890000024, 19.423897523 ], [ -99.186797719000026, 19.423876388999986 ], [ -99.186508116000027, 19.423494346999973 ], [ -99.186277124000014, 19.423278128 ], [ -99.186179169000013, 19.423172987999976 ], [ -99.186139439999977, 19.423041239999975 ], [ -99.185888669, 19.422787289999974 ], [ -99.18571599400002, 19.422621742 ], [ -99.185681339999974, 19.422591257000022 ], [ -99.185659996000027, 19.422382357 ], [ -99.185632414999986, 19.422377480000023 ], [ -99.185627243, 19.422354719999987 ], [ -99.185658272000012, 19.42234334 ], [ -99.185630690999972, 19.422198649999984 ], [ -99.185437622999984, 19.42185562200001 ], [ -99.185241107000024, 19.421644425000011 ], [ -99.185041979, 19.421608166 ], [ -99.184976474, 19.42160708199998 ], [ -99.184952307, 19.421574717 ], [ -99.184749225000019, 19.421580780999989 ], [ -99.184738900000013, 19.421624423000026 ], [ -99.184545467000021, 19.421657381999978 ], [ -99.184434786999986, 19.421751192999977 ], [ -99.184306117, 19.421861090999982 ], [ -99.184330354999986, 19.422011348000012 ], [ -99.184377472999984, 19.422153525 ], [ -99.184405054000024, 19.422162884999977 ], [ -99.18440333, 19.422175891 ], [ -99.18436713, 19.422216533999972 ], [ -99.184384368, 19.42230594900002 ], [ -99.184394710999982, 19.42230594900002 ], [ -99.184391264, 19.42228644 ], [ -99.184420569, 19.422283188999984 ], [ -99.184577436999973, 19.423048903 ], [ -99.184556751, 19.423117182999988 ], [ -99.184591227, 19.423118809000016 ], [ -99.184580885, 19.423229357000025 ], [ -99.184611913000026, 19.423294386 ], [ -99.184658457000012, 19.423359414 ], [ -99.18468776200001, 19.423429320000025 ], [ -99.184794639000017, 19.42350735399998 ], [ -99.184842905999972, 19.423551248000024 ], [ -99.184856696, 19.423611398999981 ], [ -99.184856696, 19.423643914000024 ], [ -99.184854971999982, 19.423775595999984 ], [ -99.184873934, 19.423811361999981 ], [ -99.184861867999984, 19.423832495999989 ], [ -99.184836010000026, 19.423832495999989 ], [ -99.184811877000016, 19.423900775999982 ], [ -99.184867038999982, 19.424060908 ], [ -99.184929097, 19.424216162999983 ], [ -99.184992017000013, 19.424228355000025 ], [ -99.185030802000028, 19.424261682 ], [ -99.185349708999979, 19.424377107 ], [ -99.185548811, 19.424478712999985 ], [ -99.185810832000016, 19.424546992999979 ], [ -99.186022862000016, 19.424558371999979 ], [ -99.186055614, 19.424555121000026 ], [ -99.186224548999974, 19.424610395 ], [ -99.186334873000021, 19.424658352999984 ], [ -99.186387449999984, 19.424667294000017 ], [ -99.186500360000025, 19.42468924100001 ], [ -99.186553797999977, 19.424655100999985 ], [ -99.186571037000022, 19.424658352999984 ], [ -99.186604650999982, 19.424700621 ], [ -99.186712390000025, 19.424715252 ], [ -99.186764105, 19.424700621 ], [ -99.186850295999989, 19.424713626000027 ], [ -99.18687011999998, 19.424733947999982 ], [ -99.186931314999981, 19.424741262999987 ] ] ] } },
{ "type": "Feature", "properties": { "subzona": "3.5", "nombre": "Isla del Lago 1", "area": "0.24 ha", "poblacion": "250", "almacen_carbono": "144.4 toneladas", "captura_carbono": "5.4 toneladas anuales", "reduccion_escorrentia": "57.5 mo anuales", "remocion_contaminantes": "30.4 kg anuales", "produccion_oxigeno": "3.9 toneladas anuales", "valor_servicios_mxn": "$55037.8 mxn", "_mp": 0, "_mp_n": 1 }, "geometry": { "type": "Polygon", "coordinates": [ [ [ -99.186747815, 19.424418952999986 ], [ -99.186688044, 19.424438013999975 ], [ -99.186532675000024, 19.424406455 ], [ -99.186478767999972, 19.424385187999974 ], [ -99.186420447999978, 19.424353151 ], [ -99.186376074, 19.424310562000016 ], [ -99.186316299, 19.424231641 ], [ -99.186256345, 19.42411113999998 ], [ -99.186201456, 19.423957418999976 ], [ -99.186182869, 19.423875117000023 ], [ -99.18617301, 19.423877908 ], [ -99.186168704000011, 19.423827228 ], [ -99.186159589, 19.423799367000015 ], [ -99.18615440100001, 19.423771792000025 ], [ -99.186159864, 19.423753808000015 ], [ -99.186154574999989, 19.423732492999989 ], [ -99.186153640999976, 19.423717717999978 ], [ -99.186168034, 19.423695744999975 ], [ -99.186186589999977, 19.42369077799998 ], [ -99.186212522, 19.42370655000002 ], [ -99.18627101200002, 19.423764684999981 ], [ -99.186330011999985, 19.42382081400001 ], [ -99.186365928999976, 19.423862235 ], [ -99.186454871000024, 19.423924598999974 ], [ -99.186467459000028, 19.423924586 ], [ -99.18647481, 19.423929939 ], [ -99.186483152, 19.423934975 ], [ -99.186479625, 19.423941988000024 ], [ -99.186523492, 19.423988431999987 ], [ -99.186540505999972, 19.423985824 ], [ -99.186582795999982, 19.424050228 ], [ -99.186601941, 19.424093471999981 ], [ -99.186644957999988, 19.424153977 ], [ -99.186670922000019, 19.424182733 ], [ -99.186730963, 19.424238155000012 ], [ -99.186751586000014, 19.424261203000015 ], [ -99.186757182, 19.42428124700001 ], [ -99.186768186999984, 19.424292482 ], [ -99.18677573399998, 19.424293735 ], [ -99.186779872999978, 19.424303934000022 ], [ -99.186775313999988, 19.424310175000016 ], [ -99.186776942, 19.424331773 ], [ -99.18678171, 19.424348495 ], [ -99.186786456999982, 19.424357021 ], [ -99.186783417000015, 19.424365309 ], [ -99.186778107, 19.424365314999989 ], [ -99.186769305999974, 19.424387368 ], [ -99.186774558000025, 19.424390125 ], [ -99.186748384999987, 19.424420003000023 ], [ -99.186747815, 19.424418952999986 ] ] ] } },
{ "type": "Feature", "properties": { "subzona": "3.6", "nombre": "Isla del Lago 2", "area": "0.8 ha", "poblacion": "543", "almacen_carbono": "358.6 toneladas", "captura_carbono": "12.4 toneladas anuales", "reduccion_escorrentia": "151.6 mo anuales", "remocion_contaminantes": "80.6 kg anuales", "produccion_oxigeno": "9 toneladas anuales", "valor_servicios_mxn": "$139392.1 mxn", "_mp": 0, "_mp_n": 1 }, "geometry": { "type": "Polygon", "coordinates": [ [ [ -99.186066122999989, 19.424311330000023 ], [ -99.185912433999988, 19.424267767 ], [ -99.185879092999983, 19.424248014999989 ], [ -99.185854084000027, 19.424242022999977 ], [ -99.185792359, 19.424204234 ], [ -99.185726865, 19.42417462200001 ], [ -99.185668666000026, 19.424173466000013 ], [ -99.18561057, 19.424172312999985 ], [ -99.185584380000023, 19.424183410000012 ], [ -99.185573095999985, 19.424180553999975 ], [ -99.185554470999989, 19.424146923000023 ], [ -99.185517302999983, 19.424134133 ], [ -99.18541991799998, 19.424048251999977 ], [ -99.185324031999983, 19.42382088 ], [ -99.185337143000027, 19.423790790999988 ], [ -99.185327192999978, 19.423762510000017 ], [ -99.185289078999972, 19.423747137000021 ], [ -99.185283219999974, 19.423732707 ], [ -99.185295399999973, 19.423696549999988 ], [ -99.185190927, 19.423505649999981 ], [ -99.185157609999976, 19.423495297999978 ], [ -99.185151976999975, 19.423485464 ], [ -99.185160852000024, 19.423451521 ], [ -99.185096627, 19.423334048000015 ], [ -99.185084867, 19.423243655000022 ], [ -99.185042270999986, 19.423154969999985 ], [ -99.185119886999985, 19.423004280999976 ], [ -99.185127064000028, 19.422978684999975 ], [ -99.18507415900001, 19.422931969999979 ], [ -99.185055928999986, 19.422949930000016 ], [ -99.185012273999973, 19.422957687 ], [ -99.184988109000017, 19.422955652999974 ], [ -99.184955171000013, 19.422926467000025 ], [ -99.184921595, 19.422924935000026 ], [ -99.184905526000023, 19.422928451000018 ], [ -99.18489824400001, 19.422923417 ], [ -99.184892392, 19.422896853 ], [ -99.18488811200001, 19.422882973000014 ], [ -99.184898874, 19.422866404 ], [ -99.184946513, 19.422833792 ], [ -99.18494920400002, 19.422829759000024 ], [ -99.184952249999981, 19.422825196000019 ], [ -99.185020130999987, 19.422808788999987 ], [ -99.185034565000024, 19.422816335999983 ], [ -99.185037632, 19.422802774 ], [ -99.185052256, 19.422812871000019 ], [ -99.185066195, 19.422819632000028 ], [ -99.185077772999989, 19.422815088999982 ], [ -99.185092618999988, 19.422822255000028 ], [ -99.185109601000022, 19.422818006 ], [ -99.185118249000027, 19.422831372000019 ], [ -99.185129797, 19.422862728999974 ], [ -99.185127056, 19.422884158999977 ], [ -99.185111179999979, 19.422896289 ], [ -99.185080885, 19.422901432 ], [ -99.185071755000024, 19.422909581 ], [ -99.185137167999983, 19.422973371000012 ], [ -99.185171920000016, 19.422970497 ], [ -99.185229954000022, 19.422989776 ], [ -99.185753463000026, 19.423464642999988 ], [ -99.185765864000018, 19.423454823999975 ], [ -99.185781562999978, 19.423470426999984 ], [ -99.185769129999983, 19.423481900000013 ], [ -99.185835755000028, 19.423575715000027 ], [ -99.185911891999979, 19.423773902999983 ], [ -99.185945307, 19.42383178 ], [ -99.185962646, 19.423869181999976 ], [ -99.185979982999982, 19.42389332099998 ], [ -99.185992229000021, 19.423915924000028 ], [ -99.186058738999975, 19.42393757100001 ], [ -99.186104229000023, 19.424038102 ], [ -99.186126413000011, 19.424071871000024 ], [ -99.186135509999986, 19.424129424 ], [ -99.186140433999981, 19.424202309 ], [ -99.186118193000027, 19.424246370999981 ], [ -99.186066122999989, 19.424311330000023 ] ] ] } },
{ "type": "Feature", "properties": { "subzona": "4.2", "nombre": "Jardin Botanico", "area": "5.02 ha", "poblacion": "1,133", "almacen_carbono": "1806.3 toneladas", "captura_carbono": "55.8 toneladas anuales", "reduccion_escorrentia": "1114.7 mo anuales", "remocion_contaminantes": "576.2 kg anuales", "produccion_oxigeno": "40.6 toneladas anuales", "valor_servicios_mxn": "$808170.5 mxn", "_mp": 0, "_mp_n": 1 }, "geometry": { "type": "Polygon", "coordinates": [ [ [ -99.181052615, 19.423949454000024 ], [ -99.180963873, 19.423750677999976 ], [ -99.180880693, 19.423598621999986 ], [ -99.180748232999974, 19.423384702000021 ], [ -99.180669577, 19.423247353000022 ], [ -99.180678006999983, 19.423103406 ], [ -99.180748758999982, 19.423075515999983 ], [ -99.181253879, 19.422927276999985 ], [ -99.182982797000022, 19.422666687 ], [ -99.183112541000014, 19.42265512900002 ], [ -99.183336166, 19.422663732999979 ], [ -99.183730075000028, 19.422695533000024 ], [ -99.183996095999987, 19.422888246000014 ], [ -99.184047981999981, 19.423029671 ], [ -99.183924205999972, 19.423044843000014 ], [ -99.183883481, 19.423141745 ], [ -99.183845458, 19.423249237 ], [ -99.183842563999974, 19.423292205999985 ], [ -99.183823516000018, 19.423324212000011 ], [ -99.183806249999975, 19.423336319999976 ], [ -99.183804523, 19.423361123 ], [ -99.183815493, 19.423397738 ], [ -99.183832755000026, 19.423472894999975 ], [ -99.183991994, 19.423879409 ], [ -99.183996116, 19.423888632 ], [ -99.184069358999977, 19.424052529 ], [ -99.184178609000014, 19.424305268000012 ], [ -99.184245976, 19.424456666000026 ], [ -99.184228324, 19.424457474 ], [ -99.184126779999986, 19.424441533999982 ], [ -99.183932541, 19.42441104400001 ], [ -99.183321434999982, 19.424315115000013 ], [ -99.182210266000027, 19.424131964000026 ], [ -99.181572507, 19.424034366 ], [ -99.181052615, 19.423949454000024 ] ] ] } },
{ "type": "Feature", "properties": { "subzona": "4.4", "nombre": "Acceso Gandhi", "area": "0.98 ha", "poblacion": "145", "almacen_carbono": "206.1 toneladas", "captura_carbono": "8.3 toneladas anuales", "reduccion_escorrentia": "178.2 mo anuales", "remocion_contaminantes": "91.7 kg anuales", "produccion_oxigeno": "6 toneladas anuales", "valor_servicios_mxn": "$108450.2 mxn", "_mp": 0, "_mp_n": 1 }, "geometry": { "type": "Polygon", "coordinates": [ [ [ -99.180210034000027, 19.423741380000024 ], [ -99.180280835000019, 19.423334092 ], [ -99.180391284999985, 19.423347977 ], [ -99.180398473000025, 19.423189744000013 ], [ -99.180398086000025, 19.422838972000022 ], [ -99.18038069, 19.422698642 ], [ -99.180351497, 19.422519002 ], [ -99.180305399000019, 19.422386237000012 ], [ -99.180214455, 19.422209242 ], [ -99.180182961000014, 19.422163382 ], [ -99.180146174000015, 19.422130677999974 ], [ -99.180054397, 19.422064186 ], [ -99.180106813, 19.42203858 ], [ -99.18018903, 19.421983424000018 ], [ -99.180227763, 19.421937461000027 ], [ -99.180806571, 19.422161217999985 ], [ -99.180676393, 19.422908082999982 ], [ -99.180683035000015, 19.423105119000013 ], [ -99.180667289999974, 19.423252021 ], [ -99.180743855, 19.423378485 ], [ -99.180880342000023, 19.423594679000018 ], [ -99.181055953999987, 19.423955136000018 ], [ -99.180667673000016, 19.423894344000018 ], [ -99.180677081999988, 19.423822506000022 ], [ -99.180210034000027, 19.423741380000024 ] ] ] } },
{ "type": "Feature", "properties": { "subzona": "4.5", "nombre": "Acceso Bolivar", "area": "0.53 ha", "poblacion": "33", "almacen_carbono": "32.1 toneladas", "captura_carbono": "1.9 toneladas anuales", "reduccion_escorrentia": "44.3 mo anuales", "remocion_contaminantes": "22.9 kg anuales", "produccion_oxigeno": "1.4 toneladas anuales", "valor_servicios_mxn": "$22263.5 mxn", "_mp": 0, "_mp_n": 1 }, "geometry": { "type": "Polygon", "coordinates": [ [ [ -99.178319841000018, 19.42320225200001 ], [ -99.178251675000013, 19.423305568999979 ], [ -99.178245300000015, 19.423303143999988 ], [ -99.178226785, 19.423279574999981 ], [ -99.178169595999975, 19.423186214 ], [ -99.178144539000016, 19.423128444999975 ], [ -99.178135468999983, 19.423100393000027 ], [ -99.178111042000012, 19.422974511 ], [ -99.178087435, 19.422373919 ], [ -99.178161962, 19.422381487 ], [ -99.178276504, 19.422404119000021 ], [ -99.178430476000017, 19.422425998999984 ], [ -99.178610274999983, 19.422464752999986 ], [ -99.178679107, 19.422444322999979 ], [ -99.178732814, 19.422423767999987 ], [ -99.178821880999976, 19.422432328000014 ], [ -99.178938148999976, 19.422420769999974 ], [ -99.178540811, 19.423094807999973 ], [ -99.178421779000018, 19.423031212000012 ], [ -99.178319841000018, 19.42320225200001 ] ] ] } },
{ "type": "Feature", "properties": { "subzona": "4.6", "nombre": "Historico Monumental", "area": "2.76 ha", "poblacion": "302", "almacen_carbono": "538.1 toneladas", "captura_carbono": "15.8 toneladas anuales", "reduccion_escorrentia": "399.7 mo anuales", "remocion_contaminantes": "206.3 kg anuales", "produccion_oxigeno": "11.5 toneladas anuales", "valor_servicios_mxn": "$261631.8 mxn", "_mp": 0, "_mp_n": 1 }, "geometry": { "type": "Polygon", "coordinates": [ [ [ -99.180223442999988, 19.421937039 ], [ -99.180186086, 19.421978065000019 ], [ -99.180101954, 19.422034832 ], [ -99.180053358, 19.422058654000011 ], [ -99.179995393000013, 19.422052220000012 ], [ -99.179929066999989, 19.42207338999998 ], [ -99.179724476, 19.422101248 ], [ -99.179670288000011, 19.422093876000019 ], [ -99.179618166000012, 19.422043528000017 ], [ -99.179584268999974, 19.422011259999977 ], [ -99.179538074999982, 19.421988693 ], [ -99.179450732000021, 19.421979379999982 ], [ -99.179352328, 19.42200082 ], [ -99.179336369999987, 19.422029225000017 ], [ -99.179308073000016, 19.42205335 ], [ -99.179279679, 19.422075812 ], [ -99.179258688, 19.42211656500001 ], [ -99.179246901, 19.422153585 ], [ -99.179240468999978, 19.422188242 ], [ -99.179250293999985, 19.422253824 ], [ -99.179184430000021, 19.422283435 ], [ -99.179133017000026, 19.42230590600002 ], [ -99.178936433, 19.422417531 ], [ -99.178822866000019, 19.422437334999984 ], [ -99.178728813000021, 19.42242434100001 ], [ -99.178672845, 19.422449895 ], [ -99.178610223000021, 19.422463022999978 ], [ -99.178432553, 19.422424407 ], [ -99.178272683999978, 19.422404234999988 ], [ -99.17809401, 19.42237329 ], [ -99.178034948, 19.42213006999998 ], [ -99.178027322, 19.422087178000027 ], [ -99.178019463, 19.421297233000018 ], [ -99.178160832, 19.421284528 ], [ -99.178355878, 19.421278727000015 ], [ -99.178395167000019, 19.421276712 ], [ -99.178420650000021, 19.421280807000016 ], [ -99.178500418999988, 19.421256702999983 ], [ -99.178563048, 19.421230429 ], [ -99.178609154000014, 19.421209477 ], [ -99.178628084000025, 19.421185442000024 ], [ -99.178674347000026, 19.421146631999989 ], [ -99.178708272, 19.421115616 ], [ -99.17873082, 19.421049031 ], [ -99.178743235000013, 19.421007928 ], [ -99.178762833, 19.42091813899998 ], [ -99.178757507, 19.420875331 ], [ -99.178749504, 19.420812619 ], [ -99.178727345000027, 19.420773912000016 ], [ -99.178703427000016, 19.420717366000019 ], [ -99.178645991999986, 19.420660307 ], [ -99.178585990999977, 19.420603367000012 ], [ -99.178503498, 19.420580654999981 ], [ -99.178423010000017, 19.420564868999975 ], [ -99.178392254000016, 19.420510448000016 ], [ -99.178499987, 19.42053432199998 ], [ -99.178981691, 19.42068681500001 ], [ -99.179040472, 19.420702119 ], [ -99.179065147000017, 19.420905402000017 ], [ -99.179195854999989, 19.421127651 ], [ -99.179508801, 19.42140688500001 ], [ -99.179610987, 19.421517041000016 ], [ -99.179803662999973, 19.421657849999974 ], [ -99.179854965, 19.421647612000015 ], [ -99.179703451000023, 19.421546901 ], [ -99.179538007000019, 19.421376657 ], [ -99.179420493, 19.421269977 ], [ -99.179252695, 19.421123474000012 ], [ -99.179116508999982, 19.420898646000012 ], [ -99.179088458000024, 19.420722162 ], [ -99.179176641000026, 19.420767437 ], [ -99.179405585999973, 19.420885458999976 ], [ -99.17947811800002, 19.420928993000018 ], [ -99.179636798999979, 19.421065982000016 ], [ -99.179777449000028, 19.421179424 ], [ -99.179843076, 19.42123002400001 ], [ -99.179872400000022, 19.421260272999973 ], [ -99.180005960000017, 19.421469768 ], [ -99.180085217, 19.421538941999984 ], [ -99.180244983000023, 19.421641508 ], [ -99.180420965, 19.421751312000026 ], [ -99.18048548500002, 19.421795073999988 ], [ -99.180518512, 19.421832414999983 ], [ -99.180612637000024, 19.421965645 ], [ -99.180681809000021, 19.422072119 ], [ -99.180188035000015, 19.421869147999985 ], [ -99.179852755000013, 19.421647598 ], [ -99.179794155000025, 19.421659621 ], [ -99.179812721000019, 19.421668722999982 ], [ -99.179930566999985, 19.421750440999972 ], [ -99.180223442999988, 19.421937039 ] ] ] } },
{ "type": "Feature", "properties": { "subzona": "4.8", "nombre": "Puerta de Leones", "area": "2.76 ha", "poblacion": "501", "almacen_carbono": "663 toneladas", "captura_carbono": "25.6 toneladas anuales", "reduccion_escorrentia": "544.3 mo anuales", "remocion_contaminantes": "281.3 kg anuales", "produccion_oxigeno": "18.6 toneladas anuales", "valor_servicios_mxn": "$340287.7 mxn", "_mp": 0, "_mp_n": 1 }, "geometry": { "type": "Polygon", "coordinates": [ [ [ -99.177564815999972, 19.422313326999983 ], [ -99.177575613999977, 19.422421617999987 ], [ -99.177579072000015, 19.422446163000018 ], [ -99.177579185000013, 19.422549891000017 ], [ -99.177579332999983, 19.42268603399998 ], [ -99.177576096999985, 19.422793876000014 ], [ -99.177560114000016, 19.422925962000022 ], [ -99.177551182, 19.422972539 ], [ -99.177518266, 19.423055759000022 ], [ -99.177475587, 19.423130330999982 ], [ -99.177426296000021, 19.423186127 ], [ -99.177359027000023, 19.423230242999978 ], [ -99.17728433000002, 19.423258014999988 ], [ -99.177220988999977, 19.423270656999989 ], [ -99.177162966000026, 19.42327769000002 ], [ -99.177081539000028, 19.423273278000011 ], [ -99.177030799000022, 19.423266649000027 ], [ -99.176940576999982, 19.423252753999975 ], [ -99.176631204999978, 19.42320510899998 ], [ -99.176538705999974, 19.423190863 ], [ -99.17645237, 19.423017604 ], [ -99.176229541999987, 19.423121080999977 ], [ -99.176072759000022, 19.422831190000011 ], [ -99.176122518999989, 19.422803407 ], [ -99.176081618000012, 19.422725302 ], [ -99.175989669999979, 19.422549716 ], [ -99.176168105999977, 19.422465994 ], [ -99.176188212, 19.422446326999989 ], [ -99.176532754999982, 19.421835327999986 ], [ -99.176534955000022, 19.421807979999983 ], [ -99.176398170000027, 19.42155223200001 ], [ -99.176600355, 19.421198254999979 ], [ -99.176787051000019, 19.42129427499998 ], [ -99.176916856, 19.421331581 ], [ -99.177000237000016, 19.421327486999985 ], [ -99.177250529, 19.421333107 ], [ -99.177439214, 19.421332923000023 ], [ -99.177551871, 19.421332813 ], [ -99.177552803000026, 19.422191417000022 ], [ -99.177564815999972, 19.422313326999983 ] ] ] } },
{ "type": "Feature", "properties": { "subzona": "4.7", "nombre": "Fuente del Idilio del Amor", "area": "0.36 ha", "poblacion": "65", "almacen_carbono": "63 toneladas", "captura_carbono": "3.2 toneladas anuales", "reduccion_escorrentia": "60.4 mo anuales", "remocion_contaminantes": "31.2 kg anuales", "produccion_oxigeno": "2.3 toneladas anuales", "valor_servicios_mxn": "$35224.8 mxn", "_mp": 0, "_mp_n": 1 }, "geometry": { "type": "Polygon", "coordinates": [ [ [ -99.178095034000023, 19.421228505999977 ], [ -99.178090565, 19.421225806 ], [ -99.178088648000028, 19.420978205999972 ], [ -99.178088617000014, 19.420950034999976 ], [ -99.178087284000014, 19.420882645 ], [ -99.178091285, 19.420809362999989 ], [ -99.178097399000023, 19.420741819999989 ], [ -99.17811225600002, 19.420711014 ], [ -99.17814931800001, 19.420689130000028 ], [ -99.178201505, 19.420671842 ], [ -99.17823721000002, 19.420654389 ], [ -99.178264119, 19.42064639900002 ], [ -99.178283645000022, 19.420644106 ], [ -99.178312834999986, 19.42065313 ], [ -99.17834751700002, 19.42064453 ], [ -99.178374559000019, 19.420639398 ], [ -99.178386112, 19.420638734000022 ], [ -99.17841553, 19.420637522999982 ], [ -99.17845335200002, 19.420640151999976 ], [ -99.178492154000025, 19.420648202 ], [ -99.178546055000027, 19.420668496000019 ], [ -99.178595243000018, 19.420697298999983 ], [ -99.178619267999977, 19.420716868999989 ], [ -99.178651312, 19.420751855999981 ], [ -99.178664219999973, 19.420770281999978 ], [ -99.178679527999975, 19.420796961 ], [ -99.178691177000019, 19.420823374 ], [ -99.178701618, 19.420854882000015 ], [ -99.17870770899998, 19.420887102999984 ], [ -99.178709766999987, 19.420915888000025 ], [ -99.178706547, 19.420958456 ], [ -99.178701866999972, 19.420985463000022 ], [ -99.178690793999976, 19.421021876999987 ], [ -99.178679894000027, 19.421045285 ], [ -99.17866605, 19.421068235 ], [ -99.17864993, 19.421090772000014 ], [ -99.178631026, 19.421112560999973 ], [ -99.178591364, 19.421148992999974 ], [ -99.178538249999974, 19.421183016999976 ], [ -99.178497568000012, 19.421201574 ], [ -99.178443816000026, 19.421218733999979 ], [ -99.178419072999986, 19.421223497000028 ], [ -99.178374179, 19.421229935999975 ], [ -99.178179286999978, 19.421233814 ], [ -99.178092955000011, 19.421235532000026 ], [ -99.178095034000023, 19.421228505999977 ] ] ] } },
{ "type": "Feature", "properties": { "subzona": "5.1.1", "nombre": "Fuente Nezahualcoyotl", "area": "1.81 ha", "poblacion": "438", "almacen_carbono": "630.2 toneladas", "captura_carbono": "19.6 toneladas anuales", "reduccion_escorrentia": "506.5 mo anuales", "remocion_contaminantes": "266.1 kg anuales", "produccion_oxigeno": "14.2 toneladas anuales", "valor_servicios_mxn": "$312490.59 mxn", "_mp": 0, "_mp_n": 1 }, "geometry": { "type": "Polygon", "coordinates": [ [ [ -99.190695356999981, 19.419218381 ], [ -99.19148052700001, 19.419235723999975 ], [ -99.191486209, 19.420155373999989 ], [ -99.191483657999981, 19.420670116999986 ], [ -99.191391808999981, 19.420670213999983 ], [ -99.191392332000021, 19.420682758 ], [ -99.191392354000016, 19.420701714000018 ], [ -99.191366463, 19.420701695 ], [ -99.191367594999974, 19.420757590999983 ], [ -99.191288186, 19.420763048000026 ], [ -99.191280780999989, 19.420825407 ], [ -99.189957735, 19.420872617999976 ], [ -99.19004497100002, 19.420812478000016 ], [ -99.190138466, 19.420745430000011 ], [ -99.190205943000024, 19.420693647 ], [ -99.190297179000027, 19.420597296999972 ], [ -99.190379273000019, 19.420485703 ], [ -99.190427979999981, 19.420384581 ], [ -99.190464673, 19.420281139999986 ], [ -99.19052639, 19.420140816000014 ], [ -99.190574423999976, 19.419988757 ], [ -99.190626028, 19.419805874000019 ], [ -99.190661447000025, 19.419641985999988 ], [ -99.190680094000015, 19.419456448 ], [ -99.190696188, 19.419257093999988 ], [ -99.190695356999981, 19.419218381 ] ] ] } },
{ "type": "Feature", "properties": { "subzona": "5.2", "nombre": "Totem", "area": "7.76 ha", "poblacion": "1,241", "almacen_carbono": "2146.2 toneladas", "captura_carbono": "71.2 toneladas anuales", "reduccion_escorrentia": "1712.1 mo anuales", "remocion_contaminantes": "906.7 kg anuales", "produccion_oxigeno": "51.8 toneladas anuales", "valor_servicios_mxn": "$1071214.5 mxn", "_mp": 0, "_mp_n": 1 }, "geometry": { "type": "Polygon", "coordinates": [ [ [ -99.189518029, 19.421068792000028 ], [ -99.18945008999998, 19.421027876999972 ], [ -99.189475765, 19.421003123999981 ], [ -99.189481215, 19.420978580999986 ], [ -99.189470871000026, 19.42092915500001 ], [ -99.189429005000022, 19.420893176999982 ], [ -99.189345783000022, 19.420892935999973 ], [ -99.189324538, 19.420906691000027 ], [ -99.18921887800002, 19.420826616999989 ], [ -99.189060787000017, 19.420701695 ], [ -99.188834233000023, 19.420536602000027 ], [ -99.188761027999988, 19.420441975000017 ], [ -99.188697107, 19.420339119 ], [ -99.18858196399998, 19.420175492 ], [ -99.188498736999975, 19.419910495000011 ], [ -99.188426693999986, 19.419619109999985 ], [ -99.188364695000018, 19.419391082 ], [ -99.188342969000018, 19.419086095000011 ], [ -99.188352972000018, 19.418803468000021 ], [ -99.188345406999986, 19.418712132999985 ], [ -99.188316058999987, 19.418545656 ], [ -99.188297245, 19.418414933 ], [ -99.188254815, 19.418329678000021 ], [ -99.188217156, 19.418226668999978 ], [ -99.188164465, 19.418142459000023 ], [ -99.18808256, 19.417966561000014 ], [ -99.187975393999977, 19.417902755999989 ], [ -99.187882705, 19.41784489600002 ], [ -99.187765356, 19.417771924000021 ], [ -99.187494132999973, 19.417645024000024 ], [ -99.188634771000011, 19.417562947000022 ], [ -99.188839073999986, 19.417555902 ], [ -99.189203458, 19.417536330000019 ], [ -99.189516366000021, 19.417532549999976 ], [ -99.189895695000018, 19.417495466 ], [ -99.190013813, 19.417615813 ], [ -99.190119374, 19.417726376000019 ], [ -99.190226301999985, 19.417827698 ], [ -99.190346036, 19.418041820999974 ], [ -99.190383274999988, 19.418096596999987 ], [ -99.190418443999988, 19.418173583 ], [ -99.190467538, 19.418277053999986 ], [ -99.190513689999989, 19.418400716 ], [ -99.190552621999984, 19.418497065999986 ], [ -99.190594318000024, 19.418703859 ], [ -99.190617893000024, 19.418805032000023 ], [ -99.190602695, 19.418998222000027 ], [ -99.19059308300001, 19.41925489 ], [ -99.190553709000028, 19.419556062000026 ], [ -99.19050908600002, 19.419809568 ], [ -99.190431005999983, 19.42008957500002 ], [ -99.19032761, 19.420313967000027 ], [ -99.190193169, 19.420540969 ], [ -99.190047740000011, 19.420681339999987 ], [ -99.189927071, 19.420780650999973 ], [ -99.189770384999974, 19.42089736600002 ], [ -99.189623655999981, 19.421002938000015 ], [ -99.189518029, 19.421068792000028 ] ] ] } },
{ "type": "Feature", "properties": { "subzona": "5.6", "nombre": "Poetas y lago menor", "area": "4.38 ha", "poblacion": "897", "almacen_carbono": "2586.4 toneladas", "captura_carbono": "45.7 toneladas anuales", "reduccion_escorrentia": "1556.3 mo anuales", "remocion_contaminantes": "823.8 kg anuales", "produccion_oxigeno": "33.2 toneladas anuales", "valor_servicios_mxn": "$1125183.4 mxn", "_mp": 0, "_mp_n": 2 }, "geometry": { "type": "Polygon", "coordinates": [ [ [ -99.186671443000023, 19.421377007 ], [ -99.186664197000027, 19.421412567 ], [ -99.186657376000028, 19.421420544999989 ], [ -99.186646892999988, 19.421428435999985 ], [ -99.186635519, 19.421431448000021 ], [ -99.186561976, 19.421434190000014 ], [ -99.186440467000011, 19.421438952000017 ], [ -99.186293416000012, 19.421441921 ], [ -99.186022407999985, 19.421448125999973 ], [ -99.185822592000022, 19.421452699999975 ], [ -99.18523525, 19.421462812000016 ], [ -99.184865861999981, 19.421469171000012 ], [ -99.18476245, 19.421474692 ], [ -99.184596855, 19.421487517 ], [ -99.184422241, 19.421513206999975 ], [ -99.184307747, 19.421523149 ], [ -99.184262855999975, 19.421468385000026 ], [ -99.184223866000025, 19.421383698 ], [ -99.18418133, 19.42129491999998 ], [ -99.184124325000028, 19.421134785 ], [ -99.184034353000015, 19.420991905 ], [ -99.18396801, 19.420902929000022 ], [ -99.183925772, 19.420840272000021 ], [ -99.183868379999979, 19.420788872 ], [ -99.18381853, 19.420745833000012 ], [ -99.183765831000017, 19.42066974 ], [ -99.183712281, 19.420488702 ], [ -99.18374714700002, 19.420464310999989 ], [ -99.183818149, 19.420395816999985 ], [ -99.184032076999983, 19.420254343000011 ], [ -99.184353371999975, 19.420055973999979 ], [ -99.184552949000022, 19.419846555999982 ], [ -99.184692636000023, 19.41969261700001 ], [ -99.184724107000022, 19.419603216999974 ], [ -99.184765218999985, 19.419536481000023 ], [ -99.184789125, 19.419447976000015 ], [ -99.18482198800001, 19.419394642999976 ], [ -99.184874868, 19.419295713 ], [ -99.184996297999987, 19.41923816100001 ], [ -99.185139952999975, 19.419199037999988 ], [ -99.185290647999977, 19.419220704999987 ], [ -99.185353594999981, 19.419232275000013 ], [ -99.185420693000026, 19.419240788000025 ], [ -99.185503032999975, 19.419249985000022 ], [ -99.185581234999972, 19.419243961 ], [ -99.185628044999987, 19.419260453999982 ], [ -99.18565810299998, 19.419272636000017 ], [ -99.185672824, 19.419289182999989 ], [ -99.185690637, 19.419322323000017 ], [ -99.185712465999984, 19.419345185 ], [ -99.185760234999975, 19.419351909999989 ], [ -99.185798405000014, 19.419348013999979 ], [ -99.18584260199998, 19.419309842000018 ], [ -99.185967373999972, 19.419461696999974 ], [ -99.185969113, 19.419463091000011 ], [ -99.186047562, 19.419561843999986 ], [ -99.186096491, 19.419629984999972 ], [ -99.186155579, 19.419682981999983 ], [ -99.186209174999988, 19.419749280000019 ], [ -99.186302206999983, 19.41985577600002 ], [ -99.186402209, 19.41998922800002 ], [ -99.186560445, 19.42022863 ], [ -99.186579521999988, 19.420302202000016 ], [ -99.186609245, 19.420435211999973 ], [ -99.186626144, 19.420570742999985 ], [ -99.186660819, 19.420798661999982 ], [ -99.186662517, 19.420850245 ], [ -99.186668469999972, 19.420916698999974 ], [ -99.186671460000014, 19.420976097 ], [ -99.186671564, 19.421067048 ], [ -99.186671443000023, 19.421377007 ] ], [ [ -99.185146281000016, 19.421192169999983 ], [ -99.185195111999974, 19.421188948 ], [ -99.185172701999988, 19.42116293700002 ], [ -99.185172701999988, 19.421128796 ], [ -99.185186493, 19.42109465599998 ], [ -99.185227865, 19.421080024 ], [ -99.185267512, 19.421084900999972 ], [ -99.185272579000014, 19.421050326999989 ], [ -99.185295595000014, 19.420994598999982 ], [ -99.185334867, 19.420924456000023 ], [ -99.185311287, 19.420891891999986 ], [ -99.185329162000016, 19.42081665500001 ], [ -99.185315978, 19.420765034999988 ], [ -99.185345982, 19.420559235999974 ], [ -99.185348396999984, 19.420489885999984 ], [ -99.185405667999987, 19.42025892700002 ], [ -99.185253053, 19.420092372 ], [ -99.185103519, 19.420123488 ], [ -99.185073765000027, 19.419910032000018 ], [ -99.184976791, 19.419832026 ], [ -99.184844211999973, 19.419910632999972 ], [ -99.184726722999983, 19.420144060999974 ], [ -99.184659160000024, 19.420226461000027 ], [ -99.184613129000013, 19.420291658999986 ], [ -99.184535348, 19.420336894 ], [ -99.184543508, 19.420412634 ], [ -99.184545231000016, 19.420460618 ], [ -99.184619355999985, 19.420597180000016 ], [ -99.184640042000012, 19.420618315000013 ], [ -99.184696928, 19.420680092999987 ], [ -99.184679689, 19.420748374000027 ], [ -99.184676242000023, 19.420800397 ], [ -99.184681413000021, 19.42083291199998 ], [ -99.184727957, 19.420930456 ], [ -99.184743471, 19.420982480000021 ], [ -99.184767604, 19.420967847999975 ], [ -99.184786566000014, 19.420988982999972 ], [ -99.184786566000014, 19.421010118000027 ], [ -99.184800356999972, 19.421102784000027 ], [ -99.184633147, 19.421135299000014 ], [ -99.184607288999985, 19.421045884000023 ], [ -99.184603842, 19.42100524 ], [ -99.184598670000014, 19.420979229000011 ], [ -99.184559021999974, 19.420943462000025 ], [ -99.184571088999974, 19.420936959000016 ], [ -99.184576259999972, 19.42091745099998 ], [ -99.184543508, 19.420883310000022 ], [ -99.184598670000014, 19.420823158000019 ], [ -99.184624526999983, 19.420766257000025 ], [ -99.184553850999976, 19.420701227 ], [ -99.184533165, 19.420697975999985 ], [ -99.184531441, 19.420641075 ], [ -99.184552127000018, 19.420610185999976 ], [ -99.184581432000016, 19.420597180000016 ], [ -99.184522822000019, 19.420478501 ], [ -99.184510755000019, 19.420475249 ], [ -99.184465935999981, 19.420485004 ], [ -99.184431459, 19.420475249 ], [ -99.184275375000027, 19.420381695 ], [ -99.184094164999976, 19.420468008 ], [ -99.183972557, 19.420519145000014 ], [ -99.183892394, 19.420553314000017 ], [ -99.183914846, 19.420662209999989 ], [ -99.1839663, 19.420702291999987 ], [ -99.184102879000022, 19.420771036000019 ], [ -99.1841321, 19.420853594 ], [ -99.184168759999977, 19.42083567100002 ], [ -99.184274394, 19.420913676999987 ], [ -99.184207185, 19.421002068 ], [ -99.184276047000026, 19.421039864000022 ], [ -99.184260680000023, 19.421073143 ], [ -99.184338654999976, 19.421111602999986 ], [ -99.184358792000012, 19.421101894 ], [ -99.184444090999989, 19.421154660000013 ], [ -99.184434479, 19.421179597999981 ], [ -99.184801832, 19.421196426999984 ], [ -99.184812175, 19.421281782999984 ], [ -99.184863428000028, 19.421279654999978 ], [ -99.18485797400001, 19.421214594999981 ], [ -99.184882641, 19.421195086000012 ], [ -99.185146281000016, 19.421192169999983 ] ] ] } },
{ "type": "Feature", "properties": { "subzona": "5.6", "nombre": "Poetas y lago menor", "area": "4.38 ha", "poblacion": "897", "almacen_carbono": "2586.4 toneladas", "captura_carbono": "45.7 toneladas anuales", "reduccion_escorrentia": "1556.3 mo anuales", "remocion_contaminantes": "823.8 kg anuales", "produccion_oxigeno": "33.2 toneladas anuales", "valor_servicios_mxn": "$1125183.4 mxn", "_mp": 1, "_mp_n": 2 }, "geometry": { "type": "Polygon", "coordinates": [ [ [ -99.185133835999977, 19.420974097 ], [ -99.185127623000028, 19.420988056999988 ], [ -99.185114011999985, 19.421005392999973 ], [ -99.185101949, 19.421013120999987 ], [ -99.185087737, 19.421017144000018 ], [ -99.185074647000022, 19.42102120200002 ], [ -99.185050661, 19.421017586 ], [ -99.185025266000025, 19.421007482999983 ], [ -99.185012579999977, 19.42099529 ], [ -99.185004772000013, 19.420985085999973 ], [ -99.184999807999986, 19.420975723000026 ], [ -99.184995743, 19.420960956999977 ], [ -99.184996418000026, 19.420945234999976 ], [ -99.185003535000021, 19.420922469 ], [ -99.185009004999984, 19.420911696000019 ], [ -99.185021356, 19.420901345 ], [ -99.185052528000028, 19.420883947999982 ], [ -99.18506682200001, 19.420882657999982 ], [ -99.185081678000017, 19.420885035000026 ], [ -99.185095525, 19.420887994999987 ], [ -99.185107507999987, 19.420896347999985 ], [ -99.185117459000026, 19.420903784000018 ], [ -99.185123366000028, 19.420914019 ], [ -99.185129427999982, 19.420925228999977 ], [ -99.185135445000014, 19.420940518 ], [ -99.185136202000024, 19.420954542 ], [ -99.185133835999977, 19.420974097 ] ] ] } },
{ "type": "Feature", "properties": { "subzona": "5.5", "nombre": "Falda Castillo oeste", "area": "2.24 ha", "poblacion": "469", "almacen_carbono": "878.7 toneladas", "captura_carbono": "22.4 toneladas anuales", "reduccion_escorrentia": "559 mo anuales", "remocion_contaminantes": "296 kg anuales", "produccion_oxigeno": "16.3 toneladas anuales", "valor_servicios_mxn": "$393272.1 mxn", "_mp": 0, "_mp_n": 1 }, "geometry": { "type": "Polygon", "coordinates": [ [ [ -99.186294566000015, 19.417732509000018 ], [ -99.186119341, 19.417986254000027 ], [ -99.186037268, 19.418105105 ], [ -99.185926183, 19.418265494000025 ], [ -99.185852378, 19.418435687999988 ], [ -99.185801841999989, 19.418599187999973 ], [ -99.185772423, 19.418770681000012 ], [ -99.185766225, 19.418907032 ], [ -99.185768097, 19.418986942 ], [ -99.185771523000028, 19.419034877 ], [ -99.185768363000022, 19.419061801999987 ], [ -99.185781755, 19.419167488000028 ], [ -99.185815075999983, 19.419184518 ], [ -99.185845307000022, 19.419215735000023 ], [ -99.18585544299998, 19.419264656999985 ], [ -99.185829255999977, 19.419315902 ], [ -99.185760411999979, 19.419338709999977 ], [ -99.185702591999984, 19.419319347 ], [ -99.185684318000028, 19.419279615999983 ], [ -99.185644625, 19.419257411 ], [ -99.18558828, 19.419238455000027 ], [ -99.185508907999974, 19.419241437999972 ], [ -99.185423023, 19.419236771999977 ], [ -99.185356883, 19.419227010999975 ], [ -99.185295021, 19.419210722 ], [ -99.18514324, 19.419196466000017 ], [ -99.185005655999987, 19.419218167 ], [ -99.184877171999972, 19.419278298 ], [ -99.184898896, 19.419134954000015 ], [ -99.184910323, 19.418991715 ], [ -99.184895085, 19.418889996000019 ], [ -99.184856497, 19.41878219900002 ], [ -99.184800607, 19.418676243 ], [ -99.184748316000025, 19.418585372999985 ], [ -99.184705439000027, 19.418471045999979 ], [ -99.184571021000011, 19.418338037000012 ], [ -99.184415483, 19.418218966999973 ], [ -99.184273642, 19.418128231000026 ], [ -99.18394602, 19.417970755999988 ], [ -99.183708388000014, 19.417862567999975 ], [ -99.184745920000012, 19.41781054 ], [ -99.186294566000015, 19.417732509000018 ] ] ] } },
{ "type": "Feature", "properties": { "subzona": "5.8", "nombre": "Falda Castillo noreste", "area": "1.23 ha", "poblacion": "273", "almacen_carbono": "343.94 toneladas", "captura_carbono": "11.2 toneladas anuales", "reduccion_escorrentia": "266.2 mo anuales", "remocion_contaminantes": "139.5 kg anuales", "produccion_oxigeno": "8.1 toneladas anuales", "valor_servicios_mxn": "$167406.59 mxn", "_mp": 0, "_mp_n": 1 }, "geometry": { "type": "Polygon", "coordinates": [ [ [ -99.181576813999982, 19.421677767 ], [ -99.182389772000022, 19.421973031 ], [ -99.182282502000021, 19.42200585400002 ], [ -99.182132889, 19.422039553 ], [ -99.18191357, 19.422080358000017 ], [ -99.18170746200002, 19.422103209999989 ], [ -99.181507004000025, 19.422114233 ], [ -99.181318759000021, 19.422111847 ], [ -99.181117605999987, 19.422098193000011 ], [ -99.180963451000025, 19.422079015 ], [ -99.180799222000019, 19.422039848999987 ], [ -99.180713261, 19.422021195000013 ], [ -99.180677955000021, 19.422015137000017 ], [ -99.180635212000027, 19.421943344999988 ], [ -99.180520602, 19.421801685999981 ], [ -99.180417267999985, 19.421689534 ], [ -99.180297570999983, 19.421603225000013 ], [ -99.180157861999987, 19.42152605299998 ], [ -99.180065722, 19.421456800999977 ], [ -99.180012347, 19.42140552799998 ], [ -99.179966751, 19.421341887999972 ], [ -99.179931765999982, 19.421292074 ], [ -99.179939499, 19.421249934 ], [ -99.179971102000025, 19.421199925999986 ], [ -99.180052032999981, 19.421175515000016 ], [ -99.180179636999981, 19.421191003999979 ], [ -99.180363660000012, 19.42122224000002 ], [ -99.180686614000024, 19.421268218000023 ], [ -99.180726106, 19.421317153000018 ], [ -99.180763323, 19.421369309 ], [ -99.180817370999989, 19.421428339999977 ], [ -99.18087227, 19.421481277 ], [ -99.180922813, 19.421521301999974 ], [ -99.181000088000019, 19.421572927999989 ], [ -99.181108314000028, 19.421635303000016 ], [ -99.18119019400001, 19.421666400999982 ], [ -99.181293794999988, 19.421689470999979 ], [ -99.181398261000027, 19.421702068 ], [ -99.18147574, 19.421694425 ], [ -99.181547309999985, 19.421679014 ], [ -99.181576813999982, 19.421677767 ] ] ] } },
{ "type": "Feature", "properties": { "subzona": "5.9", "nombre": "Falda Castillo oeste", "area": "1.42 ha", "poblacion": "268", "almacen_carbono": "786.84 toneladas", "captura_carbono": "13.4 toneladas anuales", "reduccion_escorrentia": "394.4 mo anuales", "remocion_contaminantes": "206.4 kg anuales", "produccion_oxigeno": "9.7 toneladas anuales", "valor_servicios_mxn": "$315250.77 mxn", "_mp": 0, "_mp_n": 1 }, "geometry": { "type": "Polygon", "coordinates": [ [ [ -99.180725988, 19.421212266 ], [ -99.180649765999988, 19.421226036 ], [ -99.180565484, 19.421184515 ], [ -99.180455151, 19.421154629 ], [ -99.180240610999988, 19.421150222 ], [ -99.180083090999972, 19.421147084999973 ], [ -99.179949035999982, 19.421152876 ], [ -99.179865201999974, 19.421167487 ], [ -99.179788971999983, 19.421149252000021 ], [ -99.179723, 19.421110645 ], [ -99.179618039, 19.421022623 ], [ -99.179527754, 19.420950534999974 ], [ -99.179384683000023, 19.420846697 ], [ -99.179250266, 19.420784993999973 ], [ -99.179191445000015, 19.420655392000015 ], [ -99.17917931400001, 19.420536864999974 ], [ -99.179154770000025, 19.420408141 ], [ -99.179128198, 19.420305757999984 ], [ -99.179160631, 19.420202201999984 ], [ -99.179208664999976, 19.420118091 ], [ -99.179291278999983, 19.420094555 ], [ -99.179338345000019, 19.420125208 ], [ -99.179357654, 19.420192225 ], [ -99.17937310100001, 19.420273246000022 ], [ -99.179463758, 19.420289583 ], [ -99.179554564, 19.420288987 ], [ -99.179684065, 19.420290635000015 ], [ -99.179828816999986, 19.420271312000011 ], [ -99.179993266, 19.420225663999986 ], [ -99.180087128000025, 19.42018691200002 ], [ -99.180137249999973, 19.420150442000022 ], [ -99.180190311, 19.420111833000021 ], [ -99.180239038000025, 19.420074401000022 ], [ -99.180332398000019, 19.420223626 ], [ -99.180402645000015, 19.420345657999974 ], [ -99.180463525999983, 19.420477835999975 ], [ -99.180547441999977, 19.420651018 ], [ -99.180599524, 19.420838103 ], [ -99.180647872, 19.420986766999988 ], [ -99.180692614, 19.421032965 ], [ -99.180718582999987, 19.42112387200001 ], [ -99.180725988, 19.421212266 ] ] ] } },
{ "type": "Feature", "properties": { "subzona": "6.2", "nombre": "Ahuehuetes", "area": "4.96 ha", "poblacion": "1029", "almacen_carbono": "2288.28 toneladas", "captura_carbono": "58.22 toneladas anuales", "reduccion_escorrentia": "1443.5 mo anuales", "remocion_contaminantes": "764.54 kg anuales", "produccion_oxigeno": "42.34 toneladas anuales", "valor_servicios_mxn": "$1012016.4 mxn", "_mp": 0, "_mp_n": 1 }, "geometry": { "type": "Polygon", "coordinates": [ [ [ -99.186368007, 19.417654976999984 ], [ -99.186355040000024, 19.41766475999998 ], [ -99.183449360999987, 19.417812708999975 ], [ -99.183398184999987, 19.417819021000014 ], [ -99.183363406000012, 19.417826962999982 ], [ -99.183337483, 19.417833544000018 ], [ -99.183310279000011, 19.417841786999986 ], [ -99.183281543000021, 19.417852127 ], [ -99.18327885399998, 19.417807096999979 ], [ -99.183275955999989, 19.417791943999987 ], [ -99.183265597, 19.417749182000023 ], [ -99.183250355999974, 19.417714558 ], [ -99.183232667000027, 19.417688693 ], [ -99.183209563, 19.417657827000028 ], [ -99.183182672999976, 19.417632160999972 ], [ -99.183107969, 19.417548561 ], [ -99.183000653000022, 19.41735717 ], [ -99.182910429, 19.417193777000023 ], [ -99.1831707, 19.417062448000024 ], [ -99.183425953999972, 19.41693462 ], [ -99.183633360999977, 19.416830753999989 ], [ -99.183948077000025, 19.416691813 ], [ -99.184107860999973, 19.416632719 ], [ -99.184310790999973, 19.416570870999976 ], [ -99.184539105999988, 19.416510451000022 ], [ -99.184792644000026, 19.416449779 ], [ -99.185020220000013, 19.416401668 ], [ -99.185271784, 19.416362588000027 ], [ -99.185426650000011, 19.416354007 ], [ -99.185627665000027, 19.416351940000027 ], [ -99.185859887999982, 19.416361183 ], [ -99.186148606000017, 19.416369491000012 ], [ -99.186458155000025, 19.416395790000024 ], [ -99.186792389, 19.416456370999981 ], [ -99.186788335000017, 19.416493678999984 ], [ -99.186776883, 19.416596906999985 ], [ -99.186772862, 19.416730511000026 ], [ -99.186748296000019, 19.41691298 ], [ -99.186720803000014, 19.417026696999983 ], [ -99.186641064000014, 19.417233695 ], [ -99.186473157000023, 19.417492747999972 ], [ -99.186368007, 19.417654976999984 ] ] ] } },
{ "type": "Feature", "properties": { "subzona": "6.4", "nombre": "Quinta Colorada", "area": "1.96 ha", "poblacion": "405", "almacen_carbono": "799.44 toneladas", "captura_carbono": "18.03 toneladas anuales", "reduccion_escorrentia": "636.8 mo anuales", "remocion_contaminantes": "337.23 kg anuales", "produccion_oxigeno": "13.11 toneladas anuales", "valor_servicios_mxn": "$392871.6 mxn", "_mp": 0, "_mp_n": 1 }, "geometry": { "type": "Polygon", "coordinates": [ [ [ -99.180572397999981, 19.419455524999989 ], [ -99.180508646000021, 19.419421401000022 ], [ -99.180483063999986, 19.419424219 ], [ -99.180473334, 19.41942022500001 ], [ -99.180467828000019, 19.419420221 ], [ -99.180434605000016, 19.419412636 ], [ -99.18040629799998, 19.419397075 ], [ -99.180386757, 19.419383692 ], [ -99.180356937, 19.419344392000028 ], [ -99.180349232000026, 19.419327735000024 ], [ -99.180340187000013, 19.419308183 ], [ -99.180334406999975, 19.419263973 ], [ -99.180332720000024, 19.419244615000025 ], [ -99.180334523999989, 19.419232361000013 ], [ -99.180335752000019, 19.41922402199998 ], [ -99.180335744999979, 19.419217087999982 ], [ -99.180332292, 19.41921212 ], [ -99.18032615300001, 19.419207326999981 ], [ -99.180271198000014, 19.419160740999985 ], [ -99.180252925, 19.419157433 ], [ -99.180237209999973, 19.419150842000022 ], [ -99.180222986999979, 19.419140283 ], [ -99.180215384, 19.419130204999988 ], [ -99.180143281000028, 19.419098140000017 ], [ -99.180134765999981, 19.419098844000018 ], [ -99.180125617999977, 19.419095509999977 ], [ -99.180119323999975, 19.41908927999998 ], [ -99.180116946, 19.419083661 ], [ -99.180116559, 19.419078258000013 ], [ -99.180102202, 19.419041138000011 ], [ -99.180092912000021, 19.419038264 ], [ -99.180033956999978, 19.41900958399998 ], [ -99.180007667999973, 19.419010432999983 ], [ -99.179991238000014, 19.41900264100002 ], [ -99.180497022999987, 19.418047716 ], [ -99.180619464000017, 19.417853474000026 ], [ -99.180681435, 19.417767559000026 ], [ -99.180738255, 19.417709275999982 ], [ -99.180803227000013, 19.417649755000014 ], [ -99.180893347999984, 19.417584198999975 ], [ -99.180933772, 19.417554794000011 ], [ -99.180954402999987, 19.41754806199998 ], [ -99.180978692, 19.417564657000014 ], [ -99.181050089999985, 19.417648 ], [ -99.181091691, 19.417661198000019 ], [ -99.181128503000025, 19.417675404000022 ], [ -99.181196665000016, 19.417706966000026 ], [ -99.181239683, 19.417737902999988 ], [ -99.181266731, 19.417760523000027 ], [ -99.181336495999972, 19.417822538999985 ], [ -99.181364777999988, 19.417841561999978 ], [ -99.181398348000016, 19.417870248999975 ], [ -99.181430918999979, 19.417908696999973 ], [ -99.181445035000024, 19.417933194 ], [ -99.18146208600001, 19.418003520000013 ], [ -99.181478425000023, 19.418074897999986 ], [ -99.181473380999989, 19.418113854000012 ], [ -99.181456901999979, 19.418213123999976 ], [ -99.181452077000017, 19.418323295 ], [ -99.181453749000013, 19.418370115000016 ], [ -99.181469606, 19.418436451 ], [ -99.181471566000027, 19.418460993999986 ], [ -99.181465893, 19.418489855000018 ], [ -99.181457451000028, 19.418510861000016 ], [ -99.181450429, 19.418519792999973 ], [ -99.181440029999976, 19.418530856000018 ], [ -99.181416015000025, 19.41855016 ], [ -99.181403911000018, 19.418557688000021 ], [ -99.1814182, 19.41860126 ], [ -99.181474346000016, 19.418596288 ], [ -99.181567439, 19.418592875 ], [ -99.181592546, 19.418592849999982 ], [ -99.181648299000017, 19.41859925 ], [ -99.181723937000015, 19.418614079 ], [ -99.181790574, 19.418630891000021 ], [ -99.181837498999982, 19.418651512 ], [ -99.181708241000024, 19.418727826 ], [ -99.181673581999974, 19.418746293000027 ], [ -99.181631434999986, 19.418767278000018 ], [ -99.181535683999982, 19.418807417999972 ], [ -99.181424949000018, 19.418847797000012 ], [ -99.181118503999983, 19.418959541999982 ], [ -99.180957423, 19.419020397 ], [ -99.180875075000017, 19.419069488 ], [ -99.180807978000018, 19.419137605 ], [ -99.180653114, 19.419376839 ], [ -99.180625717999988, 19.419420086 ], [ -99.18059630099998, 19.419442036000021 ], [ -99.180572397999981, 19.419455524999989 ] ] ] } },
{ "type": "Feature", "properties": { "subzona": "6.1", "nombre": "Cuchilla", "area": "3 ha", "poblacion": "627", "almacen_carbono": "1113.82 toneladas", "captura_carbono": "28.53 toneladas anuales", "reduccion_escorrentia": "718.8 mo anuales", "remocion_contaminantes": "381.25 kg anuales", "produccion_oxigeno": "20.75 toneladas anuales", "valor_servicios_mxn": "$497824.2 mxn", "_mp": 0, "_mp_n": 1 }, "geometry": { "type": "Polygon", "coordinates": [ [ [ -99.186448580999979, 19.417659437999987 ], [ -99.186687743999983, 19.417270926000015 ], [ -99.186755162999987, 19.417129207000016 ], [ -99.186779836000028, 19.417065243000025 ], [ -99.186821591000012, 19.416896222 ], [ -99.186818255, 19.416810565999981 ], [ -99.186818351999989, 19.416741504000015 ], [ -99.18683374, 19.416545813000027 ], [ -99.186832546, 19.416452142000026 ], [ -99.186963972, 19.416484692999973 ], [ -99.187218154, 19.416541142000028 ], [ -99.187494104, 19.41661394800002 ], [ -99.18772938799998, 19.416677549999974 ], [ -99.187998639999989, 19.416750214 ], [ -99.188102387000015, 19.416575458000011 ], [ -99.188304325, 19.416662426000016 ], [ -99.188644329999988, 19.416757641 ], [ -99.189022206, 19.416856806 ], [ -99.189359501000013, 19.416994079 ], [ -99.18961764, 19.417102289000013 ], [ -99.190048817, 19.417371091 ], [ -99.189870785999972, 19.417482536000023 ], [ -99.189764449999984, 19.417490144 ], [ -99.189452873, 19.417506444000026 ], [ -99.188799475, 19.417539969000018 ], [ -99.187537303999989, 19.417606093000018 ], [ -99.186448580999979, 19.417659437999987 ] ] ] } },
{ "type": "Feature", "properties": { "subzona": "6.5", "nombre": "Audiorama", "area": "0.1 ha", "poblacion": "93", "almacen_carbono": "65.04 toneladas", "captura_carbono": "2.11 toneladas anuales", "reduccion_escorrentia": "41.5 mo anuales", "remocion_contaminantes": "22.17 kg anuales", "produccion_oxigeno": "1.53 toneladas anuales", "valor_servicios_mxn": "$29123.7 mxn", "_mp": 0, "_mp_n": 1 }, "geometry": { "type": "Polygon", "coordinates": [ [ [ -99.181138508, 19.419649612 ], [ -99.181124324, 19.41964422 ], [ -99.181120696999983, 19.41959168 ], [ -99.181065385000011, 19.419558986000027 ], [ -99.180995429, 19.419553321000024 ], [ -99.180954957999973, 19.419538631000023 ], [ -99.180953733000024, 19.419541622999986 ], [ -99.180937630000017, 19.419537256000012 ], [ -99.180944956000019, 19.419520827999975 ], [ -99.180948444000023, 19.419522342999983 ], [ -99.180962930000021, 19.419486324 ], [ -99.180951705999973, 19.419482784000024 ], [ -99.181018699, 19.419321023 ], [ -99.181029677000026, 19.419325178 ], [ -99.181044086999975, 19.419289908999986 ], [ -99.181040638000013, 19.419288592999976 ], [ -99.181047800999977, 19.41927169600001 ], [ -99.181061514000021, 19.419277077 ], [ -99.181061375000013, 19.419280728 ], [ -99.181089295999982, 19.419291066000028 ], [ -99.181112424999981, 19.419299630000012 ], [ -99.181122792999986, 19.41930557400002 ], [ -99.18114007600002, 19.419317793 ], [ -99.181157814000017, 19.419293754000023 ], [ -99.181255485, 19.419311198 ], [ -99.181345869999973, 19.41934227500002 ], [ -99.181393160000027, 19.419424026 ], [ -99.18139921300002, 19.419434490000015 ], [ -99.181392242000015, 19.419447698999988 ], [ -99.18132153800002, 19.419481006000012 ], [ -99.181248095, 19.419452153 ], [ -99.181138508, 19.419649612 ] ] ] } },
{ "type": "Feature", "properties": { "subzona": "7.1", "nombre": "Hormiga", "area": "2.32 ha", "poblacion": "793", "almacen_carbono": "755.1 toneladas", "captura_carbono": "31.93 toneladas anuales", "reduccion_escorrentia": "699.1 mo anuales", "remocion_contaminantes": "367.96 kg anuales", "produccion_oxigeno": "23.22 toneladas anuales", "valor_servicios_mxn": "$403213.02 mxn", "_mp": 0, "_mp_n": 1 }, "geometry": { "type": "Polygon", "coordinates": [ [ [ -99.190355308999983, 19.41527996100001 ], [ -99.189529134, 19.415401117999977 ], [ -99.189776186000017, 19.41520993 ], [ -99.189736886999981, 19.41494151 ], [ -99.189706419, 19.414823925 ], [ -99.189616808999972, 19.414708113000017 ], [ -99.189525342000024, 19.414609267 ], [ -99.189259578000019, 19.414304664999975 ], [ -99.189079204999985, 19.414092041 ], [ -99.189078527999982, 19.414066758 ], [ -99.189050694, 19.41385127 ], [ -99.189000533000012, 19.413484144 ], [ -99.189478812, 19.413245393000011 ], [ -99.189941460999989, 19.413016885 ], [ -99.190312332000019, 19.414338429999987 ], [ -99.190520747, 19.415075726 ], [ -99.190355308999983, 19.41527996100001 ] ] ] } },
{ "type": "Feature", "properties": { "subzona": "7.2", "nombre": "Hormiga 2", "area": "3.96 ha", "poblacion": "1,086", "almacen_carbono": "1218.18 toneladas", "captura_carbono": "43.22 toneladas anuales", "reduccion_escorrentia": "926.1 mo anuales", "remocion_contaminantes": "486.61 kg anuales", "produccion_oxigeno": "31.43 toneladas anuales", "valor_servicios_mxn": "$587495.35 mxn", "_mp": 0, "_mp_n": 1 }, "geometry": { "type": "Polygon", "coordinates": [ [ [ -99.187972804000026, 19.415975794000019 ], [ -99.187996105000025, 19.415580442000021 ], [ -99.187985016000027, 19.41441205000001 ], [ -99.18800511500001, 19.414137605 ], [ -99.188011980999988, 19.414008921 ], [ -99.188998937, 19.413485579999985 ], [ -99.189049292999982, 19.4138524 ], [ -99.189077257, 19.414066919 ], [ -99.189076961000012, 19.414092502000017 ], [ -99.189087154, 19.414180857000019 ], [ -99.189227201999984, 19.414343226000028 ], [ -99.18929188300001, 19.41442392 ], [ -99.189341872999989, 19.414510490999987 ], [ -99.189456813, 19.414650274999985 ], [ -99.189536253000028, 19.414724692 ], [ -99.189647524, 19.414842459 ], [ -99.189682969999978, 19.414904412999988 ], [ -99.189697304, 19.414982711999983 ], [ -99.189675438999984, 19.41519004700001 ], [ -99.189645401, 19.415275568000027 ], [ -99.189562942, 19.415335804999984 ], [ -99.189453338000021, 19.41541938 ], [ -99.189369017, 19.415508688999978 ], [ -99.18929246099998, 19.415596208000011 ], [ -99.189220836, 19.415718008999988 ], [ -99.189147110000022, 19.415851222000015 ], [ -99.189104957999973, 19.415953109999975 ], [ -99.189044436000017, 19.41608362300002 ], [ -99.188947596, 19.416258545 ], [ -99.188914705, 19.41631159100001 ], [ -99.18869018800001, 19.416332114 ], [ -99.188341058999981, 19.416345601999978 ], [ -99.188127252000015, 19.41636315 ], [ -99.188059204000012, 19.416394301000025 ], [ -99.188002164000011, 19.416484991 ], [ -99.18796697, 19.416467391000026 ], [ -99.187959891999981, 19.416282145000025 ], [ -99.187956939, 19.416176564000011 ], [ -99.187972804000026, 19.415975794000019 ] ] ] } },
{ "type": "Feature", "properties": { "subzona": "7.3", "nombre": "Constituyentes 1", "area": "4.84 ha", "poblacion": "1074", "almacen_carbono": "2264.66 toneladas", "captura_carbono": "62.1 toneladas anuales", "reduccion_escorrentia": "1387.3 mo anuales", "remocion_contaminantes": "731.22 kg anuales", "produccion_oxigeno": "45.16 toneladas anuales", "valor_servicios_mxn": "$988912.65 mxn", "_mp": 0, "_mp_n": 1 }, "geometry": { "type": "Polygon", "coordinates": [ [ [ -99.185248965000028, 19.416184407 ], [ -99.1848794, 19.415524917000027 ], [ -99.185441057, 19.415309475000015 ], [ -99.185778986, 19.415172612 ], [ -99.187132012, 19.414462189 ], [ -99.187188043, 19.414433275000022 ], [ -99.187844294, 19.41408584200002 ], [ -99.187860268, 19.414325811000026 ], [ -99.187856609999983, 19.415337844000021 ], [ -99.187865826, 19.415746005000017 ], [ -99.187777521999976, 19.415801902999988 ], [ -99.187798120000025, 19.416030652000018 ], [ -99.187812834, 19.416051138 ], [ -99.187852360000022, 19.416108670000028 ], [ -99.187882478, 19.416246836000028 ], [ -99.187933967, 19.416466752000019 ], [ -99.187925561999975, 19.416528034 ], [ -99.187883539999973, 19.416552471999978 ], [ -99.187211002000026, 19.416389330000015 ], [ -99.186902569999972, 19.416333397000017 ], [ -99.186317147000011, 19.416234531999976 ], [ -99.186060284, 19.416201774 ], [ -99.185754567, 19.416178886000012 ], [ -99.185557648999975, 19.416171608000013 ], [ -99.18532682, 19.416178317 ], [ -99.185248965000028, 19.416184407 ] ] ] } },
{ "type": "Feature", "properties": { "subzona": "4.1", "nombre": "Acceso Grutas", "area": "0.74 ha", "poblacion": "179", "almacen_carbono": "182.5 toneladas", "captura_carbono": "5.9 toneladas anuales", "reduccion_escorrentia": "158.1 mo anuales", "remocion_contaminantes": "81.8 kg anuales", "produccion_oxigeno": "4.3 toneladas anuales", "valor_servicios_mxn": "$96067.2 mxn", "_mp": 0, "_mp_n": 1 }, "geometry": { "type": "Polygon", "coordinates": [ [ [ -99.184245976, 19.424456666000026 ], [ -99.183996375, 19.423868785000025 ], [ -99.18398080999998, 19.423836366999979 ], [ -99.183962330999975, 19.42379093 ], [ -99.183922769999981, 19.423689067 ], [ -99.183867037000027, 19.423554078 ], [ -99.183831591, 19.423471800000016 ], [ -99.183815197, 19.423397899 ], [ -99.183804345999988, 19.423359369000025 ], [ -99.183806641, 19.42333678 ], [ -99.183822055, 19.423323559999972 ], [ -99.183842298, 19.423294429 ], [ -99.183846846, 19.423248544999979 ], [ -99.183882215999972, 19.423144679000018 ], [ -99.183928557, 19.423045646 ], [ -99.184044014999984, 19.423031405000017 ], [ -99.184116033, 19.423025946 ], [ -99.184152144, 19.423024677 ], [ -99.184186706, 19.423022161 ], [ -99.184344211, 19.422986622999986 ], [ -99.184370527999988, 19.423103974000014 ], [ -99.184416914999986, 19.423268400999973 ], [ -99.184465911000018, 19.423441374999982 ], [ -99.18448874, 19.423565699 ], [ -99.184573883999974, 19.423816111 ], [ -99.184603622, 19.423936191 ], [ -99.184737070999972, 19.42425967600002 ], [ -99.184800587999973, 19.424397694 ], [ -99.184854238000014, 19.424555754999972 ], [ -99.184585529, 19.424513133 ], [ -99.184245976, 19.424456666000026 ] ] ] } },
{ "type": "Feature", "properties": { "subzona": "1.4", "nombre": "Memorial", "area": "1.46 ha", "poblacion": "236", "almacen_carbono": "243.7 toneladas", "captura_carbono": "9.4 toneladas anuales", "reduccion_escorrentia": "235.3 mo anuales", "remocion_contaminantes": "120.7 kg anuales", "produccion_oxigeno": "6.8 toneladas anuales", "valor_servicios_mxn": "$131055.3 mxn", "_mp": 0, "_mp_n": 1 }, "geometry": { "type": "Polygon", "coordinates": [ [ [ -99.198854411000013, 19.42503586700002 ], [ -99.198939412000016, 19.424829526 ], [ -99.198949842, 19.424643487000026 ], [ -99.199005069, 19.424489752 ], [ -99.198996395, 19.424367427999982 ], [ -99.199051726999983, 19.424300640000013 ], [ -99.199094189999983, 19.424167139000019 ], [ -99.199145692, 19.423838559999979 ], [ -99.199305873000014, 19.424095174 ], [ -99.199486074, 19.424346983000021 ], [ -99.199507428, 19.424400462 ], [ -99.199534504999974, 19.424535789 ], [ -99.199560954, 19.42467863600001 ], [ -99.199579590999974, 19.424777025000026 ], [ -99.199566905999973, 19.424939395000024 ], [ -99.199545794000016, 19.425092397000014 ], [ -99.199493983000025, 19.425182775 ], [ -99.19944719, 19.425261686 ], [ -99.199343338, 19.425440690000016 ], [ -99.199114828, 19.425607115999981 ], [ -99.198959437999974, 19.425736638999979 ], [ -99.198884771999985, 19.425812189 ], [ -99.198793121, 19.425896661000024 ], [ -99.198714578000022, 19.425958550000018 ], [ -99.198623355999985, 19.426031992999981 ], [ -99.198503582, 19.426205224 ], [ -99.198463028999981, 19.426334261000022 ], [ -99.198431998, 19.426495155 ], [ -99.198411224999973, 19.426606731 ], [ -99.198243518000027, 19.426577910999981 ], [ -99.197983107000027, 19.426539131000027 ], [ -99.198054594999974, 19.42632073599998 ], [ -99.198180061000016, 19.426088064999988 ], [ -99.198305608, 19.42592212 ], [ -99.198403483999982, 19.425786537000022 ], [ -99.19853536, 19.425568012999975 ], [ -99.19859062, 19.425440563999985 ], [ -99.198682151000014, 19.425345428000014 ], [ -99.19874594700002, 19.425228080000011 ], [ -99.198854411000013, 19.42503586700002 ] ] ] } },
{ "type": "Feature", "properties": { "subzona": "1.5", "nombre": "Estacionamiento Ecologico", "area": "5.24 ha", "poblacion": "586", "almacen_carbono": "783.2 toneladas", "captura_carbono": "27.9 toneladas anuales", "reduccion_escorrentia": "517.6 mo anuales", "remocion_contaminantes": "273.5 kg anuales", "produccion_oxigeno": "20.3 toneladas anuales", "valor_servicios_mxn": "$356190.6 mxn", "_mp": 0, "_mp_n": 1 }, "geometry": { "type": "Polygon", "coordinates": [ [ [ -99.194097094000028, 19.422698936000018 ], [ -99.194265699000027, 19.422881884999981 ], [ -99.193880772, 19.425062217 ], [ -99.193778306000013, 19.425547533999975 ], [ -99.193677803000014, 19.425517534999983 ], [ -99.193661285000019, 19.425561085000027 ], [ -99.193674041, 19.425569536000012 ], [ -99.193677872000023, 19.425575579 ], [ -99.193698304, 19.425608206999982 ], [ -99.193579711999973, 19.42556238100002 ], [ -99.193574602000012, 19.425552713 ], [ -99.193582229000015, 19.425535775000014 ], [ -99.193434301000025, 19.425473051999973 ], [ -99.193286379000028, 19.425415165 ], [ -99.193215835, 19.425378951000027 ], [ -99.193194638000023, 19.425391666 ], [ -99.19310357, 19.425407385000028 ], [ -99.193062226, 19.42539216 ], [ -99.193128135, 19.425247660000025 ], [ -99.193109266000022, 19.425240270000018 ], [ -99.193071874, 19.425147227000025 ], [ -99.192941448999989, 19.425150530999986 ], [ -99.192788297999982, 19.42510857000002 ], [ -99.192694968000012, 19.425051669000027 ], [ -99.192638839999972, 19.425013033000027 ], [ -99.192560470999979, 19.425007973999982 ], [ -99.192489519999981, 19.425054000999978 ], [ -99.192437697, 19.425017094999987 ], [ -99.192398201, 19.425003125999979 ], [ -99.192497714000012, 19.424508032 ], [ -99.192515679999985, 19.42434734699998 ], [ -99.192556083999989, 19.424191489 ], [ -99.192634675000022, 19.423858503000019 ], [ -99.192745914999989, 19.423084271999983 ], [ -99.192750578000016, 19.42285696 ], [ -99.192760535, 19.422653794999974 ], [ -99.1927705, 19.422501657 ], [ -99.192780105, 19.422277893 ], [ -99.192848936000019, 19.42199503400002 ], [ -99.192845971999986, 19.421586549999972 ], [ -99.192836408, 19.421299182999974 ], [ -99.19306574, 19.421725360999972 ], [ -99.193188158, 19.421903556000018 ], [ -99.193269874, 19.422010048 ], [ -99.193300701999988, 19.422126252999988 ], [ -99.193387170999983, 19.42222313100001 ], [ -99.193496692999986, 19.422309444 ], [ -99.193678125000019, 19.422287477 ], [ -99.194097094000028, 19.422698936000018 ] ] ] } },
{ "type": "Feature", "properties": { "subzona": "5.3", "nombre": "Ranas", "area": "4.04 ha", "poblacion": "867", "almacen_carbono": "1099 toneladas", "captura_carbono": "39.3 toneladas anuales", "reduccion_escorrentia": "853.7 mo anuales", "remocion_contaminantes": "453 kg anuales", "produccion_oxigeno": "28.6 toneladas anuales", "valor_servicios_mxn": "$542702.8 mxn", "_mp": 0, "_mp_n": 1 }, "geometry": { "type": "Polygon", "coordinates": [ [ [ -99.189393834999976, 19.421154592 ], [ -99.189203670999973, 19.421219947999987 ], [ -99.189026394, 19.421270701000026 ], [ -99.188724838999974, 19.421311956000011 ], [ -99.188497473999973, 19.421341482 ], [ -99.188064532, 19.42137470900002 ], [ -99.187703114999977, 19.42138332899998 ], [ -99.18717554, 19.421411703999979 ], [ -99.186852191000014, 19.421437237000021 ], [ -99.186704435000024, 19.421425527999986 ], [ -99.186706662, 19.421233595 ], [ -99.186683570000014, 19.420778445999986 ], [ -99.1866718, 19.420636936 ], [ -99.18661900799998, 19.420387044 ], [ -99.186608657000022, 19.420315222999989 ], [ -99.186603538999975, 19.420298299000024 ], [ -99.186603532999982, 19.420293462000018 ], [ -99.186600982000016, 19.420291045999988 ], [ -99.186636674999988, 19.420295845999988 ], [ -99.18670038099998, 19.420276433000026 ], [ -99.186787023000022, 19.420252158999972 ], [ -99.18684818600002, 19.420237585 ], [ -99.186967966999987, 19.420213276000027 ], [ -99.187016383000014, 19.420198716000016 ], [ -99.187074994, 19.42018172600001 ], [ -99.187138697000023, 19.420159893 ], [ -99.187202403000015, 19.420140479999986 ], [ -99.187227872, 19.420121106000011 ], [ -99.187230449000026, 19.420145288000015 ], [ -99.187281423, 19.42013798 ], [ -99.187367993, 19.420050823999986 ], [ -99.187431643000025, 19.419983041000023 ], [ -99.187480052000012, 19.419961224000019 ], [ -99.187541216999989, 19.419949068 ], [ -99.187571778, 19.419924852 ], [ -99.187622351000016, 19.419909121999979 ], [ -99.187638855999978, 19.419891940000014 ], [ -99.18764270600002, 19.419829105000019 ], [ -99.187640971, 19.41979399600001 ], [ -99.187625213999979, 19.419763182 ], [ -99.187613747, 19.419727577 ], [ -99.187594101, 19.419633966999982 ], [ -99.187589920999983, 19.41961014200001 ], [ -99.187588181000024, 19.419570685999986 ], [ -99.187589683999988, 19.419560284 ], [ -99.187596784, 19.419533538 ], [ -99.187601689000019, 19.419521711000016 ], [ -99.187611359000016, 19.419499003999988 ], [ -99.187619889000018, 19.419462867999982 ], [ -99.187628206999989, 19.419457802000011 ], [ -99.187653748, 19.419455272 ], [ -99.187715056, 19.419457541999975 ], [ -99.187797276000026, 19.4194627 ], [ -99.187843359999988, 19.419466643000021 ], [ -99.187879291, 19.419476095 ], [ -99.187904224000022, 19.419486353000025 ], [ -99.187916369, 19.419492328999979 ], [ -99.187964823000016, 19.41951029400002 ], [ -99.18800848, 19.419519508 ], [ -99.188028710000026, 19.419511721 ], [ -99.188061420999986, 19.419460926999989 ], [ -99.188075587000014, 19.419450752999978 ], [ -99.18814949199998, 19.419344694000017 ], [ -99.188180844999977, 19.419310903 ], [ -99.188204865999978, 19.419303707999973 ], [ -99.188216378999982, 19.419305081 ], [ -99.188292401000012, 19.419249343999979 ], [ -99.188321651000024, 19.419250493 ], [ -99.188356887999987, 19.41945128499998 ], [ -99.188429757, 19.419744748000028 ], [ -99.188504672000022, 19.420007653000027 ], [ -99.188563037999984, 19.420189032999986 ], [ -99.188673983, 19.420343557000024 ], [ -99.18880601799998, 19.420542962000013 ], [ -99.188871979, 19.420582920000015 ], [ -99.189053028999979, 19.420723201999976 ], [ -99.189203212, 19.420838612000011 ], [ -99.189329563, 19.420917893000023 ], [ -99.18930758, 19.420976872999972 ], [ -99.189342635, 19.421025217000022 ], [ -99.189388474999987, 19.421039318 ], [ -99.189441536, 19.421025290999978 ], [ -99.189510934, 19.421068896 ], [ -99.189393834999976, 19.421154592 ] ] ] } },
{ "type": "Feature", "properties": { "subzona": "5.4", "nombre": "Quijote", "area": "5.52 ha", "poblacion": "1,386", "almacen_carbono": "2375.9 toneladas", "captura_carbono": "62.8 toneladas anuales", "reduccion_escorrentia": "1455.9 mo anuales", "remocion_contaminantes": "771.3 kg anuales", "produccion_oxigeno": "45.7 toneladas anuales", "valor_servicios_mxn": "$1047158.9 mxn", "_mp": 0, "_mp_n": 1 }, "geometry": { "type": "Polygon", "coordinates": [ [ [ -99.187426325, 19.417658045 ], [ -99.187491175, 19.417676087000018 ], [ -99.187572285999977, 19.417715467 ], [ -99.187739288999978, 19.417811339000025 ], [ -99.1879108, 19.417910952 ], [ -99.188042584000016, 19.417984037 ], [ -99.188102798999978, 19.418121464000023 ], [ -99.188153864000014, 19.418193966999979 ], [ -99.188212643999975, 19.418324504999987 ], [ -99.188277114000016, 19.418517314999974 ], [ -99.188310458999979, 19.418806059000019 ], [ -99.188312708000012, 19.418937170999982 ], [ -99.188324275000014, 19.419063845999972 ], [ -99.188316945999986, 19.419248265000022 ], [ -99.188300374, 19.419245864 ], [ -99.188264711999977, 19.419267667999975 ], [ -99.188216319999981, 19.419303995 ], [ -99.188204848999987, 19.419304007 ], [ -99.188183187999982, 19.419308866999984 ], [ -99.188148816000023, 19.41934518 ], [ -99.188075014999981, 19.41945167 ], [ -99.188063552000017, 19.419458938 ], [ -99.188027926000018, 19.419512182 ], [ -99.188011366000012, 19.419520664 ], [ -99.187961646000019, 19.419509832000017 ], [ -99.187915743000019, 19.41949295 ], [ -99.187901716, 19.419486918000018 ], [ -99.18788385900001, 19.419476052999983 ], [ -99.187848162000023, 19.419467624999982 ], [ -99.187798449000013, 19.41946284 ], [ -99.187716869999974, 19.419456878 ], [ -99.187653141, 19.419455734999985 ], [ -99.187630201, 19.419456966999974 ], [ -99.187621286000024, 19.419463023 ], [ -99.187611130999983, 19.419499310999981 ], [ -99.187601598000015, 19.419521691999989 ], [ -99.187597787000016, 19.419533183999988 ], [ -99.187587620999977, 19.419559798000023 ], [ -99.187586997999972, 19.419572496 ], [ -99.187591508000025, 19.419614814999989 ], [ -99.187594080999986, 19.419635974000016 ], [ -99.187614333999989, 19.419723401999988 ], [ -99.18762377500002, 19.419763475000025 ], [ -99.187640607999981, 19.41979102099998 ], [ -99.187641486000018, 19.419811187 ], [ -99.187642002000018, 19.41982972400001 ], [ -99.187643723, 19.419853217000025 ], [ -99.187642203999985, 19.419869259999984 ], [ -99.187635551000028, 19.419892890000028 ], [ -99.187622966, 19.419908559000021 ], [ -99.187593361999973, 19.419917324999972 ], [ -99.187572744000022, 19.419923798000013 ], [ -99.187566378999975, 19.419930455999975 ], [ -99.187544095000021, 19.419948616999989 ], [ -99.18753071499998, 19.41995105 ], [ -99.187510326999984, 19.419955303 ], [ -99.187494398000013, 19.419957738 ], [ -99.187474011, 19.419963200999973 ], [ -99.187454264999985, 19.419971686 ], [ -99.187440254000023, 19.41997956 ], [ -99.18742943, 19.419988640999975 ], [ -99.187415429999987, 19.420005585000013 ], [ -99.187337765, 19.42007822 ], [ -99.187300850999975, 19.420120581999981 ], [ -99.18726135999998, 19.420138762000022 ], [ -99.187233326000012, 19.420143628 ], [ -99.187230742999986, 19.420114608 ], [ -99.187198906999981, 19.420138826000027 ], [ -99.187139026000011, 19.420159445000024 ], [ -99.187076597999976, 19.420181276 ], [ -99.187023086000011, 19.42019826 ], [ -99.186955553000018, 19.42021526000002 ], [ -99.186859982999977, 19.420234705999974 ], [ -99.186788623999973, 19.420249290000015 ], [ -99.186704530999975, 19.420273561999977 ], [ -99.186635731000024, 19.420296608 ], [ -99.186601312, 19.420291807000012 ], [ -99.186570636999988, 19.420216864999986 ], [ -99.186480741000025, 19.420085085999972 ], [ -99.186384345000022, 19.41995909100001 ], [ -99.186274615, 19.419802783000023 ], [ -99.186162538000019, 19.4196743 ], [ -99.186037288000023, 19.419527222 ], [ -99.186025517000019, 19.419441084000027 ], [ -99.185977004, 19.419370996999987 ], [ -99.185936137999988, 19.419300901999975 ], [ -99.185872261999975, 19.419170367999982 ], [ -99.185841502000017, 19.419020452999973 ], [ -99.185833656999989, 19.418846327999972 ], [ -99.185851335999985, 19.418701199999987 ], [ -99.185886838999977, 19.418539124 ], [ -99.185935128999972, 19.418413311999984 ], [ -99.186006352, 19.418280220999975 ], [ -99.186105607, 19.41813984700002 ], [ -99.18637789600001, 19.417733258999988 ], [ -99.186571609999987, 19.417718549000028 ], [ -99.186964147000026, 19.417698797000014 ], [ -99.187426325, 19.417658045 ] ] ] } },
{ "type": "Feature", "properties": { "subzona": "3.3", "nombre": "Acceso Acuario", "area": "2.44 ha", "poblacion": "635", "almacen_carbono": "863.3 toneladas", "captura_carbono": "31 toneladas anuales", "reduccion_escorrentia": "780.1 mo anuales", "remocion_contaminantes": "405.8 kg anuales", "produccion_oxigeno": "22.5 toneladas anuales", "valor_servicios_mxn": "$462323.1 mxn", "_mp": 0, "_mp_n": 1 }, "geometry": { "type": "Polygon", "coordinates": [ [ [ -99.186695652000026, 19.421466674999976 ], [ -99.186769105, 19.42147006 ], [ -99.186790873, 19.421741247 ], [ -99.186794255999985, 19.421869373999982 ], [ -99.186822624, 19.422080038999979 ], [ -99.186856691, 19.422135610999987 ], [ -99.186918617, 19.422260627000014 ], [ -99.18697707299998, 19.422378343999981 ], [ -99.187089185, 19.422591335 ], [ -99.187184194999986, 19.422772004000024 ], [ -99.187275947999979, 19.422897486000011 ], [ -99.187447539, 19.422940117999985 ], [ -99.187450818, 19.423012035 ], [ -99.187494737, 19.423087004000024 ], [ -99.187742163, 19.423321741 ], [ -99.18792864400001, 19.423510749 ], [ -99.188095678000025, 19.423787446 ], [ -99.188137219, 19.423991301 ], [ -99.188142834000018, 19.424157982999986 ], [ -99.18813917, 19.424310703 ], [ -99.188120599, 19.424447779 ], [ -99.188038313, 19.424653506000027 ], [ -99.187966575000019, 19.424796558000025 ], [ -99.187936455999989, 19.424854208 ], [ -99.187830455999972, 19.424991138999985 ], [ -99.187819785999977, 19.425031262 ], [ -99.187591438000027, 19.424998147999986 ], [ -99.187646455, 19.424970824000013 ], [ -99.18771426, 19.42493658799998 ], [ -99.187767859000019, 19.424885193000023 ], [ -99.187789925, 19.424815986 ], [ -99.18774384, 19.424691715999984 ], [ -99.187706174000027, 19.424647145999984 ], [ -99.187656727, 19.424580285 ], [ -99.187574298000015, 19.424453235999977 ], [ -99.187444788999983, 19.424272705000021 ], [ -99.187414188999981, 19.424239280999984 ], [ -99.187280026999986, 19.424101133000022 ], [ -99.187108207999984, 19.423926221999977 ], [ -99.186999948999983, 19.423824849000027 ], [ -99.186829333999981, 19.423674471000027 ], [ -99.186781086999986, 19.423628797 ], [ -99.186729403000015, 19.423660075999976 ], [ -99.186714091999988, 19.42363444199998 ], [ -99.186722298, 19.423614359999988 ], [ -99.186735229000021, 19.423615461999987 ], [ -99.186741091999977, 19.423603189 ], [ -99.186726965, 19.423584243999983 ], [ -99.186708173, 19.423597646000019 ], [ -99.186684661000015, 19.423595439999986 ], [ -99.186670575, 19.423612182999989 ], [ -99.186579925, 19.423490717999982 ], [ -99.186558741999988, 19.423469550999982 ], [ -99.186535246, 19.423480727000026 ], [ -99.186494074999985, 19.423455118999982 ], [ -99.186476423999977, 19.423438409000028 ], [ -99.186289322999983, 19.423261282999988 ], [ -99.186216257000012, 19.423096306 ], [ -99.186126820000027, 19.423007181 ], [ -99.185901953999974, 19.422777541000016 ], [ -99.185990388, 19.422791362999988 ], [ -99.186104310000019, 19.422824892 ], [ -99.18621448, 19.422843070999988 ], [ -99.186387014, 19.422880803999988 ], [ -99.186485748999985, 19.423044006 ], [ -99.186611304999985, 19.423027031 ], [ -99.18667217, 19.422950861 ], [ -99.186800098, 19.422977842000023 ], [ -99.186912888999984, 19.422972914000013 ], [ -99.187008189999972, 19.422929462000013 ], [ -99.187150729, 19.42284816199998 ], [ -99.187007752, 19.422574521 ], [ -99.186872906000019, 19.422347281999976 ], [ -99.18678705100001, 19.422155547999978 ], [ -99.18674984, 19.422075204 ], [ -99.18671286, 19.421809203 ], [ -99.186695652000026, 19.421466674999976 ] ] ] } },
{ "type": "Feature", "properties": { "subzona": "6.3", "nombre": "Manantial", "area": "2.02 ha", "poblacion": "476", "almacen_carbono": "829.52 toneladas", "captura_carbono": "22.56 toneladas anuales", "reduccion_escorrentia": "484 mo anuales", "remocion_contaminantes": "256.63 kg anuales", "produccion_oxigeno": "16.41 toneladas anuales", "valor_servicios_mxn": "$355553.5 mxn", "_mp": 0, "_mp_n": 1 }, "geometry": { "type": "Polygon", "coordinates": [ [ [ -99.182892539000022, 19.417223429999979 ], [ -99.182897239999988, 19.41722231 ], [ -99.182913728000017, 19.417251288999978 ], [ -99.182953774, 19.417324853000025 ], [ -99.183066844999985, 19.417529937999973 ], [ -99.183106876000011, 19.41759011900001 ], [ -99.18318218600001, 19.417663646999983 ], [ -99.183243393, 19.417739419999975 ], [ -99.183255207, 19.417792938 ], [ -99.183259981, 19.417857616 ], [ -99.183100206, 19.417931381000017 ], [ -99.182820604000028, 19.418065488000025 ], [ -99.182623233000015, 19.418154903000016 ], [ -99.182409439000025, 19.418275560999973 ], [ -99.182198011000025, 19.418409598999972 ], [ -99.182111097000018, 19.418469906999974 ], [ -99.181988944000011, 19.418552555000019 ], [ -99.18186914, 19.418632971000022 ], [ -99.181864435000023, 19.418630744999973 ], [ -99.181728033000013, 19.41858404300001 ], [ -99.181641032000016, 19.418566285999987 ], [ -99.181586961999983, 19.418566339999984 ], [ -99.181474122999987, 19.418568683 ], [ -99.181445923000012, 19.418577632999984 ], [ -99.181441205999988, 19.418564254999978 ], [ -99.181483457000013, 19.418506222000019 ], [ -99.181488109999975, 19.418461609000019 ], [ -99.181478624000022, 19.418388015 ], [ -99.181473867000022, 19.418337834999988 ], [ -99.18147378499998, 19.418264231000023 ], [ -99.181481943999984, 19.418201770999985 ], [ -99.181492456, 19.418141538999976 ], [ -99.181511213000022, 19.41809691200001 ], [ -99.181501726000022, 19.418021087 ], [ -99.18147813500002, 19.417947506000019 ], [ -99.181468689999974, 19.417909598999984 ], [ -99.181426322999982, 19.417862802 ], [ -99.181372199, 19.417813787 ], [ -99.181313353, 19.417746932999989 ], [ -99.181280424000022, 19.417731353000022 ], [ -99.18116515600002, 19.417662324999981 ], [ -99.181108714, 19.417642307 ], [ -99.18106401, 19.417608895 ], [ -99.181028723, 19.417586626 ], [ -99.181014576, 19.417548722999982 ], [ -99.181019246, 19.417519723 ], [ -99.181070922, 19.417481754 ], [ -99.181176672999982, 19.417448192 ], [ -99.181294173000026, 19.417410158 ], [ -99.181449324000027, 19.417405541999983 ], [ -99.181656187999977, 19.417396414 ], [ -99.181813695000017, 19.417396256000018 ], [ -99.181980597, 19.417389398000012 ], [ -99.182194520999985, 19.417386953 ], [ -99.182286196, 19.41738017 ], [ -99.182347306, 19.417368956000018 ], [ -99.182490671999972, 19.417337585999974 ], [ -99.182737431000021, 19.417265965000013 ], [ -99.182819676, 19.417234656 ], [ -99.182890166, 19.417203358999984 ], [ -99.182892539000022, 19.417223429999979 ] ] ] } },
{ "type": "Feature", "properties": { "subzona": "2.6", "nombre": "Tamayo 2", "area": "1.33 ha", "poblacion": "452", "almacen_carbono": "556.8 toneladas", "captura_carbono": "17.4 toneladas anuales", "reduccion_escorrentia": "240.9 mo anuales", "remocion_contaminantes": "127.7 kg anuales", "produccion_oxigeno": "12.6 toneladas anuales", "valor_servicios_mxn": "$217179.6 mxn", "_mp": 0, "_mp_n": 1 }, "geometry": { "type": "Polygon", "coordinates": [ [ [ -99.182582869999976, 19.426890478000018 ], [ -99.182561882000016, 19.42695468 ], [ -99.182586861, 19.426999727 ], [ -99.182572940999989, 19.427056774999983 ], [ -99.182533428999989, 19.427125756 ], [ -99.182523950000018, 19.42722397 ], [ -99.182578648, 19.427410114999986 ], [ -99.182546638000019, 19.427568699 ], [ -99.182532633, 19.427753301 ], [ -99.182509832, 19.427962235 ], [ -99.182388748, 19.427966157000014 ], [ -99.182209812999986, 19.427882273000023 ], [ -99.181830423, 19.427702292999982 ], [ -99.181581501999972, 19.427517137 ], [ -99.181377598999973, 19.427340007999987 ], [ -99.18117311200001, 19.427143251000018 ], [ -99.181377489, 19.427046510000025 ], [ -99.181496569999979, 19.426989251 ], [ -99.181607293000013, 19.426928411 ], [ -99.181687554, 19.426837792000015 ], [ -99.181723300999977, 19.426816339000027 ], [ -99.181724787, 19.426762237999981 ], [ -99.181741794, 19.426647929000012 ], [ -99.181831572000021, 19.426600171000018 ], [ -99.181926987999987, 19.42651082499998 ], [ -99.182167678999974, 19.426460313 ], [ -99.182285448000016, 19.426630589000013 ], [ -99.182157029, 19.426740536000011 ], [ -99.182179985, 19.426848101000019 ], [ -99.182286599, 19.426907547999974 ], [ -99.182362184999988, 19.42689174100002 ], [ -99.182434586, 19.426807812 ], [ -99.182560292, 19.426829667 ], [ -99.182582869999976, 19.426890478000018 ] ] ] } },
{ "type": "Feature", "properties": { "subzona": "2.7", "nombre": "Tamayo 3", "area": "2.95 ha", "poblacion": "717", "almacen_carbono": "874.9 toneladas", "captura_carbono": "28.8 toneladas anuales", "reduccion_escorrentia": "461 mo anuales", "remocion_contaminantes": "243.6 kg anuales", "produccion_oxigeno": "20.9 toneladas anuales", "valor_servicios_mxn": "$367228.6 mxn", "_mp": 0, "_mp_n": 1 }, "geometry": { "type": "Polygon", "coordinates": [ [ [ -99.181337489999976, 19.425852399 ], [ -99.181580430999986, 19.425882855 ], [ -99.181570572999988, 19.425994014000025 ], [ -99.181855675, 19.42604565900001 ], [ -99.18202227, 19.426076600999977 ], [ -99.182065040999987, 19.425918543000023 ], [ -99.182086122999976, 19.425725847000024 ], [ -99.182289903000026, 19.425767869000026 ], [ -99.182371580999984, 19.425784674999989 ], [ -99.182450288999974, 19.425801482 ], [ -99.182539393000013, 19.425818288000016 ], [ -99.182644832999983, 19.425837894999972 ], [ -99.182719776, 19.42585333300002 ], [ -99.182728617, 19.425966124000013 ], [ -99.18271269600001, 19.426164705000019 ], [ -99.182714630000021, 19.426358790999984 ], [ -99.182759217000012, 19.426500471 ], [ -99.182906204, 19.426638991 ], [ -99.182727996999972, 19.426849068000024 ], [ -99.182628540999985, 19.426899145 ], [ -99.182575752999981, 19.426888126999984 ], [ -99.182554643, 19.426830680000023 ], [ -99.182436114999973, 19.426802654000028 ], [ -99.182364479, 19.426890404 ], [ -99.182289248000018, 19.426908282 ], [ -99.182178041999975, 19.426846334 ], [ -99.182151928999986, 19.426740414999983 ], [ -99.182283859, 19.426634888000024 ], [ -99.18217030400001, 19.426461225000025 ], [ -99.182067551999978, 19.426481974000012 ], [ -99.181925095999986, 19.426508687000023 ], [ -99.181835854999974, 19.426595220000024 ], [ -99.18174301900001, 19.426646158999972 ], [ -99.181721607999975, 19.426818586000024 ], [ -99.181685344000016, 19.426839492999989 ], [ -99.181614476999982, 19.426924437000025 ], [ -99.181496638999988, 19.426989251 ], [ -99.181374242, 19.427048334 ], [ -99.181169434000026, 19.427136776999987 ], [ -99.181051626, 19.427007608999986 ], [ -99.180904909999981, 19.426792486000011 ], [ -99.180795597999975, 19.426611519 ], [ -99.180682143000013, 19.426426658000025 ], [ -99.180573442000025, 19.426196423000022 ], [ -99.180470204000017, 19.425941344000023 ], [ -99.180377420000013, 19.425575155 ], [ -99.180322532, 19.425254772000017 ], [ -99.180451724000022, 19.425294184 ], [ -99.180586655000013, 19.425269284000024 ], [ -99.180596932000014, 19.425144637000017 ], [ -99.181432063999978, 19.425276810000014 ], [ -99.181337489999976, 19.425852399 ] ] ] } },
{ "type": "Feature", "properties": { "subzona": "2.8", "nombre": "Tamayo 4", "area": "2.54 ha", "poblacion": "796", "almacen_carbono": "861.9 toneladas", "captura_carbono": "28.1 toneladas anuales", "reduccion_escorrentia": "5,84.9 mo anuales", "remocion_contaminantes": "309.4 kg anuales", "produccion_oxigeno": "20.4 toneladas anuales", "valor_servicios_mxn": "$402945.5 mxn", "_mp": 0, "_mp_n": 1 }, "geometry": { "type": "Polygon", "coordinates": [ [ [ -99.182334485000013, 19.425458197000012 ], [ -99.18319836500001, 19.425585250999973 ], [ -99.183474073000014, 19.425622789999977 ], [ -99.183757421, 19.42568608800002 ], [ -99.183916044999989, 19.425751062000018 ], [ -99.183972477999987, 19.425863103999973 ], [ -99.183987329, 19.425935931000026 ], [ -99.184091282999987, 19.426047972 ], [ -99.184153655999978, 19.426095589999989 ], [ -99.184197063999989, 19.426097602000027 ], [ -99.184142072999975, 19.426376660000017 ], [ -99.184126758, 19.42657361900001 ], [ -99.18405377, 19.427061983999977 ], [ -99.184063939999987, 19.427136715000017 ], [ -99.184167318999982, 19.427170992000015 ], [ -99.184158556999989, 19.427377985000021 ], [ -99.183835853, 19.427274823 ], [ -99.183810537999989, 19.427182421999987 ], [ -99.183681407, 19.427125750000016 ], [ -99.183563327, 19.427066636 ], [ -99.183392474000016, 19.426963682 ], [ -99.183330309999974, 19.426873788000023 ], [ -99.183133315000021, 19.426768652000021 ], [ -99.182905651, 19.426638111999978 ], [ -99.182759218, 19.426502391999975 ], [ -99.182718948, 19.426360451999983 ], [ -99.182711696000013, 19.426158386 ], [ -99.182723887, 19.426046410000026 ], [ -99.182727425999985, 19.425966259 ], [ -99.18271891400002, 19.425855222999985 ], [ -99.182285137, 19.425767185999973 ], [ -99.182334485000013, 19.425458197000012 ] ] ] } },
{ "type": "Feature", "properties": { "subzona": "2.9", "nombre": "Tamayo 5", "area": "4.88 ha", "poblacion": "1278", "almacen_carbono": "1467.3 toneladas", "captura_carbono": "48.1 toneladas anuales", "reduccion_escorrentia": "932.2 mo anuales", "remocion_contaminantes": "493.6 kg anuales", "produccion_oxigeno": "35 toneladas anuales", "valor_servicios_mxn": "$666429.4 mxn", "_mp": 0, "_mp_n": 1 }, "geometry": { "type": "Polygon", "coordinates": [ [ [ -99.180496238999979, 19.424170458 ], [ -99.184387601000026, 19.424776591000011 ], [ -99.184653212, 19.424826990999975 ], [ -99.184599145999982, 19.425158679999981 ], [ -99.184554005, 19.425423661000025 ], [ -99.184510049999972, 19.425751397 ], [ -99.184470848999979, 19.426024203999987 ], [ -99.184424304, 19.426183155 ], [ -99.184184798999979, 19.426163181999982 ], [ -99.184191954000028, 19.426085171000011 ], [ -99.184146100000021, 19.426063890000023 ], [ -99.184091974000012, 19.426044191000017 ], [ -99.18403132200001, 19.425978131000022 ], [ -99.183989297999972, 19.425933989999976 ], [ -99.183972444, 19.425860837000016 ], [ -99.183924956999988, 19.425765389 ], [ -99.183757405, 19.425688075999972 ], [ -99.18347471300001, 19.425613160000012 ], [ -99.183027986000013, 19.425552536999987 ], [ -99.182334149999974, 19.425449454999978 ], [ -99.18228523800002, 19.425767608 ], [ -99.182186159000025, 19.425746402000016 ], [ -99.182092161000014, 19.425729170000011 ], [ -99.181879402, 19.425717007 ], [ -99.181708335, 19.425484743000027 ], [ -99.181612183000027, 19.425468989000024 ], [ -99.18141219, 19.425430684999981 ], [ -99.181447092999974, 19.425273689 ], [ -99.181279049000011, 19.425251683 ], [ -99.180842887999972, 19.425183306 ], [ -99.180717905999984, 19.425162719000014 ], [ -99.180597524, 19.425145156999974 ], [ -99.180587047000017, 19.425268613000014 ], [ -99.180531583, 19.425275208000016 ], [ -99.180438579999986, 19.425272506 ], [ -99.180335604, 19.425248454999974 ], [ -99.180339114999981, 19.425174369999979 ], [ -99.18035842, 19.424986699999977 ], [ -99.180378620999988, 19.424879697 ], [ -99.180398224999976, 19.424754768000014 ], [ -99.180432083000028, 19.424515558 ], [ -99.180457031, 19.424345249999988 ], [ -99.180496238999979, 19.424170458 ] ] ] } },
{ "type": "Feature", "properties": { "subzona": "2.5", "nombre": "Tamayo 1", "area": "1.51 ha", "poblacion": "354", "almacen_carbono": "659.8 toneladas", "captura_carbono": "18.2 toneladas anuales", "reduccion_escorrentia": "278.8 mo anuales", "remocion_contaminantes": "147.6 kg anuales", "produccion_oxigeno": "13.2 toneladas anuales", "valor_servicios_mxn": "$254591 mxn", "_mp": 0, "_mp_n": 1 }, "geometry": { "type": "Polygon", "coordinates": [ [ [ -99.184181474000013, 19.427176812000027 ], [ -99.184238640999979, 19.427236683999979 ], [ -99.184387860000015, 19.427320565 ], [ -99.184227313, 19.427537012000016 ], [ -99.184107335000022, 19.427688822999983 ], [ -99.184050183000011, 19.427728033 ], [ -99.183925574999989, 19.427970083 ], [ -99.183596466999973, 19.427998635999984 ], [ -99.183263195999984, 19.428011516000026 ], [ -99.182949528999984, 19.428010953000012 ], [ -99.182720835999987, 19.427986299999986 ], [ -99.182516501, 19.427966137 ], [ -99.182533144, 19.427757695000025 ], [ -99.182551013000023, 19.427577462999977 ], [ -99.182561309, 19.427417064 ], [ -99.182520954999973, 19.427233005 ], [ -99.182542704000014, 19.42713846700002 ], [ -99.182577294999987, 19.427060188999974 ], [ -99.182589713000027, 19.426986703000011 ], [ -99.182563812000012, 19.426930363 ], [ -99.182727996999972, 19.426851869000018 ], [ -99.182906204, 19.426636190000011 ], [ -99.183331517999989, 19.426873887 ], [ -99.18339253, 19.426964435 ], [ -99.183511069000019, 19.427047206999987 ], [ -99.18381315, 19.427194859 ], [ -99.183832890000019, 19.42727204800002 ], [ -99.183907690000012, 19.427310315999989 ], [ -99.184167822, 19.427364598999986 ], [ -99.184181474000013, 19.427176812000027 ] ] ] } },
{ "type": "Feature", "properties": { "subzona": "4.3", "nombre": "Alrededores del Jardin botanico", "area": "3.1 ha", "poblacion": "630", "almacen_carbono": "801.8 toneladas", "captura_carbono": "33.1 toneladas anuales", "reduccion_escorrentia": "698.8 mo anuales", "remocion_contaminantes": "360.6 kg anuales", "produccion_oxigeno": "24.1 toneladas anuales", "valor_servicios_mxn": "$424505.2 mxn", "_mp": 0, "_mp_n": 1 }, "geometry": { "type": "Polygon", "coordinates": [ [ [ -99.184334929999977, 19.422969450999972 ], [ -99.184186618000012, 19.423005315000012 ], [ -99.18414098400001, 19.423016073999975 ], [ -99.184114363999981, 19.423008902 ], [ -99.184061123, 19.423008902 ], [ -99.184015488999989, 19.422897722000016 ], [ -99.183741682, 19.422678948 ], [ -99.183338578000019, 19.422653842999978 ], [ -99.183121815, 19.422643084000015 ], [ -99.182981109000025, 19.422657430000015 ], [ -99.181250804, 19.42291924 ], [ -99.180738593, 19.423068210999986 ], [ -99.180694253000013, 19.423079832999974 ], [ -99.180686493, 19.422902595999972 ], [ -99.180817277000017, 19.422169672 ], [ -99.181091052, 19.422202815999981 ], [ -99.181273621, 19.422223468000027 ], [ -99.18147137, 19.422234227999979 ], [ -99.181794614000012, 19.422205535999979 ], [ -99.181988559999979, 19.422191189999978 ], [ -99.182174901, 19.422137393000014 ], [ -99.182403072999989, 19.422087182999974 ], [ -99.182665471, 19.422015454000018 ], [ -99.182939277, 19.421940138000025 ], [ -99.183224492000022, 19.421864821999975 ], [ -99.183536328, 19.42176798700001 ], [ -99.183737880000024, 19.421710604 ], [ -99.183916614, 19.421660393000025 ], [ -99.184144786, 19.421610182 ], [ -99.184201829000017, 19.421606596 ], [ -99.184198026999979, 19.421703431000026 ], [ -99.184217041000011, 19.421932965 ], [ -99.184194224, 19.422112288 ], [ -99.184194224, 19.42224857399998 ], [ -99.184209435000014, 19.422366926999985 ], [ -99.184239858000012, 19.422474521000026 ], [ -99.184334929999977, 19.422969450999972 ] ] ] } },
{ "type": "Feature", "properties": { "subzona": "5.7", "nombre": "Falda Castillo norte", "area": "2.06 ha", "poblacion": "623", "almacen_carbono": "954.49 toneladas", "captura_carbono": "26.4 toneladas anuales", "reduccion_escorrentia": "636.2 mo anuales", "remocion_contaminantes": "333 kg anuales", "produccion_oxigeno": "19.2 toneladas anuales", "valor_servicios_mxn": "$432340.75 mxn", "_mp": 0, "_mp_n": 1 }, "geometry": { "type": "Polygon", "coordinates": [ [ [ -99.182424477999973, 19.421963586 ], [ -99.181584741999984, 19.421672113 ], [ -99.181642039, 19.421659679000015 ], [ -99.181703710000022, 19.421642236000025 ], [ -99.181864347999976, 19.42163026999998 ], [ -99.181927836, 19.421590114000026 ], [ -99.182251783000027, 19.421404246 ], [ -99.182508794, 19.421259839000015 ], [ -99.182668514999989, 19.421161473999973 ], [ -99.182791787999975, 19.421092504 ], [ -99.183022670000014, 19.420973378999975 ], [ -99.183123152, 19.420901339000011 ], [ -99.183294892999982, 19.420763388000012 ], [ -99.183496347000016, 19.42061364 ], [ -99.18361158, 19.420540747000018 ], [ -99.183663345000014, 19.420507768999983 ], [ -99.183763406000025, 19.420772581999984 ], [ -99.183871778000025, 19.420840401000021 ], [ -99.183953163000012, 19.420964024 ], [ -99.183990644, 19.42102558 ], [ -99.184045417, 19.421097331999988 ], [ -99.184122984, 19.421224974999973 ], [ -99.184153915000024, 19.421287474999986 ], [ -99.184174505999977, 19.421465355 ], [ -99.184136158, 19.421499889000017 ], [ -99.184126053999989, 19.42151657 ], [ -99.184022154, 19.421521137000013 ], [ -99.183881054999972, 19.421551098 ], [ -99.183694691000028, 19.421586046000016 ], [ -99.183445453, 19.421644178 ], [ -99.183105722, 19.421744495999974 ], [ -99.182778778999989, 19.421845807000011 ], [ -99.182573342000012, 19.42191485799998 ], [ -99.182424477999973, 19.421963586 ] ] ] } },
{ "type": "Feature", "properties": { "subzona": "5.1.2", "nombre": "Laminadora", "area": "2 ha", "poblacion": "475", "almacen_carbono": "477.51 toneladas", "captura_carbono": "19.2 toneladas anuales", "reduccion_escorrentia": "354.3 mo anuales", "remocion_contaminantes": "185.3 kg anuales", "produccion_oxigeno": "14 toneladas anuales", "valor_servicios_mxn": "$228505.01 mxn", "_mp": 0, "_mp_n": 1 }, "geometry": { "type": "Polygon", "coordinates": [ [ [ -99.19148052700001, 19.419235723999975 ], [ -99.190695356999981, 19.419218381 ], [ -99.19069493, 19.419198505 ], [ -99.190688701, 19.418965608 ], [ -99.190663514999983, 19.418734208999979 ], [ -99.190620965, 19.418527736999977 ], [ -99.190599967000026, 19.418450800000016 ], [ -99.190583644000014, 19.418383351999978 ], [ -99.19055172100002, 19.418292418000021 ], [ -99.190524793, 19.418223447 ], [ -99.190479454000013, 19.418111243 ], [ -99.190428412000017, 19.418001747 ], [ -99.190369713999985, 19.417937664000021 ], [ -99.190337366, 19.417883356 ], [ -99.190272155, 19.417781422000019 ], [ -99.190194987999973, 19.417677358999981 ], [ -99.190093116000014, 19.417558004 ], [ -99.190087929000015, 19.417540447000022 ], [ -99.190100267999981, 19.417536000999974 ], [ -99.190108751000025, 19.417545459 ], [ -99.190126739999982, 19.417531385000018 ], [ -99.190145144999974, 19.417491279999979 ], [ -99.190233534000015, 19.417490391 ], [ -99.190764449000028, 19.41745755300002 ], [ -99.191466408999986, 19.417422676 ], [ -99.191476137, 19.418525142000021 ], [ -99.19148052700001, 19.419235723999975 ] ] ] } },
{ "type": "Feature", "properties": { "subzona": "1.6", "nombre": "La Hondonada", "area": "0.15 ha", "poblacion": "94", "almacen_carbono": "65.3 toneladas", "captura_carbono": "3.3 toneladas anuales", "reduccion_escorrentia": "78.5 mo anuales", "remocion_contaminantes": "41.7 kg anuales", "produccion_oxigeno": "2.4 toneladas anuales", "valor_servicios_mxn": "$40743.8 mxn", "_mp": 0, "_mp_n": 1 }, "geometry": { "type": "Polygon", "coordinates": [ [ [ -99.192859132000024, 19.425542833 ], [ -99.192921442999989, 19.425555507000013 ], [ -99.192918892000023, 19.425578487999985 ], [ -99.192908022999973, 19.425593591999984 ], [ -99.192904248, 19.425617672999977 ], [ -99.192929515, 19.425620923 ], [ -99.192928565999978, 19.425648863999982 ], [ -99.192918378, 19.425682971000015 ], [ -99.192875849000018, 19.425693006000017 ], [ -99.192296863000024, 19.425609184999985 ], [ -99.192301543999974, 19.425571819000027 ], [ -99.192320441999982, 19.425567315000023 ], [ -99.192359803999977, 19.425552329000027 ], [ -99.192407034999974, 19.425531357000011 ], [ -99.192441635000023, 19.425484993 ], [ -99.192435300999989, 19.425456605000022 ], [ -99.192386377999981, 19.425378947000013 ], [ -99.192465132999985, 19.42537438 ], [ -99.192501371, 19.425381814 ], [ -99.19254390499998, 19.425384757000018 ], [ -99.192599051, 19.425396654 ], [ -99.192633758, 19.425441450999983 ], [ -99.192670060000012, 19.42550268399998 ], [ -99.192718907000028, 19.425516082 ], [ -99.192859132000024, 19.425542833 ] ] ] } },
{ "type": "Feature", "properties": { "subzona": "7.4", "nombre": "Constituyentes 2", "area": "3.24 ha", "poblacion": "1,288", "almacen_carbono": "2185.96 toneladas", "captura_carbono": "65.92 toneladas anuales", "reduccion_escorrentia": "1226.5 mo anuales", "remocion_contaminantes": "645.27 kg anuales", "produccion_oxigeno": "47.93 toneladas anuales", "valor_servicios_mxn": "$921527.33 mxn", "_mp": 0, "_mp_n": 1 }, "geometry": { "type": "Polygon", "coordinates": [ [ [ -99.183123191999982, 19.416198550999979 ], [ -99.1848794, 19.415524917000027 ], [ -99.185248965000028, 19.416184407 ], [ -99.185118462999981, 19.416194615 ], [ -99.184678713999972, 19.416283675999978 ], [ -99.184173067000017, 19.416406521 ], [ -99.183775428, 19.416551342 ], [ -99.18342364, 19.416716269 ], [ -99.183372274000021, 19.416740350999987 ], [ -99.183046682999986, 19.416901193 ], [ -99.182811356, 19.417017370999986 ], [ -99.182569527999988, 19.417119214000024 ], [ -99.182274372999984, 19.417192509000017 ], [ -99.182021008, 19.417206537000027 ], [ -99.181737406000025, 19.41721249699998 ], [ -99.181425353, 19.417221338 ], [ -99.18125390900002, 19.41723234 ], [ -99.181158993, 19.417248547999975 ], [ -99.180822055000021, 19.416927986000019 ], [ -99.180791725, 19.416904550000027 ], [ -99.180784089999975, 19.416881866999972 ], [ -99.180857370000012, 19.416798589 ], [ -99.180948179999973, 19.416675068000018 ], [ -99.180965394, 19.416686474000016 ], [ -99.181005288, 19.416624408000018 ], [ -99.181918984, 19.416478676 ], [ -99.182406268000022, 19.416393654999979 ], [ -99.182766873, 19.416330734999974 ], [ -99.182838582999977, 19.416307717999985 ], [ -99.183123191999982, 19.416198550999979 ] ] ] } },
{ "type": "Feature", "properties": { "subzona": "7.5", "nombre": "Mercado de flores y acceso metro", "area": "1.09 ha", "poblacion": "333", "almacen_carbono": "602.03 toneladas", "captura_carbono": "15.13 toneladas anuales", "reduccion_escorrentia": "362 mo anuales", "remocion_contaminantes": "190.68 kg anuales", "produccion_oxigeno": "11 toneladas anuales", "valor_servicios_mxn": "$260435.99 mxn", "_mp": 0, "_mp_n": 2 }, "geometry": { "type": "Polygon", "coordinates": [ [ [ -99.179505268000014, 19.419352275999984 ], [ -99.179492316, 19.419361853999987 ], [ -99.179469972999982, 19.419332704999988 ], [ -99.179552736, 19.419135122 ], [ -99.179836598, 19.418516953999983 ], [ -99.180044754, 19.418038538000019 ], [ -99.18011861399998, 19.41784162 ], [ -99.180087145000016, 19.417824143000018 ], [ -99.180133835, 19.417692601999988 ], [ -99.180174936000014, 19.417586008 ], [ -99.180260911, 19.417355838999981 ], [ -99.180322835000027, 19.417237946 ], [ -99.180396321999979, 19.417171442999972 ], [ -99.180460503, 19.417135211000016 ], [ -99.180500603999974, 19.417132047 ], [ -99.180575939, 19.41708278599998 ], [ -99.180670030999977, 19.417008222 ], [ -99.180763448, 19.416915374999974 ], [ -99.180813365, 19.416963679 ], [ -99.180816941999979, 19.416960349000021 ], [ -99.180851363999977, 19.416993065999975 ], [ -99.180887555000027, 19.417031781999981 ], [ -99.181123770999989, 19.417255232 ], [ -99.181022340000027, 19.417291939999984 ], [ -99.180853644000024, 19.417385583999987 ], [ -99.180636517999972, 19.41754862099998 ], [ -99.180511992, 19.417693873000019 ], [ -99.18044942, 19.417800738999972 ], [ -99.180244105999975, 19.4181658 ], [ -99.180008594000014, 19.418619751999984 ], [ -99.180007570999976, 19.418621616999985 ], [ -99.179817897000021, 19.41895946 ], [ -99.179699292, 19.419154407 ], [ -99.179614019999974, 19.419265446 ], [ -99.179542636, 19.419323920000011 ], [ -99.179505268000014, 19.419352275999984 ] ] ] } },
{ "type": "Feature", "properties": { "subzona": "7.5", "nombre": "Mercado de flores y acceso metro", "area": "1.09 ha", "poblacion": "333", "almacen_carbono": "602.03 toneladas", "captura_carbono": "15.13 toneladas anuales", "reduccion_escorrentia": "362 mo anuales", "remocion_contaminantes": "190.68 kg anuales", "produccion_oxigeno": "11 toneladas anuales", "valor_servicios_mxn": "$260435.99 mxn", "_mp": 1, "_mp_n": 2 }, "geometry": { "type": "Polygon", "coordinates": [ [ [ -99.179476163, 19.419420820000028 ], [ -99.179357143, 19.419505634000018 ], [ -99.179255119, 19.419603111000015 ], [ -99.179217259999973, 19.419640816000026 ], [ -99.179205196999987, 19.419668477000016 ], [ -99.179170151999983, 19.419748839000022 ], [ -99.179080295, 19.420023091000019 ], [ -99.17898578400002, 19.420265938999989 ], [ -99.178973359999986, 19.420291913000028 ], [ -99.1789453, 19.420394870999985 ], [ -99.178938814999981, 19.420431614 ], [ -99.178935099, 19.420479023999974 ], [ -99.178956203999974, 19.420561822000025 ], [ -99.178986117000022, 19.42061847399998 ], [ -99.17893203, 19.420594634 ], [ -99.178690787, 19.420499975999974 ], [ -99.178586956, 19.42046639 ], [ -99.178602622000028, 19.420399181999983 ], [ -99.178594224, 19.420363208000026 ], [ -99.178662910000014, 19.420312367 ], [ -99.178740565, 19.420249609 ], [ -99.17883507, 19.420157264000011 ], [ -99.178869470999985, 19.420118640999988 ], [ -99.178896334, 19.420085792 ], [ -99.178926606, 19.420045808999987 ], [ -99.178974541, 19.419976228 ], [ -99.178992712000024, 19.419946649999986 ], [ -99.179029182000022, 19.419881825 ], [ -99.179058355999985, 19.419829967999988 ], [ -99.179087986000013, 19.419777302 ], [ -99.179094985, 19.419763644 ], [ -99.179117081000015, 19.419723633 ], [ -99.179249559000027, 19.419484087 ], [ -99.179447116, 19.419399565999981 ], [ -99.179462718000025, 19.419416070000011 ], [ -99.179476163, 19.419420820000028 ] ] ] } },
{ "type": "Feature", "properties": { "subzona": "6.6", "nombre": "Direccion", "area": "1.03 ha", "poblacion": "250", "almacen_carbono": "445.12 toneladas", "captura_carbono": "12.94 toneladas anuales", "reduccion_escorrentia": "276.9 mo anuales", "remocion_contaminantes": "146.65 kg anuales", "produccion_oxigeno": "9.41 toneladas anuales", "valor_servicios_mxn": "$196077.5 mxn", "_mp": 0, "_mp_n": 3 }, "geometry": { "type": "Polygon", "coordinates": [ [ [ -99.180572397999981, 19.419455524999989 ], [ -99.180486815999984, 19.419489283000019 ], [ -99.180439964000016, 19.419512293000025 ], [ -99.180605603, 19.419439636999982 ], [ -99.180709294, 19.419469596 ], [ -99.180725543, 19.419491118999986 ], [ -99.180703567000023, 19.419513689999974 ], [ -99.180683136000027, 19.419531317 ], [ -99.180499677, 19.419628760000023 ], [ -99.180441877000021, 19.419655745999989 ], [ -99.180370402999984, 19.419682071000011 ], [ -99.180339924, 19.419699311999977 ], [ -99.180308476999983, 19.419710173999988 ], [ -99.18027427200002, 19.419734963999986 ], [ -99.180228482000018, 19.419774624000013 ], [ -99.180201115999978, 19.419795928999974 ], [ -99.180185397, 19.419820300000026 ], [ -99.18018007400002, 19.419847842000024 ], [ -99.180186229000014, 19.419874775999972 ], [ -99.180220005000024, 19.41994526000002 ], [ -99.180243350000012, 19.419993974000022 ], [ -99.180224867999982, 19.420043490000012 ], [ -99.180188397, 19.420070582999983 ], [ -99.180103120000012, 19.420124972999986 ], [ -99.180045004000021, 19.420154556 ], [ -99.180024302, 19.420163866 ], [ -99.179985777000013, 19.420176998999978 ], [ -99.179500706, 19.420268998999973 ], [ -99.17946366000001, 19.420249759 ], [ -99.179390042000023, 19.420139885000026 ], [ -99.179368141, 19.420089798 ], [ -99.17932289700002, 19.420035155 ], [ -99.179349235000018, 19.419996422999986 ], [ -99.179494385999988, 19.419787446999976 ], [ -99.179497432, 19.419785537 ], [ -99.179628885999989, 19.419595037000022 ], [ -99.179798633000019, 19.419327693000014 ], [ -99.179962862000025, 19.419055458 ], [ -99.179991238000014, 19.41900264100002 ], [ -99.180007667999973, 19.419010432999983 ], [ -99.180033956999978, 19.41900958399998 ], [ -99.180102202, 19.419041138000011 ], [ -99.180116946, 19.419083661 ], [ -99.180125617999977, 19.419095509999977 ], [ -99.180134765999981, 19.419098844000018 ], [ -99.180148901, 19.41909883 ], [ -99.180215384, 19.419130204999988 ], [ -99.180222986999979, 19.419140283 ], [ -99.180237209999973, 19.419150842000022 ], [ -99.180243508, 19.419153484 ], [ -99.180252925, 19.419157433 ], [ -99.180271198000014, 19.419160740999985 ], [ -99.180335744999979, 19.419217087999982 ], [ -99.180335332000027, 19.419273606 ], [ -99.180338179999978, 19.419292832999986 ], [ -99.180349232000026, 19.419327735000024 ], [ -99.180370945, 19.419366825999987 ], [ -99.180386757, 19.419383692 ], [ -99.18040629799998, 19.419397075 ], [ -99.180434605000016, 19.419412636 ], [ -99.180467828000019, 19.419420221 ], [ -99.18049757, 19.419423825000024 ], [ -99.180508646000021, 19.419421401000022 ], [ -99.180572397999981, 19.419455524999989 ] ] ] } },
{ "type": "Feature", "properties": { "subzona": "6.6", "nombre": "Direccion", "area": "1.03 ha", "poblacion": "250", "almacen_carbono": "445.12 toneladas", "captura_carbono": "12.94 toneladas anuales", "reduccion_escorrentia": "276.9 mo anuales", "remocion_contaminantes": "146.65 kg anuales", "produccion_oxigeno": "9.41 toneladas anuales", "valor_servicios_mxn": "$196077.5 mxn", "_mp": 1, "_mp_n": 3 }, "geometry": { "type": "Polygon", "coordinates": [ [ [ -99.179424653000012, 19.419664438999973 ], [ -99.179418606000013, 19.419666162 ], [ -99.179413174999979, 19.419664866 ], [ -99.179406044000018, 19.419658934999973 ], [ -99.179397145999985, 19.419640725000022 ], [ -99.179389626999978, 19.419620072999976 ], [ -99.179380646000027, 19.419586518000017 ], [ -99.179381318000026, 19.419574091000015 ], [ -99.179384817000027, 19.419565805 ], [ -99.179392119999989, 19.419558879000022 ], [ -99.179419011999983, 19.419541357000014 ], [ -99.179517396999984, 19.419470272000012 ], [ -99.179536725999981, 19.419455079999977 ], [ -99.179553512999973, 19.419440667 ], [ -99.17960581, 19.419382424 ], [ -99.179630771, 19.419352821000018 ], [ -99.179635733999987, 19.419353214000012 ], [ -99.179634965999981, 19.419355780999979 ], [ -99.179429934999973, 19.419660349000026 ], [ -99.179424653000012, 19.419664438999973 ] ] ] } },
{ "type": "Feature", "properties": { "subzona": "6.6", "nombre": "Direccion", "area": "1.03 ha", "poblacion": "250", "almacen_carbono": "445.12 toneladas", "captura_carbono": "12.94 toneladas anuales", "reduccion_escorrentia": "276.9 mo anuales", "remocion_contaminantes": "146.65 kg anuales", "produccion_oxigeno": "9.41 toneladas anuales", "valor_servicios_mxn": "$196077.5 mxn", "_mp": 2, "_mp_n": 3 }, "geometry": { "type": "Polygon", "coordinates": [ [ [ -99.179307231999985, 19.41965813600001 ], [ -99.179308376, 19.419686926 ], [ -99.179306927000027, 19.419730932999983 ], [ -99.179302372999985, 19.419774398000015 ], [ -99.179296600999976, 19.419806755000025 ], [ -99.179285344999982, 19.41984667700001 ], [ -99.17926970000002, 19.419888207999975 ], [ -99.179234192000024, 19.419954835999988 ], [ -99.179207804999976, 19.419990354999982 ], [ -99.179162971999972, 19.420044641 ], [ -99.179135196, 19.42007944300002 ], [ -99.179127164000022, 19.420090163999987 ], [ -99.179102321000016, 19.420078479999972 ], [ -99.179119861, 19.420023898000011 ], [ -99.17916822, 19.419873413 ], [ -99.179186405, 19.419819925000013 ], [ -99.179196398999977, 19.419795731000022 ], [ -99.179223182999976, 19.419743604000018 ], [ -99.179292721000024, 19.419649359 ], [ -99.179295707999984, 19.419646121000028 ], [ -99.179299335999985, 19.419644708000021 ], [ -99.179304462, 19.419646591 ], [ -99.179306657999973, 19.419650954000019 ], [ -99.179307231999985, 19.41965813600001 ], [ -99.179307231999985, 19.41965813600001 ] ] ] } },
{ "type": "Feature", "properties": { "subzona": "1.10", "nombre": "Estacionamiento y Atlantis", "area": "1.76 ha", "poblacion": "340", "almacen_carbono": "239.13 toneladas", "captura_carbono": "10.64 toneladas anuales", "reduccion_escorrentia": "153.1 mo anuales", "remocion_contaminantes": "83.73 kg anuales", "produccion_oxigeno": "6.66 ton anuales", "valor_servicios_mxn": "$107,306.60", "_mp": 0, "_mp_n": 1 }, "geometry": { "type": "Polygon", "coordinates": [ [ [ -99.222092604000011, 19.397188835 ], [ -99.222054226000012, 19.397192241000027 ], [ -99.222022724999988, 19.39719670300002 ], [ -99.221960824, 19.397218447 ], [ -99.221910881999975, 19.397246666 ], [ -99.22185327, 19.397273322 ], [ -99.221782798999982, 19.397320824000019 ], [ -99.221735105999983, 19.39733886800002 ], [ -99.221708793, 19.397359849999987 ], [ -99.221681739000019, 19.397355289000018 ], [ -99.221650781, 19.397366337 ], [ -99.221603460999972, 19.397402802999977 ], [ -99.221557124000014, 19.397429116000012 ], [ -99.221496684999977, 19.397425525000017 ], [ -99.22145006400001, 19.397462030999975 ], [ -99.221432632000017, 19.397473131000027 ], [ -99.221415735, 19.397505020999972 ], [ -99.22142614400002, 19.397565428 ], [ -99.221370924999974, 19.397559500999989 ], [ -99.221307479000018, 19.397547633999977 ], [ -99.221295221, 19.397505787 ], [ -99.221325873000012, 19.397431503 ], [ -99.221346649, 19.397334617000013 ], [ -99.221208321, 19.397237820999976 ], [ -99.221148894, 19.397262497999975 ], [ -99.221036131, 19.397175813 ], [ -99.220958092999979, 19.397084002999975 ], [ -99.220995722999987, 19.397038122000026 ], [ -99.221029578000014, 19.397037882 ], [ -99.221437149999986, 19.396914934 ], [ -99.221786590000022, 19.396798815000011 ], [ -99.222386298, 19.396635818999982 ], [ -99.222436954999978, 19.396663717000024 ], [ -99.222485756000026, 19.396685403999982 ], [ -99.222531329999981, 19.396670089999986 ], [ -99.222533874000021, 19.396687704999977 ], [ -99.222595114, 19.396679674999973 ], [ -99.22260208900002, 19.39670737199998 ], [ -99.222517448000019, 19.396724794000022 ], [ -99.222442455000021, 19.39671384899998 ], [ -99.222336299, 19.396731725999985 ], [ -99.222201281000025, 19.396781354999973 ], [ -99.222161340000014, 19.397005208999985 ], [ -99.222092604000011, 19.397188835 ] ] ] } },
{ "type": "Feature", "properties": { "subzona": "1.4", "nombre": "CENDI - Plaza Cri Cri", "area": "0.56 ha", "poblacion": "170", "almacen_carbono": "156.11 toneladas", "captura_carbono": "5.21 toneladas anuales", "reduccion_escorrentia": "119 mo anuales", "remocion_contaminantes": "64.74 kg anuales", "produccion_oxigeno": "3.39 ton anuales", "valor_servicios_mxn": "$75,140.60", "_mp": 0, "_mp_n": 1 }, "geometry": { "type": "Polygon", "coordinates": [ [ [ -99.221090947999983, 19.397257384 ], [ -99.22094024, 19.397309662999987 ], [ -99.220919876999972, 19.397416330999988 ], [ -99.220928440000023, 19.39746900199998 ], [ -99.221035502, 19.397658254000021 ], [ -99.221082200000012, 19.397715909999988 ], [ -99.221125894000011, 19.397689803999981 ], [ -99.221147286000019, 19.397669767000025 ], [ -99.221270096000012, 19.397570573999985 ], [ -99.221372584, 19.397578050999982 ], [ -99.221434403999979, 19.397590719999982 ], [ -99.221436432000019, 19.397555306000015 ], [ -99.221427322000011, 19.397493127000018 ], [ -99.221494946, 19.397464692000028 ], [ -99.221503370999983, 19.397447934000013 ], [ -99.221556419000024, 19.397444953 ], [ -99.221591036, 19.397433944 ], [ -99.221611774, 19.397411275000024 ], [ -99.221655624, 19.39738789 ], [ -99.221685614000023, 19.397376109 ], [ -99.2217382, 19.397347496 ], [ -99.22185519300001, 19.397282411 ], [ -99.221961926, 19.397226005 ], [ -99.222019779, 19.397201388999974 ], [ -99.222086396, 19.397195973 ], [ -99.222086376, 19.397262164999972 ], [ -99.222171534999973, 19.397327771 ], [ -99.222189424000021, 19.397370954 ], [ -99.222174202000019, 19.39740144000001 ], [ -99.222105812999985, 19.397502659 ], [ -99.222086634, 19.397612418 ], [ -99.222013555999979, 19.39763174 ], [ -99.221930967999981, 19.397679652000022 ], [ -99.221860062000019, 19.397640497 ], [ -99.221808319, 19.397595573 ], [ -99.221787447, 19.3975739 ], [ -99.221758884, 19.397529254 ], [ -99.221717639000019, 19.397536967 ], [ -99.22169512, 19.397548503999985 ], [ -99.221682640999973, 19.397565824000026 ], [ -99.221670029, 19.397606332 ], [ -99.221619866000026, 19.397643099 ], [ -99.221542230000011, 19.39764176 ], [ -99.221500986000024, 19.397680908999973 ], [ -99.221442812000021, 19.397693006 ], [ -99.221397062999984, 19.397700074999989 ], [ -99.221368815, 19.397673391000012 ], [ -99.221330223999985, 19.397677655999985 ], [ -99.221235255000011, 19.397710163 ], [ -99.221100491000016, 19.397784791 ], [ -99.221010743000022, 19.397799737000014 ], [ -99.220988708999982, 19.397878674000026 ], [ -99.220920912999986, 19.397844142 ], [ -99.220890268, 19.397795208 ], [ -99.220799805000013, 19.397806151999987 ], [ -99.220704204000015, 19.397835816 ], [ -99.220555929999989, 19.39790020800001 ], [ -99.220484359000011, 19.397930170999985 ], [ -99.220430941000018, 19.397899982000013 ], [ -99.220371957, 19.397887511000022 ], [ -99.220340038000018, 19.397908140000027 ], [ -99.220344378999982, 19.397948182 ], [ -99.220321131, 19.397975572 ], [ -99.220289055000023, 19.397995603000027 ], [ -99.220257498000024, 19.397996139999975 ], [ -99.220213676000014, 19.397954597000023 ], [ -99.220223338999972, 19.397898200999975 ], [ -99.220255658999974, 19.397884260000012 ], [ -99.220261355, 19.397809873000028 ], [ -99.220217601, 19.397737774 ], [ -99.22020321399998, 19.397641393000015 ], [ -99.220218583000019, 19.397501393000027 ], [ -99.220234643000026, 19.397503909000022 ], [ -99.220313088000012, 19.397490230000017 ], [ -99.220365088999984, 19.397477655999978 ], [ -99.220371484, 19.39754805299998 ], [ -99.220416345, 19.397582078000028 ], [ -99.220445007000023, 19.397563854999987 ], [ -99.220499336999978, 19.397583361999978 ], [ -99.220537939, 19.397630123999988 ], [ -99.220592501, 19.397618213999976 ], [ -99.220674458000019, 19.397677210999973 ], [ -99.220701314999985, 19.397663282999986 ], [ -99.220738557, 19.397639176999974 ], [ -99.220783604000019, 19.397673145 ], [ -99.220789901999979, 19.39772661500001 ], [ -99.220828121000011, 19.397773495000024 ], [ -99.22091065799998, 19.397749927 ], [ -99.220927702999973, 19.397696597 ], [ -99.220958024000026, 19.397657865999975 ], [ -99.220982725, 19.397638173000018 ], [ -99.221030421000023, 19.39765275100001 ], [ -99.220926890999976, 19.397469779 ], [ -99.220870037, 19.397475607999979 ], [ -99.220796063000023, 19.39750268 ], [ -99.220746233999989, 19.397451599000021 ], [ -99.220677498999976, 19.397390588 ], [ -99.220924508, 19.397294564 ], [ -99.220936621000021, 19.397260427999981 ], [ -99.220988928999986, 19.397254127999986 ], [ -99.221026401000017, 19.397264042000018 ], [ -99.221048038999982, 19.397212001000014 ], [ -99.221090947999983, 19.397257384 ] ] ] } },
{ "type": "Feature", "properties": { "subzona": "1.2", "nombre": "Lindero norponiente", "area": "0.4 ha", "poblacion": "170", "almacen_carbono": "54.84 toneladas", "captura_carbono": "3.18 toneladas anuales", "reduccion_escorrentia": "87.7 mo anuales", "remocion_contaminantes": "48.02 kg anuales", "produccion_oxigeno": "3.43 ton anuales", "valor_servicios_mxn": "$40,575.40", "_mp": 0, "_mp_n": 1 }, "geometry": { "type": "Polygon", "coordinates": [ [ [ -99.223062452000022, 19.396927818999984 ], [ -99.223031083000024, 19.397066021 ], [ -99.223028847000023, 19.397185203999982 ], [ -99.222979918000021, 19.397212382000021 ], [ -99.222899611, 19.397247826000012 ], [ -99.222810088000017, 19.397301466999977 ], [ -99.222755032, 19.397317126000019 ], [ -99.22271075499998, 19.397539286999972 ], [ -99.222669349, 19.397582829999976 ], [ -99.222654741999975, 19.39771140900001 ], [ -99.222610155999973, 19.397806974 ], [ -99.222571835999986, 19.39794658400001 ], [ -99.222552173999986, 19.398099190999972 ], [ -99.222498167000026, 19.39803870999998 ], [ -99.222445075999985, 19.397974487 ], [ -99.222488393999981, 19.397918738999977 ], [ -99.222459307, 19.397813067000016 ], [ -99.222423112, 19.397683022000024 ], [ -99.222382388000028, 19.397557287999973 ], [ -99.222350845, 19.39744664 ], [ -99.222336537, 19.397405605000017 ], [ -99.222315970000011, 19.397370309 ], [ -99.222292733000018, 19.397305334 ], [ -99.222351279, 19.39732485899998 ], [ -99.222396226, 19.397342079 ], [ -99.222441887, 19.397330563000025 ], [ -99.222488216999977, 19.397317902 ], [ -99.222545892000028, 19.397276278 ], [ -99.222620063000022, 19.397163144999979 ], [ -99.222830735, 19.396838433000028 ], [ -99.222854739000013, 19.39677272 ], [ -99.222922062, 19.396789897000019 ], [ -99.22304079700001, 19.396806609 ], [ -99.223089776999984, 19.396848782 ], [ -99.223062452000022, 19.396927818999984 ] ] ] } },
{ "type": "Feature", "properties": { "subzona": "2.1.2", "nombre": "Cabanas", "area": "2.78 ha", "poblacion": "882", "almacen_carbono": "360.4 toneladas", "captura_carbono": "17.6 toneladas anuales", "reduccion_escorrentia": "328.5 mo anuales", "remocion_contaminantes": "176.5 kg anuales", "produccion_oxigeno": "13.64 ton anuales", "valor_servicios_mxn": "$116,283.40", "_mp": 0, "_mp_n": 1 }, "geometry": { "type": "Polygon", "coordinates": [ [ [ -99.220175660999985, 19.401168849999976 ], [ -99.220489643, 19.401494188000015 ], [ -99.220652839000024, 19.401589549999983 ], [ -99.2206825, 19.401610203000018 ], [ -99.22020489099998, 19.401932252999984 ], [ -99.21959561, 19.402330119999988 ], [ -99.21882907600002, 19.402806591 ], [ -99.218215199999975, 19.403228237 ], [ -99.217927729, 19.403428930000018 ], [ -99.217785017999972, 19.403524285 ], [ -99.217573985, 19.403698005000024 ], [ -99.217471519000014, 19.403782920000026 ], [ -99.217260454999973, 19.403904566 ], [ -99.21715470800001, 19.403739788 ], [ -99.217114394000021, 19.403675210000017 ], [ -99.21704280900002, 19.403563108000014 ], [ -99.216960095, 19.403432421 ], [ -99.216877372, 19.403301595000016 ], [ -99.216961589, 19.403248228999985 ], [ -99.217229621, 19.403112118000024 ], [ -99.217225419999977, 19.403051237 ], [ -99.217254092000019, 19.402993324000022 ], [ -99.217356849, 19.403016031 ], [ -99.217541881999978, 19.402959219000024 ], [ -99.217667576, 19.402889744 ], [ -99.217739047, 19.402901914999973 ], [ -99.217994272, 19.402675532999979 ], [ -99.218197700000019, 19.402524450999977 ], [ -99.218192187, 19.402470306999987 ], [ -99.21817103, 19.40242006699998 ], [ -99.218185568000024, 19.402309371 ], [ -99.218359420000013, 19.402211772999976 ], [ -99.218473823000011, 19.402228885 ], [ -99.218626455999981, 19.402211856 ], [ -99.21870757, 19.402163847999987 ], [ -99.218819667, 19.402186465999989 ], [ -99.219007676, 19.402241307 ], [ -99.219110764999982, 19.402153191000025 ], [ -99.219408359999989, 19.401903878999974 ], [ -99.219478115000015, 19.40181439600002 ], [ -99.219730471, 19.401541368999972 ], [ -99.21978044399998, 19.401436968999974 ], [ -99.220175660999985, 19.401168849999976 ] ] ] } },
{ "type": "Feature", "properties": { "subzona": "2.2", "nombre": "Zaragoza Sur", "area": "1.21 ha", "poblacion": "398", "almacen_carbono": "130.7 toneladas", "captura_carbono": "10.6 toneladas anuales", "reduccion_escorrentia": "81.7 mo anuales", "remocion_contaminantes": "43.7 kg anuales", "produccion_oxigeno": "6.31 ton anuales", "valor_servicios_mxn": "$59,470.50", "_mp": 0, "_mp_n": 1 }, "geometry": { "type": "Polygon", "coordinates": [ [ [ -99.221378657, 19.401274780999984 ], [ -99.221400017, 19.401419155999974 ], [ -99.221283383000014, 19.401493151000011 ], [ -99.221175071, 19.401504472999989 ], [ -99.22114609, 19.401562486999978 ], [ -99.22091203399998, 19.401603810999973 ], [ -99.220844285, 19.401709790999973 ], [ -99.220782278, 19.401808883 ], [ -99.220840173999989, 19.401993275999985 ], [ -99.220741576000023, 19.402017913 ], [ -99.220654199000023, 19.402033201 ], [ -99.220585534, 19.401992385000028 ], [ -99.220517186999984, 19.401943824 ], [ -99.220471782, 19.402017479999984 ], [ -99.220552527, 19.402123736000021 ], [ -99.22049288, 19.402130306 ], [ -99.220337787, 19.402152375000014 ], [ -99.220172618999982, 19.402259994000019 ], [ -99.220117373999983, 19.402411804 ], [ -99.22006372200002, 19.402442055999984 ], [ -99.219950322999978, 19.40234338 ], [ -99.219885953000016, 19.402316911000014 ], [ -99.21982538200001, 19.402356134 ], [ -99.219888717, 19.402462066 ], [ -99.219840424999973, 19.402465017 ], [ -99.21970388699998, 19.40252762 ], [ -99.219564612, 19.402728486 ], [ -99.219486519999975, 19.402840211000012 ], [ -99.219355349000011, 19.402853306 ], [ -99.219333837000022, 19.402758644000016 ], [ -99.219206568, 19.402849342000025 ], [ -99.219204499, 19.402920753999979 ], [ -99.21896148899998, 19.403039577000015 ], [ -99.218819071999974, 19.403107321999983 ], [ -99.218892497000013, 19.40330608 ], [ -99.218709063, 19.403439879000018 ], [ -99.218556155999977, 19.403417056000023 ], [ -99.218517702999975, 19.403390866999985 ], [ -99.218466756999987, 19.403337487999977 ], [ -99.218323135, 19.403424348999977 ], [ -99.218382142999985, 19.403495013999986 ], [ -99.218447163, 19.403536335000013 ], [ -99.218443706000016, 19.403567458999987 ], [ -99.218339227, 19.403705706999972 ], [ -99.218428749999987, 19.403776035000021 ], [ -99.218125346000022, 19.403826881999976 ], [ -99.217882751, 19.4038655 ], [ -99.217696500999978, 19.403889140999979 ], [ -99.217518251, 19.403906851999977 ], [ -99.217345078999983, 19.403934065999977 ], [ -99.217555582999978, 19.403803263999976 ], [ -99.217673377999972, 19.403705726 ], [ -99.217824040999972, 19.403580947000023 ], [ -99.218083681999985, 19.40340532099998 ], [ -99.218783308000013, 19.402921815000013 ], [ -99.218976508000026, 19.402789574 ], [ -99.21973493500002, 19.402318915000023 ], [ -99.219948839999972, 19.402179258 ], [ -99.220398946999978, 19.401885086 ], [ -99.220966809, 19.401510745999985 ], [ -99.221378657, 19.401274780999984 ] ] ] } },
{ "type": "Feature", "properties": { "subzona": "2.3", "nombre": "Zaragoza Norte", "area": "0.54 ha", "poblacion": "119", "almacen_carbono": "38.9 toneladas", "captura_carbono": "1.6 toneladas anuales", "reduccion_escorrentia": "34.7 mo anuales", "remocion_contaminantes": "18.6 kg anuales", "produccion_oxigeno": "1.93 ton anuales", "valor_servicios_mxn": "$20,445.90", "_mp": 0, "_mp_n": 1 }, "geometry": { "type": "Polygon", "coordinates": [ [ [ -99.217887430000019, 19.404060703000027 ], [ -99.217769325, 19.40423284100001 ], [ -99.217695154000012, 19.404309131 ], [ -99.217582086, 19.404341741 ], [ -99.217480939999973, 19.404449332000013 ], [ -99.217505706, 19.40451512300001 ], [ -99.217469904999973, 19.404531382000016 ], [ -99.217364459, 19.404403797999976 ], [ -99.217282749999981, 19.404464591000021 ], [ -99.217201391, 19.404482936000022 ], [ -99.217131655, 19.404479277 ], [ -99.217126545999974, 19.404546751 ], [ -99.217111445, 19.40462455 ], [ -99.217111854999985, 19.404812736 ], [ -99.216961761, 19.404853327000012 ], [ -99.216938597000023, 19.404795977 ], [ -99.216951972, 19.404699734000019 ], [ -99.216834670000026, 19.404531747000021 ], [ -99.216760740999973, 19.404491445000019 ], [ -99.216668912999978, 19.404352297 ], [ -99.216723393, 19.404320220999978 ], [ -99.216936632, 19.404199345 ], [ -99.217231411, 19.404028428 ], [ -99.217413799999974, 19.40398550499998 ], [ -99.217568003, 19.403959768 ], [ -99.217699337, 19.403950941 ], [ -99.217887430000019, 19.404060703000027 ] ] ] } },
{ "type": "Feature", "properties": { "subzona": "2.4.1", "nombre": "Retorno Sur", "area": "0.16 ha", "poblacion": "50", "almacen_carbono": "14.9 toneladas", "captura_carbono": "1.2 toneladas anuales", "reduccion_escorrentia": "23.4 mo anuales", "remocion_contaminantes": "12.5 kg anuales", "produccion_oxigeno": "0.78 ton anuales", "valor_servicios_mxn": "$11,046.00", "_mp": 0, "_mp_n": 1 }, "geometry": { "type": "Polygon", "coordinates": [ [ [ -99.211601409000025, 19.408412833999989 ], [ -99.211496462000014, 19.408398528000021 ], [ -99.211322618, 19.408444433999989 ], [ -99.211209059999987, 19.408479735000014 ], [ -99.211055633, 19.408550483 ], [ -99.211283518000016, 19.407846085000017 ], [ -99.211362548000011, 19.408077524000021 ], [ -99.211407473, 19.408142393999981 ], [ -99.211507154, 19.408299090000014 ], [ -99.211601409000025, 19.408412833999989 ] ] ] } },
{ "type": "Feature", "properties": { "subzona": "2.7", "nombre": "Estacionamiento Calle 10", "area": "0.81 ha", "poblacion": "269", "almacen_carbono": "118.7 toneladas", "captura_carbono": "4.9 toneladas anuales", "reduccion_escorrentia": "198.7 mo anuales", "remocion_contaminantes": "106.5 kg anuales", "produccion_oxigeno": "4.44 ton anuales", "valor_servicios_mxn": "$90,600.90", "_mp": 0, "_mp_n": 1 }, "geometry": { "type": "Polygon", "coordinates": [ [ [ -99.212672022, 19.408684204 ], [ -99.212515237, 19.408796944000017 ], [ -99.211903738999979, 19.409201326000016 ], [ -99.211773682, 19.409288748 ], [ -99.211698327000022, 19.409321732000024 ], [ -99.211498646, 19.409402231 ], [ -99.21124526, 19.409500572000013 ], [ -99.211155500000018, 19.409467178999989 ], [ -99.211046436, 19.409433982 ], [ -99.210993455999983, 19.409407117 ], [ -99.210942352000018, 19.409353173999989 ], [ -99.210865470999977, 19.409255418999976 ], [ -99.210954915, 19.408920935000026 ], [ -99.210999792, 19.408913837999989 ], [ -99.211011639, 19.408881285 ], [ -99.211036572000012, 19.408851691999985 ], [ -99.211078773999986, 19.408852282999987 ], [ -99.211080605, 19.408902925 ], [ -99.211204614999986, 19.408943867 ], [ -99.211410123, 19.408990867 ], [ -99.211479578000024, 19.40896877900002 ], [ -99.211515711, 19.408883705 ], [ -99.211532230999978, 19.408762272999979 ], [ -99.211484625000026, 19.408700071 ], [ -99.211518851, 19.408669035 ], [ -99.211573729, 19.408660949000023 ], [ -99.211625597000022, 19.408693987999982 ], [ -99.211741116999974, 19.408752481000022 ], [ -99.211800760000017, 19.408754441999974 ], [ -99.211840024000026, 19.408827915000018 ], [ -99.211966894999989, 19.408847933 ], [ -99.212034449999976, 19.408847290999972 ], [ -99.212102844000015, 19.408880738999983 ], [ -99.212146099, 19.408771302 ], [ -99.212213691999978, 19.408748243 ], [ -99.212277186999984, 19.408747302 ], [ -99.212333225, 19.408776311999986 ], [ -99.212416685999983, 19.408718781 ], [ -99.212429713, 19.40865822 ], [ -99.21249098200002, 19.408570833999988 ], [ -99.212588486000016, 19.408449280000013 ], [ -99.212606674000028, 19.408461483 ], [ -99.212672022, 19.408684204 ] ] ] } },
{ "type": "Feature", "properties": { "subzona": "2.5", "nombre": "Jose Ma. Velasco", "area": "0.41 ha", "poblacion": "177", "almacen_carbono": "50.6 toneladas", "captura_carbono": "4.5 toneladas anuales", "reduccion_escorrentia": "75.3 mo anuales", "remocion_contaminantes": "40.6 kg anuales", "produccion_oxigeno": "2.77 ton anuales", "valor_servicios_mxn": "$36,508.80", "_mp": 0, "_mp_n": 1 }, "geometry": { "type": "Polygon", "coordinates": [ [ [ -99.214159349999989, 19.408149148 ], [ -99.214277056000014, 19.408262338999975 ], [ -99.214183408999986, 19.408356043000026 ], [ -99.214001583000027, 19.408332743000017 ], [ -99.213937843999986, 19.40834897000002 ], [ -99.213922748000016, 19.408308589 ], [ -99.213910898999984, 19.408276839999985 ], [ -99.213962947000027, 19.408226556999978 ], [ -99.213984782000011, 19.408172945999979 ], [ -99.21389910900001, 19.408158566999987 ], [ -99.213787916, 19.408151598000018 ], [ -99.213733826, 19.408183380000025 ], [ -99.213774023999974, 19.408287842999982 ], [ -99.213757036, 19.408383220000019 ], [ -99.213554197, 19.408463082000026 ], [ -99.213295862, 19.408491654999978 ], [ -99.213282131000028, 19.408579267999983 ], [ -99.213191245000019, 19.408592912000017 ], [ -99.213068207999981, 19.408577380999986 ], [ -99.212998519, 19.408497989000011 ], [ -99.213059982, 19.408447809 ], [ -99.213275392000014, 19.408258197 ], [ -99.213524893999988, 19.408026397000015 ], [ -99.213760035, 19.407945245 ], [ -99.214026432000026, 19.408015716000023 ], [ -99.214067466000017, 19.408056525 ], [ -99.214159349999989, 19.408149148 ] ] ] } },
{ "type": "Feature", "properties": { "subzona": "2.6", "nombre": "Planicie Centro Hipico", "area": "3.25 ha", "poblacion": "1136", "almacen_carbono": "492.8 toneladas", "captura_carbono": "31.7 toneladas anuales", "reduccion_escorrentia": "479.3 mo anuales", "remocion_contaminantes": "257.7 kg anuales", "produccion_oxigeno": "18.22 ton anuales", "valor_servicios_mxn": "$274,711.40", "_mp": 0, "_mp_n": 1 }, "geometry": { "type": "Polygon", "coordinates": [ [ [ -99.210957412000027, 19.408425721000015 ], [ -99.210836111999981, 19.408823723000012 ], [ -99.210708956000019, 19.409221995999985 ], [ -99.210639763000017, 19.409434093000016 ], [ -99.210530011, 19.409747566000021 ], [ -99.210504211999989, 19.409874057000025 ], [ -99.210485979, 19.40994758 ], [ -99.210467934, 19.410021148999988 ], [ -99.210449951999976, 19.410119414 ], [ -99.210488311, 19.410195294 ], [ -99.21051737, 19.410279226 ], [ -99.210614425000017, 19.410530511 ], [ -99.210639432, 19.410618164000027 ], [ -99.210654421000015, 19.410701384 ], [ -99.210667119999982, 19.410800522999978 ], [ -99.21064723, 19.411017113000014 ], [ -99.210619581, 19.411361293000027 ], [ -99.210617223999975, 19.411390757999982 ], [ -99.210615905999987, 19.411491606000027 ], [ -99.210615436000012, 19.411677153000028 ], [ -99.210601458999975, 19.411806303 ], [ -99.210524425000017, 19.412067789999981 ], [ -99.210490322999988, 19.412189058000024 ], [ -99.21048056, 19.412337664 ], [ -99.210488691000023, 19.413147830000014 ], [ -99.21048919499998, 19.413253532999988 ], [ -99.210490866999976, 19.413323718000015 ], [ -99.210498255, 19.413393036 ], [ -99.210518756, 19.413481557000011 ], [ -99.210545524, 19.413568476000023 ], [ -99.210648172, 19.413775806 ], [ -99.210725465, 19.413915460999988 ], [ -99.210738225, 19.41393588699998 ], [ -99.210763578000012, 19.413964996 ], [ -99.210802735000016, 19.413997536000011 ], [ -99.210853704999977, 19.414027405000013 ], [ -99.210901138999986, 19.414043274 ], [ -99.210931174999985, 19.414049854999973 ], [ -99.210971028000017, 19.414053928999977 ], [ -99.211016798, 19.414053029 ], [ -99.211219696, 19.414045933000011 ], [ -99.211467267999979, 19.41403849 ], [ -99.211513228, 19.414038071 ], [ -99.211554015, 19.414041310000016 ], [ -99.211597461, 19.414046263999978 ], [ -99.211635378999972, 19.414054129000021 ], [ -99.211672119000013, 19.414063775999978 ], [ -99.211710661999973, 19.41407760200002 ], [ -99.2117485, 19.414092627 ], [ -99.211790085000018, 19.414112978999981 ], [ -99.211823685000013, 19.414133819000028 ], [ -99.211846051, 19.414149282999972 ], [ -99.211882565999986, 19.41417463800002 ], [ -99.211935176999987, 19.414223897999989 ], [ -99.21197341300001, 19.414267033999977 ], [ -99.212110284, 19.41452024199998 ], [ -99.212145286, 19.414583110000024 ], [ -99.212153936999982, 19.414610187 ], [ -99.212159186, 19.414633982 ], [ -99.212164011000027, 19.414658971 ], [ -99.212167185, 19.414693078000028 ], [ -99.212081078999972, 19.414680741999973 ], [ -99.211827344000028, 19.414675045000024 ], [ -99.211664229, 19.414726325 ], [ -99.211549444000013, 19.414692138000021 ], [ -99.211543402000018, 19.414652252999986 ], [ -99.211585692000028, 19.414526901999977 ], [ -99.211694435000027, 19.414475622 ], [ -99.211754848, 19.414390154999978 ], [ -99.211700477000022, 19.414207825 ], [ -99.211452783000027, 19.414167940000027 ], [ -99.211289667000017, 19.414196429000015 ], [ -99.211096344999987, 19.414247709999984 ], [ -99.210993643, 19.414373061 ], [ -99.210836568, 19.414327479 ], [ -99.210758031000012, 19.414384456999983 ], [ -99.210606998, 19.414384456999983 ], [ -99.210480131, 19.41429899000002 ], [ -99.210371387, 19.414259104999985 ], [ -99.210304931999985, 19.41411666 ], [ -99.210232437, 19.414048286000025 ], [ -99.210262643000021, 19.413848862 ], [ -99.210244519000014, 19.413598158000013 ], [ -99.210244519000014, 19.413427222999985 ], [ -99.210208271, 19.413307568999983 ], [ -99.210147858000028, 19.413130935000027 ], [ -99.210063279999986, 19.412891625999976 ], [ -99.210002867000014, 19.41261812800002 ], [ -99.209996825000019, 19.412378817999979 ], [ -99.210045155999978, 19.412287651999975 ], [ -99.209815586, 19.412162298999988 ], [ -99.209803502999989, 19.411985663999985 ], [ -99.209731007000016, 19.411951477 ], [ -99.209827668, 19.411752051 ], [ -99.209894123000026, 19.411546926000028 ], [ -99.210063279999986, 19.411267728999974 ], [ -99.210185285000023, 19.411188266000011 ], [ -99.210307085000011, 19.41099076 ], [ -99.210144872, 19.410887222999975 ], [ -99.210074721000012, 19.410774719000017 ], [ -99.210184207, 19.410591682000017 ], [ -99.210248603000025, 19.410329573000013 ], [ -99.210295477999978, 19.410062093000022 ], [ -99.210514550000028, 19.409623372999988 ], [ -99.210463587, 19.409459993999974 ], [ -99.210454681999977, 19.409393908000027 ], [ -99.210450784999978, 19.409235598 ], [ -99.210479261999978, 19.408948996 ], [ -99.210506531000021, 19.408734684000024 ], [ -99.210501833000023, 19.408628882000016 ], [ -99.210530461000019, 19.408593944000017 ], [ -99.210614409000016, 19.408512649999977 ], [ -99.210834971, 19.408405738 ], [ -99.210919693, 19.408369504 ], [ -99.210965191000014, 19.408377917 ], [ -99.210957412000027, 19.408425721000015 ] ] ] } },
{ "type": "Feature", "properties": { "subzona": "1.12", "nombre": "Cabecera Calle10", "area": "0.5 ha", "poblacion": "183", "almacen_carbono": "79.76 toneladas", "captura_carbono": "4.48 toneladas anuales", "reduccion_escorrentia": "63 mo anuales", "remocion_contaminantes": "34.79 kg anuales", "produccion_oxigeno": "3.59 ton anuales", "valor_servicios_mxn": "$39,779.00", "_mp": 0, "_mp_n": 1 }, "geometry": { "type": "Polygon", "coordinates": [ [ [ -99.216961169, 19.398305938000021 ], [ -99.217186046, 19.398646364 ], [ -99.217348824999988, 19.398850665 ], [ -99.217426085, 19.398904948 ], [ -99.217509851999978, 19.398939698999982 ], [ -99.217630744000019, 19.398965675999989 ], [ -99.217809312999975, 19.398963563999985 ], [ -99.217971552999984, 19.398947072 ], [ -99.218147385, 19.398890757 ], [ -99.218313196999986, 19.39877352100001 ], [ -99.218267224999977, 19.398902790000022 ], [ -99.218219232000024, 19.399074735999989 ], [ -99.217865636, 19.399087955000027 ], [ -99.217557673999977, 19.399043188 ], [ -99.217442839, 19.399092317999987 ], [ -99.217372340999987, 19.399092931999974 ], [ -99.217310043999987, 19.399092057000018 ], [ -99.217129632000024, 19.399173572999985 ], [ -99.217051976999983, 19.399143149999986 ], [ -99.217012372999989, 19.399144623999973 ], [ -99.216936761999989, 19.399107733999983 ], [ -99.216914186999986, 19.399058438999987 ], [ -99.216887398999972, 19.399016158 ], [ -99.216846938, 19.398937502000024 ], [ -99.216787529999976, 19.398875565000026 ], [ -99.216779323000026, 19.39882439500002 ], [ -99.216763706999984, 19.398776268 ], [ -99.216826696, 19.398621140999978 ], [ -99.216961169, 19.398305938000021 ] ] ] } },
{ "type": "Feature", "properties": { "subzona": "3.1", "nombre": "Triangulo Clausell", "area": "0.18 ha", "poblacion": "116", "almacen_carbono": "21.7 toneladas", "captura_carbono": "1.7 toneladas anuales", "reduccion_escorrentia": "28.2 mo anuales", "remocion_contaminantes": "15.82 kg anuales", "produccion_oxigeno": "1.26 ton anuales", "valor_servicios_mxn": "$13,705.04", "_mp": 0, "_mp_n": 1 }, "geometry": { "type": "Polygon", "coordinates": [ [ [ -99.215569695, 19.408776892999981 ], [ -99.215120566, 19.408753682999986 ], [ -99.214834732999975, 19.408695964 ], [ -99.214751299, 19.408679098999983 ], [ -99.214708755, 19.408654135 ], [ -99.214682783, 19.408634592 ], [ -99.214808689, 19.408631279000019 ], [ -99.214893725000024, 19.408609925 ], [ -99.214998507000018, 19.408560908000027 ], [ -99.215085484999975, 19.408460104000028 ], [ -99.215121141999987, 19.408401982999976 ], [ -99.215163786, 19.408336083 ], [ -99.215198766000015, 19.408283633 ], [ -99.215246173000025, 19.408216509 ], [ -99.215280009000026, 19.408189246 ], [ -99.215269397999975, 19.408223288999977 ], [ -99.215261336000026, 19.408292444999972 ], [ -99.215245584, 19.408411544999979 ], [ -99.21535823, 19.408633877999989 ], [ -99.215482429000019, 19.408717647 ], [ -99.215569695, 19.408776892999981 ] ] ] } },
{ "type": "Feature", "properties": { "subzona": "2.1.1", "nombre": "Estacionamiento Zaragoza", "area": "2.51 ha", "poblacion": "821", "almacen_carbono": "239.9 toneladas", "captura_carbono": "19.7 toneladas anuales", "reduccion_escorrentia": "289.2 mo anuales", "remocion_contaminantes": "155.7 kg anuales", "produccion_oxigeno": "12.72 ton anuales", "valor_servicios_mxn": "$151,846.90", "_mp": 0, "_mp_n": 1 }, "geometry": { "type": "Polygon", "coordinates": [ [ [ -99.220683130999987, 19.401610796999989 ], [ -99.220647789, 19.401584785000011 ], [ -99.220489643, 19.401494188000015 ], [ -99.220178519, 19.401169171999982 ], [ -99.220607632999986, 19.400941378000027 ], [ -99.220764949999989, 19.40093995 ], [ -99.220885683, 19.400897566000026 ], [ -99.220925804, 19.400847839999983 ], [ -99.221079452000026, 19.40078645 ], [ -99.221187037999982, 19.400720861000025 ], [ -99.22124273999998, 19.400584017000028 ], [ -99.221427652999978, 19.400480249999987 ], [ -99.221734747000028, 19.400372525000023 ], [ -99.222039075999987, 19.400008373999981 ], [ -99.222369921, 19.399888638 ], [ -99.222523495000019, 19.399675046000027 ], [ -99.222737240000015, 19.399298088000023 ], [ -99.222856338999975, 19.399044144000015 ], [ -99.22296314099998, 19.398898863 ], [ -99.223152930000026, 19.398710132000019 ], [ -99.223280236, 19.398584531999973 ], [ -99.223486267999988, 19.398603021999975 ], [ -99.223492255, 19.398764267 ], [ -99.223482747999981, 19.398922765 ], [ -99.223481400000026, 19.399129926 ], [ -99.223460472, 19.399275348 ], [ -99.223422926000012, 19.399387892999982 ], [ -99.223200924000025, 19.399664922 ], [ -99.22267019100002, 19.400306983 ], [ -99.222609832999979, 19.400364766 ], [ -99.22256065800002, 19.400385687999972 ], [ -99.222306848000017, 19.4002587 ], [ -99.222208602000023, 19.400237096000012 ], [ -99.222114240999986, 19.400264610000022 ], [ -99.222057748999987, 19.400280098 ], [ -99.221987649000027, 19.400349644000016 ], [ -99.221963567999978, 19.400378983999985 ], [ -99.22209280200002, 19.400471708999987 ], [ -99.222077051999975, 19.400497273999974 ], [ -99.221944038, 19.400409126 ], [ -99.221832279000012, 19.400532043999988 ], [ -99.221977363, 19.400626053999986 ], [ -99.222168483000019, 19.400770779000027 ], [ -99.222067437000021, 19.400843507 ], [ -99.221746165000013, 19.401024403 ], [ -99.22137145, 19.401201475 ], [ -99.220923426000013, 19.401453520000018 ], [ -99.220683130999987, 19.401610796999989 ] ] ] } },
{ "type": "Feature", "properties": { "subzona": "1.3", "nombre": "Teatro Alfonso Reyes", "area": "0.3 ha", "poblacion": "124", "almacen_carbono": "65.63 toneladas", "captura_carbono": "3.48 toneladas anuales", "reduccion_escorrentia": "63.8 mo anuales", "remocion_contaminantes": "34.68 kg anuales", "produccion_oxigeno": "2.43 ton anuales", "valor_servicios_mxn": "$35,992.60", "_mp": 0, "_mp_n": 1 }, "geometry": { "type": "Polygon", "coordinates": [ [ [ -99.222306259, 19.397378361999984 ], [ -99.222319094, 19.397413503 ], [ -99.222325094999974, 19.397440070000016 ], [ -99.22236243499998, 19.397558876 ], [ -99.222398656, 19.397693345999983 ], [ -99.222430447000022, 19.397803813999985 ], [ -99.222455046, 19.397877180000023 ], [ -99.222439834999989, 19.397939952 ], [ -99.22242720700001, 19.397994786000027 ], [ -99.222545062999984, 19.398115562999976 ], [ -99.222518627, 19.398148616000014 ], [ -99.222397652999973, 19.398047571 ], [ -99.222427655, 19.397864966999975 ], [ -99.222406625000019, 19.397801072 ], [ -99.222341283, 19.39772506700001 ], [ -99.222233202999973, 19.397664892000023 ], [ -99.222169246000021, 19.397688225000024 ], [ -99.222109672999977, 19.397721895000018 ], [ -99.222071706, 19.397863321999978 ], [ -99.222050334000016, 19.398054632000026 ], [ -99.222098809999977, 19.398148676 ], [ -99.222155911000016, 19.398215814000025 ], [ -99.222259125, 19.398198248000028 ], [ -99.222366360000024, 19.398189482000021 ], [ -99.222487780999984, 19.398231660000022 ], [ -99.222469903999979, 19.398259779 ], [ -99.222360515, 19.398248226000021 ], [ -99.222298947000013, 19.398260368000024 ], [ -99.222207860000026, 19.398273542000027 ], [ -99.222124126999972, 19.398301856999979 ], [ -99.222016110000027, 19.398329946999979 ], [ -99.221900204, 19.398370098999976 ], [ -99.22181053700001, 19.39840510800002 ], [ -99.221772406000014, 19.39838847599998 ], [ -99.221806657, 19.398203595999973 ], [ -99.221830784000019, 19.39805297700002 ], [ -99.221885553999982, 19.398039105 ], [ -99.221946662, 19.397704434 ], [ -99.222094428, 19.397616786000015 ], [ -99.222150817, 19.397489783000026 ], [ -99.222215466000023, 19.397391141000014 ], [ -99.222306259, 19.397378361999984 ] ] ] } },
{ "type": "Feature", "properties": { "subzona": "1.5", "nombre": "Juegos Madera", "area": "0.5 ha", "poblacion": "98", "almacen_carbono": "67.86 toneladas", "captura_carbono": "3.21 toneladas anuales", "reduccion_escorrentia": "56.4 mo anuales", "remocion_contaminantes": "30.56 kg anuales", "produccion_oxigeno": "1.92 ton anuales", "valor_servicios_mxn": "$34,221.60", "_mp": 0, "_mp_n": 1 }, "geometry": { "type": "Polygon", "coordinates": [ [ [ -99.221859898, 19.397651199 ], [ -99.221762800000022, 19.39784412 ], [ -99.221738360000018, 19.397888796000018 ], [ -99.221762821000027, 19.397919923000018 ], [ -99.221716339000011, 19.397935468000014 ], [ -99.221656444000018, 19.397953402999974 ], [ -99.221601166000028, 19.397989929 ], [ -99.221584205, 19.398034613999982 ], [ -99.221459369, 19.398029426999983 ], [ -99.221353164999982, 19.398080742 ], [ -99.221350313000016, 19.398146204 ], [ -99.221283447000019, 19.398173104000023 ], [ -99.221202001, 19.398182073999976 ], [ -99.221140486000024, 19.398248196999987 ], [ -99.221181565999984, 19.398271212999987 ], [ -99.22139389199998, 19.398208601000022 ], [ -99.221501475000025, 19.398193793000019 ], [ -99.221712879999984, 19.398133186 ], [ -99.221663730999978, 19.398372460000019 ], [ -99.221706617999985, 19.398384398000019 ], [ -99.221700223000028, 19.398461371 ], [ -99.221604162, 19.398474852 ], [ -99.221486444999982, 19.398394876999987 ], [ -99.221431815000017, 19.398332663000019 ], [ -99.221349659999987, 19.398342426999989 ], [ -99.221326934, 19.398397364 ], [ -99.221303123999974, 19.398487267 ], [ -99.22121583, 19.39846143 ], [ -99.221110818999989, 19.39837079 ], [ -99.221056401, 19.398369864000017 ], [ -99.220998690999977, 19.398291108000024 ], [ -99.221069031000013, 19.398215833999984 ], [ -99.221142106, 19.398139926999988 ], [ -99.221142021999981, 19.398139855000011 ], [ -99.221008257, 19.398025471999972 ], [ -99.220987340000022, 19.398004926 ], [ -99.221003301999986, 19.397884353999984 ], [ -99.221016339000016, 19.397811954000019 ], [ -99.221038873, 19.397803225000018 ], [ -99.221088915999985, 19.397794635000025 ], [ -99.221114535000027, 19.397790195000027 ], [ -99.221144958000025, 19.397767776000023 ], [ -99.221195496, 19.397741252 ], [ -99.221278058999985, 19.397707694000019 ], [ -99.221362672999987, 19.397683482 ], [ -99.221401652, 19.397719352000024 ], [ -99.221502428, 19.397699623 ], [ -99.22153024, 19.397658633 ], [ -99.221532851, 19.397654785999976 ], [ -99.221545416000026, 19.397648179999976 ], [ -99.221622821999972, 19.397650957 ], [ -99.221665950999977, 19.397617121999986 ], [ -99.221674661, 19.397608670000011 ], [ -99.221687855000027, 19.397567016999972 ], [ -99.221697396000025, 19.397552387000019 ], [ -99.221717290000015, 19.397540000999982 ], [ -99.221756418999973, 19.397535115999972 ], [ -99.221766472000013, 19.397548157000017 ], [ -99.221764826000026, 19.397581252 ], [ -99.221757219999972, 19.397588426000027 ], [ -99.221804755999983, 19.397615329000018 ], [ -99.221859898, 19.397651199 ] ] ] } },
{ "type": "Feature", "properties": { "subzona": "1.7", "nombre": "Lindero Norte", "area": "0.53 ha", "poblacion": "355", "almacen_carbono": "127.34 toneladas", "captura_carbono": "6.65 toneladas anuales", "reduccion_escorrentia": "141.5 mo anuales", "remocion_contaminantes": "77.79 kg anuales", "produccion_oxigeno": "6.96 ton anuales", "valor_servicios_mxn": "$75,566.10", "_mp": 0, "_mp_n": 1 }, "geometry": { "type": "Polygon", "coordinates": [ [ [ -99.222331444000019, 19.398339029999988 ], [ -99.222259179, 19.398398569 ], [ -99.222129855, 19.398510848 ], [ -99.222037605000025, 19.398648297000022 ], [ -99.221958687999972, 19.398770862999982 ], [ -99.221802812000021, 19.398854178000022 ], [ -99.221545155, 19.398899234 ], [ -99.221458631000019, 19.39901418 ], [ -99.221306459, 19.399160744000028 ], [ -99.22101081, 19.399314507999975 ], [ -99.220854942000017, 19.399357464 ], [ -99.220666661999985, 19.39941957100001 ], [ -99.220369100000028, 19.399539085000015 ], [ -99.220175043999973, 19.399584043 ], [ -99.220086303000016, 19.399580598999989 ], [ -99.220002336, 19.399514206999982 ], [ -99.219600742000011, 19.399494197000024 ], [ -99.219541994, 19.399606722999977 ], [ -99.219508796000014, 19.399617658000011 ], [ -99.219480316999977, 19.399577583 ], [ -99.219536095000024, 19.399432486000023 ], [ -99.219491662, 19.399431239000023 ], [ -99.219643776, 19.399375641 ], [ -99.219809086999987, 19.399408435 ], [ -99.219924352000021, 19.399440699000024 ], [ -99.220008851999978, 19.39932901100002 ], [ -99.220111529, 19.399340667999979 ], [ -99.22021420599998, 19.399360397 ], [ -99.220302623, 19.39937833099998 ], [ -99.220401211000024, 19.399377441000013 ], [ -99.220506858000022, 19.399360520000016 ], [ -99.220603143, 19.399343430999977 ], [ -99.220695394000018, 19.399314689 ], [ -99.220804601999987, 19.399250097 ], [ -99.220925818000012, 19.39917791 ], [ -99.221026594000023, 19.399117827999987 ], [ -99.221105503999979, 19.399077923 ], [ -99.221234905000017, 19.398998216999985 ], [ -99.221295646999977, 19.398958656 ], [ -99.221345410000026, 19.398896551 ], [ -99.22139334100001, 19.398868855999979 ], [ -99.221390242999973, 19.398809796000023 ], [ -99.221463449, 19.398758682 ], [ -99.221549013000015, 19.398827730999983 ], [ -99.221689718999983, 19.398762268999974 ], [ -99.221769603999974, 19.398769275 ], [ -99.221802855000021, 19.39873716 ], [ -99.221818066000026, 19.398674388000018 ], [ -99.22182282, 19.398616995999987 ], [ -99.221833276999973, 19.398558708 ], [ -99.221852292, 19.398460962 ], [ -99.221889369999985, 19.398415227999976 ], [ -99.222013914, 19.398397293000016 ], [ -99.222084267000014, 19.398430473000019 ], [ -99.222137507000014, 19.398413435 ], [ -99.222138458000018, 19.398346178999986 ], [ -99.222212614, 19.398312998999984 ], [ -99.222297227000013, 19.398302237999985 ], [ -99.222331444000019, 19.398339029999988 ] ] ] } },
{ "type": "Feature", "properties": { "subzona": "1.6", "nombre": "Glorieta", "area": "0.31 ha", "poblacion": "81", "almacen_carbono": "87.91 toneladas", "captura_carbono": "3.28 toneladas anuales", "reduccion_escorrentia": "50.5 mo anuales", "remocion_contaminantes": "27.51 kg anuales", "produccion_oxigeno": "1.61 ton anuales", "valor_servicios_mxn": "$37,499.40", "_mp": 0, "_mp_n": 2 }, "geometry": { "type": "Polygon", "coordinates": [ [ [ -99.221620926000014, 19.398672783999984 ], [ -99.221608908, 19.398646589 ], [ -99.221560722, 19.398488063 ], [ -99.221597499999973, 19.398501316000022 ], [ -99.221669754, 19.398496831999978 ], [ -99.221737255, 19.398486967999986 ], [ -99.221761023, 19.398521941000013 ], [ -99.221796200000028, 19.398603545000014 ], [ -99.221807602000013, 19.398641216999977 ], [ -99.221772432000023, 19.398660039999982 ], [ -99.22173576900002, 19.398627022000028 ], [ -99.221681163000028, 19.398649278999983 ], [ -99.221620926000014, 19.398672783999984 ] ] ] } },
{ "type": "Feature", "properties": { "subzona": "1.6", "nombre": "Glorieta", "area": "0.31 ha", "poblacion": "81", "almacen_carbono": "87.91 toneladas", "captura_carbono": "3.28 toneladas anuales", "reduccion_escorrentia": "50.5 mo anuales", "remocion_contaminantes": "27.51 kg anuales", "produccion_oxigeno": "1.61 ton anuales", "valor_servicios_mxn": "$37,499.40", "_mp": 1, "_mp_n": 2 }, "geometry": { "type": "Polygon", "coordinates": [ [ [ -99.221538459999977, 19.398678178000011 ], [ -99.221493872, 19.398732676 ], [ -99.221428272000026, 19.398683355 ], [ -99.221257143, 19.398637620999978 ], [ -99.221194245, 19.398622468999974 ], [ -99.221169676999978, 19.398645692 ], [ -99.221119688999977, 19.398612894 ], [ -99.221035751999977, 19.39856998099998 ], [ -99.22101231900001, 19.398570828 ], [ -99.220978702000025, 19.398609492999981 ], [ -99.220913823999979, 19.398698879 ], [ -99.220815637999976, 19.398788538000019 ], [ -99.220754323999984, 19.398843715999988 ], [ -99.220664418000013, 19.398841017 ], [ -99.220531175000019, 19.39877995400002 ], [ -99.220309827999984, 19.398598908999986 ], [ -99.220341836999978, 19.398556910000025 ], [ -99.220386076000011, 19.398522819 ], [ -99.220426313000019, 19.398505194 ], [ -99.220492927, 19.398491611 ], [ -99.220611575000021, 19.398483613 ], [ -99.220669374000011, 19.398444258999973 ], [ -99.220767470999988, 19.398443048 ], [ -99.220873211000026, 19.398441479999974 ], [ -99.220904067999982, 19.39841144899998 ], [ -99.220937889000027, 19.398401490000026 ], [ -99.220964286000026, 19.398425722000013 ], [ -99.220987523000019, 19.398463101 ], [ -99.220982275999972, 19.398489233000021 ], [ -99.221047352000028, 19.398501016000012 ], [ -99.221248587, 19.398562294999977 ], [ -99.22127571599998, 19.398551450000014 ], [ -99.221323711000025, 19.398495265 ], [ -99.221329396999977, 19.398463653000022 ], [ -99.221339930999989, 19.398416671 ], [ -99.221376932999988, 19.398391913000012 ], [ -99.221410208, 19.398408951000022 ], [ -99.221443034, 19.398436890000028 ], [ -99.221432807999975, 19.398461396000016 ], [ -99.221415638999986, 19.398497341999985 ], [ -99.221383952999986, 19.398509581999974 ], [ -99.221355500000016, 19.398519889999989 ], [ -99.221312066999985, 19.398570440000015 ], [ -99.221538459999977, 19.398678178000011 ] ] ] } },
{ "type": "Feature", "properties": { "subzona": "1.8", "nombre": "Orquesta Cri Cri", "area": "0.23 ha", "poblacion": "60", "almacen_carbono": "54.89 toneladas", "captura_carbono": "2.74 toneladas anuales", "reduccion_escorrentia": "45.7 mo anuales", "remocion_contaminantes": "25.02 kg anuales", "produccion_oxigeno": "1.23 ton anuales", "valor_servicios_mxn": "$27,878.60", "_mp": 0, "_mp_n": 3 }, "geometry": { "type": "Polygon", "coordinates": [ [ [ -99.220533311, 19.398091082 ], [ -99.220505950000017, 19.398076950000018 ], [ -99.220517503, 19.398045368999988 ], [ -99.220520879999981, 19.398013174000027 ], [ -99.220504881000011, 19.397976977999974 ], [ -99.22049081, 19.397945143000015 ], [ -99.220594493000021, 19.397903185000018 ], [ -99.220697170999983, 19.397857451 ], [ -99.220759918, 19.397840412999983 ], [ -99.220837877, 19.397822478000023 ], [ -99.220913934, 19.397906772 ], [ -99.220946259000016, 19.39793008800001 ], [ -99.220972878999987, 19.398037698 ], [ -99.220945113000028, 19.398131550000016 ], [ -99.220927744999983, 19.398146063000013 ], [ -99.220870215, 19.398108606999983 ], [ -99.220749332000025, 19.398192549999976 ], [ -99.220823071999973, 19.398278563000019 ], [ -99.220796044999986, 19.398308515999986 ], [ -99.220708549, 19.398242716000027 ], [ -99.220622801, 19.398160798999982 ], [ -99.220533311, 19.398091082 ] ] ] } },
{ "type": "Feature", "properties": { "subzona": "1.8", "nombre": "Orquesta Cri Cri", "area": "0.23 ha", "poblacion": "60", "almacen_carbono": "54.89 toneladas", "captura_carbono": "2.74 toneladas anuales", "reduccion_escorrentia": "45.7 mo anuales", "remocion_contaminantes": "25.02 kg anuales", "produccion_oxigeno": "1.23 ton anuales", "valor_servicios_mxn": "$27,878.60", "_mp": 1, "_mp_n": 3 }, "geometry": { "type": "Polygon", "coordinates": [ [ [ -99.220489913999984, 19.39813096 ], [ -99.220505485, 19.398137097000017 ], [ -99.220557736999979, 19.398206846999983 ], [ -99.220618877, 19.398265083000013 ], [ -99.220588264000014, 19.39838821 ], [ -99.220510830000023, 19.39836232 ], [ -99.220419615000026, 19.398313046 ], [ -99.220413856999983, 19.398306721999973 ], [ -99.220337799999982, 19.398220633999983 ], [ -99.220298211999989, 19.398219622 ], [ -99.220247882000024, 19.398231004000024 ], [ -99.220228046999978, 19.398266396999986 ], [ -99.220213355999988, 19.39822324 ], [ -99.220214194999983, 19.398191032 ], [ -99.220242399000028, 19.398179003 ], [ -99.220278521000012, 19.398186098 ], [ -99.220325574000015, 19.398177596999972 ], [ -99.220345265, 19.3981579 ], [ -99.220385335, 19.398190145 ], [ -99.220436759999984, 19.398197804 ], [ -99.220468856000025, 19.398176060000026 ], [ -99.220489913999984, 19.39813096 ] ] ] } },
{ "type": "Feature", "properties": { "subzona": "1.8", "nombre": "Orquesta Cri Cri", "area": "0.23 ha", "poblacion": "60", "almacen_carbono": "54.89 toneladas", "captura_carbono": "2.74 toneladas anuales", "reduccion_escorrentia": "45.7 mo anuales", "remocion_contaminantes": "25.02 kg anuales", "produccion_oxigeno": "1.23 ton anuales", "valor_servicios_mxn": "$27,878.60", "_mp": 2, "_mp_n": 3 }, "geometry": { "type": "Polygon", "coordinates": [ [ [ -99.220312397999976, 19.398378370999978 ], [ -99.22031404, 19.398382599 ], [ -99.220357385, 19.398427706 ], [ -99.220340259000011, 19.398484434000011 ], [ -99.22027545200001, 19.398539723 ], [ -99.220182086000023, 19.398561487 ], [ -99.220148874000017, 19.398527231 ], [ -99.220172371, 19.398475170999973 ], [ -99.220193979999976, 19.398427294999976 ], [ -99.220226347999983, 19.398389211 ], [ -99.220312397999976, 19.398378370999978 ] ] ] } },
{ "type": "Feature", "properties": { "subzona": "1.9", "nombre": "Triciclos y Juegos", "area": "1.17 ha", "poblacion": "399", "almacen_carbono": "247.98 toneladas", "captura_carbono": "9.94 toneladas anuales", "reduccion_escorrentia": "184.9 mo anuales", "remocion_contaminantes": "101.16 kg anuales", "produccion_oxigeno": "8.05 ton anuales", "valor_servicios_mxn": "$118,856.30", "_mp": 0, "_mp_n": 1 }, "geometry": { "type": "Polygon", "coordinates": [ [ [ -99.220270299, 19.397314917000017 ], [ -99.220272200000011, 19.397383069999989 ], [ -99.220256989, 19.397402797999973 ], [ -99.220256512999981, 19.397431046 ], [ -99.220240350999973, 19.397471399999972 ], [ -99.220226566, 19.397488887 ], [ -99.220211354000014, 19.397499648 ], [ -99.220205650000025, 19.397600083999976 ], [ -99.220171424, 19.397793782 ], [ -99.220198044000028, 19.397994654 ], [ -99.220095367, 19.398055633000013 ], [ -99.220049674999984, 19.398024352999983 ], [ -99.220026882000013, 19.398008749999974 ], [ -99.220004098, 19.397980306000022 ], [ -99.220019257, 19.397889498999973 ], [ -99.219918313999983, 19.397801534 ], [ -99.219793319000019, 19.397842947000015 ], [ -99.219772450999983, 19.39797224199998 ], [ -99.219848436, 19.39803186 ], [ -99.219883096999979, 19.398052630999985 ], [ -99.219947558, 19.398027744999979 ], [ -99.220032619, 19.398043078 ], [ -99.220047868, 19.398068739 ], [ -99.220073355000011, 19.398096028999987 ], [ -99.220104443000025, 19.398130236999975 ], [ -99.220161046999976, 19.398173795 ], [ -99.220138185, 19.398207942999989 ], [ -99.220179504999976, 19.398251674999983 ], [ -99.220209997999973, 19.398268982 ], [ -99.220206292, 19.398352545000023 ], [ -99.220130875, 19.398383548000027 ], [ -99.220118744999979, 19.398467270000026 ], [ -99.220092148, 19.398565078 ], [ -99.220085811999979, 19.398682697000027 ], [ -99.219991735, 19.398712037999985 ], [ -99.219920296999987, 19.398737101 ], [ -99.21982441199998, 19.398714069 ], [ -99.219723235, 19.398687056000028 ], [ -99.219685081000023, 19.398676191 ], [ -99.219611661999977, 19.398685984999986 ], [ -99.219493087999979, 19.398766865000027 ], [ -99.219407381, 19.398793131 ], [ -99.219335409, 19.398824778 ], [ -99.219261425000013, 19.398855718 ], [ -99.219201714, 19.398834388000012 ], [ -99.219205374000012, 19.398779873000024 ], [ -99.21916747, 19.398745610999981 ], [ -99.219175424000014, 19.398719469000014 ], [ -99.219005214, 19.398616037000011 ], [ -99.218918158, 19.398567397000022 ], [ -99.218937664, 19.398553263999986 ], [ -99.218981107, 19.398526009000022 ], [ -99.219036408000022, 19.398493706000011 ], [ -99.219067737999978, 19.39841779 ], [ -99.219116390000011, 19.398337517000016 ], [ -99.219155258, 19.398274577 ], [ -99.219207444, 19.398200267999982 ], [ -99.21925365300001, 19.398155426000017 ], [ -99.219312197000022, 19.398136614 ], [ -99.219378813, 19.398106578000011 ], [ -99.219434834000026, 19.398080736 ], [ -99.219501348, 19.398046272999977 ], [ -99.219559162, 19.398016176 ], [ -99.219606586, 19.397986440000011 ], [ -99.219625713000028, 19.397953402999974 ], [ -99.21965523199998, 19.397901537 ], [ -99.219659938, 19.397842206 ], [ -99.219656136000026, 19.397786608 ], [ -99.219650431, 19.397747150999976 ], [ -99.219631417000016, 19.397713074000023 ], [ -99.219600994000018, 19.397670029999972 ], [ -99.219578177000017, 19.397635954 ], [ -99.219494514000019, 19.39756780099998 ], [ -99.219654234000018, 19.397510409 ], [ -99.219821560000014, 19.397456604000013 ], [ -99.220051634000015, 19.397384863000013 ], [ -99.220270299, 19.397314917000017 ] ] ] } },
{ "type": "Feature", "properties": { "subzona": "3.4", "nombre": "Helipuerto", "area": "0.45 ha", "poblacion": "146", "almacen_carbono": "74.4 toneladas", "captura_carbono": "2.9 toneladas anuales", "reduccion_escorrentia": "41 mo anuales", "remocion_contaminantes": "22.32 kg anuales", "produccion_oxigeno": "2.12 ton anuales", "valor_servicios_mxn": "$30,221.18", "_mp": 0, "_mp_n": 1 }, "geometry": { "type": "Polygon", "coordinates": [ [ [ -99.221073817999979, 19.407257508999976 ], [ -99.22095605200002, 19.407441107000011 ], [ -99.220737134, 19.407628220999982 ], [ -99.220161530999974, 19.407393415 ], [ -99.22028764800001, 19.407143342999973 ], [ -99.220345753, 19.407023735 ], [ -99.220377164000013, 19.406949219000012 ], [ -99.220422133999989, 19.406847178000021 ], [ -99.220837723999978, 19.407092990000024 ], [ -99.221073817999979, 19.407257508999976 ] ] ] } },
{ "type": "Feature", "properties": { "subzona": "1.14", "nombre": "Constituyentes 2", "area": "0.94 ha", "poblacion": "346", "almacen_carbono": "157 toneladas", "captura_carbono": "8.1 toneladas anuales", "reduccion_escorrentia": "158.6 mo anuales", "remocion_contaminantes": "86.65 kg anuales", "produccion_oxigeno": "6.78 ton anuales", "valor_servicios_mxn": "$88,071.80", "_mp": 0, "_mp_n": 2 }, "geometry": { "type": "Polygon", "coordinates": [ [ [ -99.218557983999972, 19.398153303000015 ], [ -99.218442810999989, 19.397671608999985 ], [ -99.218579224999985, 19.397663288999979 ], [ -99.218575422000015, 19.397645354000019 ], [ -99.219069795, 19.397584375 ], [ -99.219085006, 19.397591549000026 ], [ -99.219073598000023, 19.39763818 ], [ -99.218963314, 19.39772068100001 ], [ -99.21871993100001, 19.39793948800002 ], [ -99.218609647999983, 19.39808655500002 ], [ -99.218557983999972, 19.398153303000015 ] ] ] } },
{ "type": "Feature", "properties": { "subzona": "1.14", "nombre": "Constituyentes 2", "area": "0.94 ha", "poblacion": "346", "almacen_carbono": "157 toneladas", "captura_carbono": "8.1 toneladas anuales", "reduccion_escorrentia": "158.6 mo anuales", "remocion_contaminantes": "86.65 kg anuales", "produccion_oxigeno": "6.78 ton anuales", "valor_servicios_mxn": "$88,071.80", "_mp": 1, "_mp_n": 2 }, "geometry": { "type": "Polygon", "coordinates": [ [ [ -99.218363195, 19.397684704000028 ], [ -99.218467412999985, 19.398262446 ], [ -99.218450178000012, 19.398319263000019 ], [ -99.218362461000027, 19.398491885 ], [ -99.218244572, 19.398678408000023 ], [ -99.218100063, 19.398778843 ], [ -99.217997385999979, 19.398818300000016 ], [ -99.217841468000017, 19.39885417 ], [ -99.217689354000015, 19.398861344000011 ], [ -99.21752583, 19.398850583000012 ], [ -99.217404138, 19.398771668999984 ], [ -99.217320475, 19.398689169000022 ], [ -99.217194980999977, 19.398506232999978 ], [ -99.217115120000017, 19.398380687999975 ], [ -99.217069486000014, 19.398308948000022 ], [ -99.217020048999984, 19.398204926 ], [ -99.217023852000011, 19.398158294999973 ], [ -99.217027654999981, 19.398126011999977 ], [ -99.21705427500001, 19.398079381 ], [ -99.21718357200001, 19.398039923999988 ], [ -99.217217797999979, 19.398133186 ], [ -99.217252024, 19.398136772999976 ], [ -99.217488496999977, 19.398741234999989 ], [ -99.217866844000014, 19.398660129 ], [ -99.217950728, 19.398555362000025 ], [ -99.217963528999974, 19.39819785100002 ], [ -99.217987982000011, 19.397898468999983 ], [ -99.217983845999981, 19.397762654000019 ], [ -99.218363195, 19.397684704000028 ] ] ] } },
{ "type": "Feature", "properties": { "subzona": "1.13", "nombre": "Constituyentes 1", "area": "0.84 ha", "poblacion": "285", "almacen_carbono": "227.87 toneladas", "captura_carbono": "10.68 toneladas anuales", "reduccion_escorrentia": "144 mo anuales", "remocion_contaminantes": "78.32 kg anuales", "produccion_oxigeno": "5.58 ton anuales", "valor_servicios_mxn": "$101,577.80", "_mp": 0, "_mp_n": 1 }, "geometry": { "type": "Polygon", "coordinates": [ [ [ -99.21681849700002, 19.399076562 ], [ -99.215175658000021, 19.398653298999989 ], [ -99.21592102, 19.398409384 ], [ -99.215989472, 19.39843808 ], [ -99.216103557999986, 19.398459602 ], [ -99.216172009, 19.398463188999983 ], [ -99.216206235000016, 19.398452427999985 ], [ -99.216255671999988, 19.398409384 ], [ -99.216282292000017, 19.398380687999975 ], [ -99.216316517999985, 19.398330470000019 ], [ -99.216324123999982, 19.398301774 ], [ -99.216339334999986, 19.398287426000024 ], [ -99.216434407, 19.398240795 ], [ -99.216639762, 19.398183404 ], [ -99.216860328, 19.398093728999982 ], [ -99.216943991, 19.39810448999998 ], [ -99.216845117, 19.398359165999977 ], [ -99.216742438999972, 19.398631777 ], [ -99.216696805000026, 19.398789604 ], [ -99.216704411000023, 19.398861344000011 ], [ -99.216734834000022, 19.398943843999973 ], [ -99.216761454, 19.398972539999988 ], [ -99.216814694, 19.39903351800001 ], [ -99.216837511, 19.399065801 ], [ -99.21681849700002, 19.399076562 ] ] ] } },
{ "type": "Feature", "properties": { "subzona": "1.15", "nombre": "Camellon Constituyentes", "area": "0.38 ha", "poblacion": "147", "almacen_carbono": "91.06 toneladas", "captura_carbono": "3.17 toneladas anuales", "reduccion_escorrentia": "39.9 mo anuales", "remocion_contaminantes": "22.32 kg anuales", "produccion_oxigeno": "2.88 ton anuales", "valor_servicios_mxn": "$35,408.00", "_mp": 0, "_mp_n": 1 }, "geometry": { "type": "Polygon", "coordinates": [ [ [ -99.219062189, 19.397492906000025 ], [ -99.218541196, 19.397593342 ], [ -99.218522182000015, 19.397593342 ], [ -99.218514576000018, 19.397553884999979 ], [ -99.21866669100001, 19.397510840999985 ], [ -99.219062189, 19.397385295999982 ], [ -99.219469096000012, 19.39724898999998 ], [ -99.219541349999986, 19.397270511999977 ], [ -99.219765719, 19.397191597000017 ], [ -99.219834171, 19.397141379 ], [ -99.220225867000011, 19.397026595 ], [ -99.220393193, 19.396987137999986 ], [ -99.221385194999982, 19.396709287000022 ], [ -99.222233781, 19.396438322999984 ], [ -99.222218569, 19.396502888999976 ], [ -99.222132524000017, 19.396567418000018 ], [ -99.221237015999975, 19.396845867000025 ], [ -99.22116517500001, 19.396829309 ], [ -99.219792340000026, 19.397266925 ], [ -99.219062189, 19.397492906000025 ] ] ] } },
{ "type": "Feature", "properties": { "subzona": "3.6", "nombre": "Auvernia Poniente", "area": "0.86 ha", "poblacion": "262", "almacen_carbono": "106.3 toneladas", "captura_carbono": "4.6 toneladas anuales", "reduccion_escorrentia": "55.6 mo anuales", "remocion_contaminantes": "30.64 kg anuales", "produccion_oxigeno": "3.36 ton anuales", "valor_servicios_mxn": "$42,656.78", "_mp": 0, "_mp_n": 1 }, "geometry": { "type": "Polygon", "coordinates": [ [ [ -99.222132406000014, 19.40577482499998 ], [ -99.221881957, 19.405993995000017 ], [ -99.221824385, 19.405994006000014 ], [ -99.221753244000013, 19.405948137999985 ], [ -99.221707681, 19.405894183999976 ], [ -99.221657418, 19.405834696 ], [ -99.22160892, 19.405774252000015 ], [ -99.221695591000014, 19.405675253000027 ], [ -99.221718107000015, 19.405649617 ], [ -99.221735363999983, 19.405627959000014 ], [ -99.221762055, 19.405594609 ], [ -99.22182097000001, 19.405521642999986 ], [ -99.222009347999972, 19.405370060999985 ], [ -99.222112348999985, 19.40528558 ], [ -99.222279931, 19.405215387 ], [ -99.222395663999976, 19.405167548 ], [ -99.222559542, 19.405142287999979 ], [ -99.22266369099998, 19.405133611 ], [ -99.222779998000021, 19.405120446000012 ], [ -99.222859613000026, 19.405121496999982 ], [ -99.222944305999988, 19.405123925999987 ], [ -99.223010263999981, 19.405338122999979 ], [ -99.222817693000025, 19.405364207 ], [ -99.222826758, 19.405474449999986 ], [ -99.222850827, 19.405647967999982 ], [ -99.222879228000011, 19.405766570000026 ], [ -99.222880703999977, 19.40586 ], [ -99.22281046400002, 19.405891194 ], [ -99.222663264, 19.405931554 ], [ -99.222472975000017, 19.405919209999979 ], [ -99.222177037999984, 19.405725987999972 ], [ -99.222132406000014, 19.40577482499998 ] ] ] } },
{ "type": "Feature", "properties": { "subzona": "3.5", "nombre": "Auvernia Oriente", "area": "0.39 ha", "poblacion": "197", "almacen_carbono": "71.6 toneladas", "captura_carbono": "3 toneladas anuales", "reduccion_escorrentia": "31 mo anuales", "remocion_contaminantes": "17.13 kg anuales", "produccion_oxigeno": "2.21 ton anuales", "valor_servicios_mxn": "$26,945.48", "_mp": 0, "_mp_n": 1 }, "geometry": { "type": "Polygon", "coordinates": [ [ [ -99.221794005999982, 19.406026180000026 ], [ -99.221521312, 19.406252317999986 ], [ -99.221228584000016, 19.406480166 ], [ -99.220985136000024, 19.406650061 ], [ -99.220823515, 19.406608668 ], [ -99.220756795999989, 19.406569072000025 ], [ -99.220692005999979, 19.40650537 ], [ -99.220754270999976, 19.406444001000011 ], [ -99.22081392299998, 19.406385903 ], [ -99.22085172200002, 19.406349808000016 ], [ -99.22089027200002, 19.406311463 ], [ -99.22098989, 19.406246239999973 ], [ -99.221113425999988, 19.406164817999979 ], [ -99.221383662999983, 19.405980655 ], [ -99.221485028000018, 19.405886147 ], [ -99.221535049000011, 19.405839167000011 ], [ -99.221575513, 19.405802225 ], [ -99.221642314, 19.405882895 ], [ -99.221686427, 19.405934350999985 ], [ -99.221721323, 19.405976913000018 ], [ -99.221794005999982, 19.406026180000026 ] ] ] } },
{ "type": "Feature", "properties": { "subzona": "3.2", "nombre": "Planicie Clausell", "area": "1.71 ha", "poblacion": "456", "almacen_carbono": "252.4 toneladas", "captura_carbono": "7.6 toneladas anuales", "reduccion_escorrentia": "93.1 mo anuales", "remocion_contaminantes": "51.21 kg anuales", "produccion_oxigeno": "5.56 ton anuales", "valor_servicios_mxn": "$89,634.70", "_mp": 0, "_mp_n": 2 }, "geometry": { "type": "Polygon", "coordinates": [ [ [ -99.220766691999984, 19.406370804 ], [ -99.220660365000015, 19.406476684999973 ], [ -99.220558883000024, 19.406425803 ], [ -99.220570096000017, 19.406383571 ], [ -99.220614542000021, 19.406351672000028 ], [ -99.220674934999977, 19.406286561 ], [ -99.220682889999978, 19.40620621 ], [ -99.220678728999985, 19.406110571 ], [ -99.220807739, 19.406098937000024 ], [ -99.220888378999973, 19.406098838999981 ], [ -99.221061674, 19.406037416 ], [ -99.22116236, 19.405953126999975 ], [ -99.221142096999984, 19.405876637 ], [ -99.221104727000011, 19.405782021 ], [ -99.221158542000012, 19.405678906 ], [ -99.22118057199998, 19.405560985000022 ], [ -99.221294738999973, 19.405451791000019 ], [ -99.221423690999984, 19.405398073000015 ], [ -99.221502424, 19.405390329 ], [ -99.221502428, 19.405390329 ], [ -99.221507411, 19.405476858999975 ], [ -99.221696045999977, 19.405531875 ], [ -99.221725213000013, 19.405564169 ], [ -99.22158786, 19.405730109999979 ], [ -99.22146707600001, 19.405844840999976 ], [ -99.221347478999974, 19.405957380000018 ], [ -99.221247313999982, 19.406025351999972 ], [ -99.221128608000015, 19.406105271 ], [ -99.220986931000027, 19.406198655000026 ], [ -99.220986665, 19.406198790000019 ], [ -99.220895617, 19.406257666999977 ], [ -99.220832624000025, 19.406305443 ], [ -99.220766691999984, 19.406370804 ] ] ] } },
{ "type": "Feature", "properties": { "subzona": "3.2", "nombre": "Planicie Clausell", "area": "1.71 ha", "poblacion": "456", "almacen_carbono": "252.4 toneladas", "captura_carbono": "7.6 toneladas anuales", "reduccion_escorrentia": "93.1 mo anuales", "remocion_contaminantes": "51.21 kg anuales", "produccion_oxigeno": "5.56 ton anuales", "valor_servicios_mxn": "$89,634.70", "_mp": 1, "_mp_n": 2 }, "geometry": { "type": "Polygon", "coordinates": [ [ [ -99.220180106999976, 19.407131460000016 ], [ -99.220230070000014, 19.407150796 ], [ -99.22020558600002, 19.40720350700002 ], [ -99.220179568999981, 19.407255094 ], [ -99.220149983999988, 19.407315433 ], [ -99.220124224000017, 19.40737333200002 ], [ -99.220069089, 19.407474209999975 ], [ -99.219987358000026, 19.407605685000021 ], [ -99.219922377999978, 19.407708609999986 ], [ -99.219836347000012, 19.407805965000023 ], [ -99.219732308, 19.407933066 ], [ -99.219685017000018, 19.407995502 ], [ -99.219543898999973, 19.408047295000017 ], [ -99.21932419, 19.408159833000013 ], [ -99.21920882, 19.408242208 ], [ -99.218996544, 19.408398213999988 ], [ -99.218834351999988, 19.408525638000015 ], [ -99.218823464000025, 19.408521068000027 ], [ -99.218779235, 19.408405488000028 ], [ -99.218710580999982, 19.4083822 ], [ -99.218578514, 19.408420976 ], [ -99.218536012000015, 19.408455872 ], [ -99.218461666, 19.408410365 ], [ -99.218385474, 19.408330432000014 ], [ -99.218376326999987, 19.408263217000012 ], [ -99.218223824, 19.408285852 ], [ -99.218188956, 19.408318405999978 ], [ -99.218170757, 19.408391709 ], [ -99.218147208, 19.408516647999988 ], [ -99.218216332, 19.408586394 ], [ -99.218238386, 19.408806100999982 ], [ -99.218099452999979, 19.408828245 ], [ -99.21801420700001, 19.408840433000023 ], [ -99.217952432, 19.408823488 ], [ -99.217943913999989, 19.408771967 ], [ -99.217928224, 19.40869088300002 ], [ -99.217975401, 19.408609258000013 ], [ -99.218035069999985, 19.40859307300002 ], [ -99.218052492000027, 19.40853017500001 ], [ -99.218064335, 19.408406689 ], [ -99.218025114, 19.408374938 ], [ -99.217905823000024, 19.408397481 ], [ -99.217810723000014, 19.408445665999977 ], [ -99.217568568, 19.408444659999986 ], [ -99.217491392999989, 19.408476458999985 ], [ -99.217346486, 19.408451142 ], [ -99.217219651999983, 19.408496593 ], [ -99.21710069, 19.408427070000016 ], [ -99.216985521000026, 19.408443095999985 ], [ -99.216850508999983, 19.408449522000012 ], [ -99.216820118999976, 19.408495261999974 ], [ -99.216692650000027, 19.408513997 ], [ -99.216580039, 19.4084782 ], [ -99.21646732, 19.408441892999974 ], [ -99.216355611999973, 19.40846632 ], [ -99.216280701000017, 19.408492809999984 ], [ -99.216252922000024, 19.408552806999978 ], [ -99.21618588299998, 19.408577993 ], [ -99.216164260000028, 19.408604759000013 ], [ -99.216033827, 19.408592805000012 ], [ -99.215979737, 19.408541604999982 ], [ -99.216011447000028, 19.408454830999972 ], [ -99.216124206000018, 19.408413698 ], [ -99.216107825, 19.408334524 ], [ -99.216221744999984, 19.408353886999976 ], [ -99.216256649, 19.408416053999986 ], [ -99.216336849000015, 19.408383802 ], [ -99.216533175999984, 19.408329870999978 ], [ -99.216702750000024, 19.408357087000013 ], [ -99.216792767000015, 19.408371988999988 ], [ -99.216842401, 19.408325862000027 ], [ -99.216922205, 19.408323643000017 ], [ -99.217251612999974, 19.408320075 ], [ -99.21742844, 19.408327500999974 ], [ -99.217660237000018, 19.408272007999983 ], [ -99.217759305000016, 19.40826228200001 ], [ -99.217716356999972, 19.408157544 ], [ -99.217664934000027, 19.408091736000017 ], [ -99.217641258000015, 19.408021019999978 ], [ -99.217586062, 19.407956249999984 ], [ -99.217634614000019, 19.407848899999976 ], [ -99.217690751000021, 19.407845937 ], [ -99.217809467999984, 19.407868618 ], [ -99.217845848000024, 19.40793230700001 ], [ -99.217865148999977, 19.407990424 ], [ -99.217864142999986, 19.408031307999977 ], [ -99.217856728000015, 19.408121137000023 ], [ -99.217874535000021, 19.408195611 ], [ -99.217935441, 19.408249012 ], [ -99.218162058000019, 19.408202534 ], [ -99.218746364000026, 19.408179667000013 ], [ -99.218969742000013, 19.408157330999984 ], [ -99.219044858000018, 19.408130953000011 ], [ -99.218886739000027, 19.407992051 ], [ -99.21879342699998, 19.407913254 ], [ -99.218692827999973, 19.407824896000022 ], [ -99.218626837999977, 19.40768979500001 ], [ -99.218794613999989, 19.407626607 ], [ -99.21885813, 19.407667307 ], [ -99.218898025999977, 19.407631304 ], [ -99.218942825999989, 19.407669968 ], [ -99.219044490999977, 19.407681288 ], [ -99.218992825999976, 19.407740478 ], [ -99.219014258000016, 19.407839118000027 ], [ -99.219065377999982, 19.407933625 ], [ -99.219217282999978, 19.407940070999985 ], [ -99.219351672000016, 19.407971792000012 ], [ -99.21944500799998, 19.407934802 ], [ -99.219501824000019, 19.407871789000012 ], [ -99.219479421000017, 19.407778142999973 ], [ -99.219578077999984, 19.407682379999983 ], [ -99.219672788000025, 19.407649746 ], [ -99.219793682999978, 19.407599865 ], [ -99.21985811899998, 19.407542401 ], [ -99.219894263000015, 19.407435236000026 ], [ -99.219878021999989, 19.407351088999974 ], [ -99.219853752, 19.407293732000028 ], [ -99.219848201, 19.407209959 ], [ -99.219889896999973, 19.407186567 ], [ -99.219918055, 19.40713679800001 ], [ -99.219933137, 19.407055501 ], [ -99.219978427, 19.407056383999986 ], [ -99.220059119999974, 19.407094543000028 ], [ -99.220127706000028, 19.407125066999981 ], [ -99.220180106999976, 19.407131460000016 ] ] ] } },
{ "type": "Feature", "properties": { "subzona": "4.1", "nombre": "Acueducto-Planta Paso del Conejo", "area": "1.28 ha", "poblacion": "420", "almacen_carbono": "351.38 toneladas", "captura_carbono": "13.11 toneladas anuales", "reduccion_escorrentia": "189.9 mo anuales", "remocion_contaminantes": "105.14 kg anuales", "produccion_oxigeno": "9.53 ton anuales", "valor_servicios_mxn": "$143,280.80", "_mp": 0, "_mp_n": 1 }, "geometry": { "type": "Polygon", "coordinates": [ [ [ -99.2101518, 19.416124836999984 ], [ -99.209881938000024, 19.416275922000011 ], [ -99.209744746000013, 19.416361796 ], [ -99.209499581999978, 19.416511131999982 ], [ -99.209073595, 19.416773050000018 ], [ -99.208875980000016, 19.416963555999985 ], [ -99.208766665999974, 19.416877178999982 ], [ -99.20870954999998, 19.416826599 ], [ -99.208698323000021, 19.416710769000019 ], [ -99.208614855, 19.416703041 ], [ -99.208499158, 19.416661861000023 ], [ -99.208377709, 19.416556508999975 ], [ -99.208313558999976, 19.416491227 ], [ -99.208295553000028, 19.416424054 ], [ -99.208313082000018, 19.416361435999988 ], [ -99.208426770000017, 19.416400286 ], [ -99.208528608999984, 19.416372491 ], [ -99.208589169, 19.416342709999981 ], [ -99.20858597, 19.416253587000028 ], [ -99.208625887999972, 19.416113575999987 ], [ -99.208668541, 19.416075840000019 ], [ -99.208723711, 19.416097383000022 ], [ -99.208901203999972, 19.416066451 ], [ -99.209045071, 19.415975935 ], [ -99.209224119, 19.415955133000011 ], [ -99.209365078000019, 19.41591008 ], [ -99.209483345000024, 19.415827666999974 ], [ -99.209492797, 19.415680791 ], [ -99.209593095, 19.415625393000028 ], [ -99.209709224999983, 19.415629385999978 ], [ -99.209822557999985, 19.415678091000018 ], [ -99.209932794999986, 19.415822634 ], [ -99.210042171, 19.415969470999983 ], [ -99.2101518, 19.416124836999984 ] ] ] } },
{ "type": "Feature", "properties": { "subzona": "1.11", "nombre": "El Rollo", "area": "1.64 ha", "poblacion": "358", "almacen_carbono": "258.72 toneladas", "captura_carbono": "12.53 toneladas anuales", "reduccion_escorrentia": "163.3 mo anuales", "remocion_contaminantes": "89.24 kg anuales", "produccion_oxigeno": "8.19 ton anuales", "valor_servicios_mxn": "$115,603.00", "_mp": 0, "_mp_n": 1 }, "geometry": { "type": "Polygon", "coordinates": [ [ [ -99.21922706700002, 19.399817365999979 ], [ -99.219202622000012, 19.399859138000011 ], [ -99.219181585, 19.399901256000021 ], [ -99.219044748999977, 19.400086970000018 ], [ -99.218926113, 19.400314746 ], [ -99.218773042, 19.400420139 ], [ -99.218724904999988, 19.40060383399998 ], [ -99.218628245, 19.400682378 ], [ -99.218448892000026, 19.400732329 ], [ -99.218249470999979, 19.400851166999985 ], [ -99.218084194000028, 19.400874320000014 ], [ -99.21786460300001, 19.400985530000014 ], [ -99.217612787, 19.401119734000019 ], [ -99.217349, 19.401347682 ], [ -99.217125521000014, 19.401567930999988 ], [ -99.217020826, 19.401669438999988 ], [ -99.216849664, 19.401816935 ], [ -99.216758950999974, 19.401820869 ], [ -99.216770978, 19.401769206999973 ], [ -99.216710499999976, 19.401769279 ], [ -99.216648005000025, 19.40176935300002 ], [ -99.216559280000013, 19.401752242999976 ], [ -99.216555116, 19.401652778000027 ], [ -99.216651806000016, 19.401595276000023 ], [ -99.216732465, 19.401610483000013 ], [ -99.21683128, 19.401635232999979 ], [ -99.21692797999998, 19.401585383 ], [ -99.217075033000015, 19.401501040000028 ], [ -99.217175640999983, 19.401357454 ], [ -99.217397205, 19.401213723000012 ], [ -99.217383037, 19.401171655999974 ], [ -99.217407192999985, 19.401144847000012 ], [ -99.21747567, 19.401095030000022 ], [ -99.217542112, 19.401031826 ], [ -99.217608593000023, 19.400997314 ], [ -99.217616584999973, 19.400943744000017 ], [ -99.217510544, 19.400793022000016 ], [ -99.217567541999983, 19.400758810000013 ], [ -99.217374569000015, 19.400513645999979 ], [ -99.217322183000022, 19.400457555 ], [ -99.217230832999974, 19.4004185 ], [ -99.217283367, 19.400361206000014 ], [ -99.217333667, 19.400335684000027 ], [ -99.217525028000011, 19.400218892 ], [ -99.217696787000023, 19.400071973000024 ], [ -99.217979784000022, 19.399798896999982 ], [ -99.218071574000021, 19.399665164 ], [ -99.218151877000025, 19.399519923000014 ], [ -99.2182285, 19.399364027 ], [ -99.218277441999987, 19.399463785000023 ], [ -99.218312090999973, 19.399508889 ], [ -99.218327021, 19.399567159000014 ], [ -99.218377490000023, 19.399610304000021 ], [ -99.218442879, 19.399691170999972 ], [ -99.218382737000013, 19.399906233000024 ], [ -99.218557928, 19.399952101 ], [ -99.218811136, 19.400025828000025 ], [ -99.218830188000027, 19.399965939000026 ], [ -99.218842828999982, 19.399920615999974 ], [ -99.218869117, 19.399924258 ], [ -99.218906995999987, 19.399796907 ], [ -99.219080733999988, 19.399861207000015 ], [ -99.219148279000024, 19.399869733 ], [ -99.219174383999984, 19.399793186000011 ], [ -99.21922706700002, 19.399817365999979 ] ], [ [ -99.217654940999978, 19.400754522999989 ], [ -99.217931453, 19.400617582999985 ], [ -99.217974382000023, 19.400605665 ], [ -99.218168328, 19.400560827999982 ], [ -99.21816953299998, 19.400504051999974 ], [ -99.218109384, 19.400368926999988 ], [ -99.21801050900001, 19.400264904999972 ], [ -99.217900225999983, 19.400180611999986 ], [ -99.217853615000024, 19.400158536999982 ], [ -99.217768682999974, 19.40033322 ], [ -99.217730997999979, 19.400417350999987 ], [ -99.217632123999977, 19.400478329 ], [ -99.217504728, 19.400571588999981 ], [ -99.21753895400002, 19.400612839000019 ], [ -99.217595996999989, 19.400684577999982 ], [ -99.217654940999978, 19.400754522999989 ] ] ] } },
{ "type": "Feature", "properties": { "subzona": "4.2", "nombre": "Acueducto-Presa", "area": "3.22 ha", "poblacion": "821", "almacen_carbono": "880.36 toneladas", "captura_carbono": "32.47 toneladas anuales", "reduccion_escorrentia": "296.7 mo anuales", "remocion_contaminantes": "164.16 kg anuales", "produccion_oxigeno": "23.61 ton anuales", "valor_servicios_mxn": "$308,269.70", "_mp": 0, "_mp_n": 1 }, "geometry": { "type": "Polygon", "coordinates": [ [ [ -99.20884442, 19.416991372999973 ], [ -99.208598471000016, 19.417233244999977 ], [ -99.208425386999977, 19.41738802499998 ], [ -99.208312997, 19.417483753 ], [ -99.208122210999989, 19.417649348 ], [ -99.208042218, 19.417771851999987 ], [ -99.207723127, 19.41830111500002 ], [ -99.20759332, 19.418543538999984 ], [ -99.207415787, 19.418884057000014 ], [ -99.207265171000017, 19.418783613000016 ], [ -99.207200867999973, 19.418753837 ], [ -99.206763097000021, 19.418656345999977 ], [ -99.206242936000024, 19.41857532 ], [ -99.206273450000026, 19.418462508 ], [ -99.206464472999983, 19.418418998999982 ], [ -99.20649669300002, 19.41828816200001 ], [ -99.206677969, 19.418254644 ], [ -99.20678056700001, 19.418187526 ], [ -99.206822176, 19.418046093999976 ], [ -99.206908291, 19.417873874 ], [ -99.207128506, 19.417567489000021 ], [ -99.207175522, 19.417395359000011 ], [ -99.207367904000023, 19.417331790999981 ], [ -99.207321579999984, 19.417251540999985 ], [ -99.207351689, 19.417146297999977 ], [ -99.207299121, 19.417029672000012 ], [ -99.207536896000022, 19.416926105000016 ], [ -99.207467996999981, 19.416650729000025 ], [ -99.207437464, 19.416421217999982 ], [ -99.207510008999975, 19.416133847000026 ], [ -99.207610747, 19.416034626 ], [ -99.207685314, 19.416001724000012 ], [ -99.208342792, 19.416582181000024 ], [ -99.208476006000012, 19.416698714 ], [ -99.208605884, 19.416747208 ], [ -99.208667620000028, 19.416744842000014 ], [ -99.208673905000012, 19.416848287 ], [ -99.20884442, 19.416991372999973 ] ] ] } },
{ "type": "Feature", "properties": { "subzona": "2.4.2", "nombre": "Retorno Norte", "area": "0.16 ha", "poblacion": "62", "almacen_carbono": "16.4 toneladas", "captura_carbono": "1.5 toneladas anuales", "reduccion_escorrentia": "15.6 mo anuales", "remocion_contaminantes": "8.5 kg anuales", "produccion_oxigeno": "0.97 ton anuales", "valor_servicios_mxn": "$9,204.80", "_mp": 0, "_mp_n": 2 }, "geometry": { "type": "Polygon", "coordinates": [ [ [ -99.211062439999978, 19.409690491999982 ], [ -99.210945593000019, 19.409754705000012 ], [ -99.210894852000024, 19.409795998999982 ], [ -99.210789665, 19.409894642999973 ], [ -99.210766465, 19.409882236999977 ], [ -99.210740510999983, 19.409865963000016 ], [ -99.210657663, 19.409835182 ], [ -99.210676370999977, 19.409738525000023 ], [ -99.21090164200001, 19.409664346 ], [ -99.211162288000025, 19.409579082999983 ], [ -99.21125123500002, 19.409548009 ], [ -99.211266572, 19.409558028999982 ], [ -99.211296285, 19.409576039 ], [ -99.211312443999986, 19.409592756999984 ], [ -99.211313390999976, 19.409619737000014 ], [ -99.211250693000011, 19.409651537 ], [ -99.211199973000021, 19.409634347 ], [ -99.211150556, 19.409634165999989 ], [ -99.211112946000014, 19.409663766 ], [ -99.211062439999978, 19.409690491999982 ] ] ] } },
{ "type": "Feature", "properties": { "subzona": "2.4.2", "nombre": "Retorno Norte", "area": "0.16 ha", "poblacion": "62", "almacen_carbono": "16.4 toneladas", "captura_carbono": "1.5 toneladas anuales", "reduccion_escorrentia": "15.6 mo anuales", "remocion_contaminantes": "8.5 kg anuales", "produccion_oxigeno": "0.97 ton anuales", "valor_servicios_mxn": "$9,204.80", "_mp": 1, "_mp_n": 2 }, "geometry": { "type": "Polygon", "coordinates": [ [ [ -99.211137509000025, 19.409506066 ], [ -99.211182448999978, 19.409524436000027 ], [ -99.210699447000025, 19.409686125 ], [ -99.210845576, 19.409308168999985 ], [ -99.210897031, 19.409366569999975 ], [ -99.210972949, 19.409442598999988 ], [ -99.211042819, 19.409476788 ], [ -99.211137509000025, 19.409506066 ] ] ] } },
{ "type": "Feature", "properties": { "subzona": "4.4", "nombre": "Presa - Panteon", "area": "0.35 ha", "poblacion": "169", "almacen_carbono": "152.65 toneladas", "captura_carbono": "5.9 toneladas anuales", "reduccion_escorrentia": "64.5 mo anuales", "remocion_contaminantes": "35.89 kg anuales", "produccion_oxigeno": "4.29 ton anuales", "valor_servicios_mxn": "$57,302.80", "_mp": 0, "_mp_n": 1 }, "geometry": { "type": "Polygon", "coordinates": [ [ [ -99.207028268999977, 19.415691482999989 ], [ -99.206901787999982, 19.415576192 ], [ -99.206952501999979, 19.415454302 ], [ -99.207082555, 19.415254985 ], [ -99.207404345999976, 19.414953819 ], [ -99.207612981000011, 19.415133232000017 ], [ -99.207638788999986, 19.415455260999977 ], [ -99.207398512, 19.415588485 ], [ -99.207257718999983, 19.415447703999973 ], [ -99.207225873000027, 19.415616575 ], [ -99.207028268999977, 19.415691482999989 ] ] ] } },
{ "type": "Feature", "properties": { "subzona": "4.3", "nombre": "Acueducto - 2a Seccion", "area": "0.63 ha", "poblacion": "298", "almacen_carbono": "229.4 toneladas", "captura_carbono": "7.3 toneladas anuales", "reduccion_escorrentia": "97.5 mo anuales", "remocion_contaminantes": "54.58 kg anuales", "produccion_oxigeno": "5.31 ton anuales", "valor_servicios_mxn": "$86,061.40", "_mp": 0, "_mp_n": 1 }, "geometry": { "type": "Polygon", "coordinates": [ [ [ -99.207171980999988, 19.419319423 ], [ -99.206897148999985, 19.419203719 ], [ -99.206704204, 19.419103931 ], [ -99.206447485000012, 19.418965231000016 ], [ -99.206131503, 19.418800412999985 ], [ -99.205790267, 19.418595496000023 ], [ -99.205847595000023, 19.418414222000024 ], [ -99.206024650000018, 19.41842798 ], [ -99.206164775, 19.418475807999982 ], [ -99.206219955999984, 19.418467788999976 ], [ -99.206212717000028, 19.418533952000018 ], [ -99.206208714000013, 19.418616504 ], [ -99.206475880000028, 19.418660257999989 ], [ -99.206764016000022, 19.418706229 ], [ -99.207171706, 19.41879803 ], [ -99.207232595999983, 19.418824475 ], [ -99.207387410000024, 19.418930524000018 ], [ -99.207171980999988, 19.419319423 ] ] ] } },
{ "type": "Feature", "properties": { "subzona": "3.3", "nombre": "Apalaches", "area": "0.64 ha", "poblacion": "215", "almacen_carbono": "64.3 toneladas", "captura_carbono": "3.4 toneladas anuales", "reduccion_escorrentia": "70.2 mo anuales", "remocion_contaminantes": "38.58 kg anuales", "produccion_oxigeno": "2.45 ton anuales", "valor_servicios_mxn": "$35,997.89", "_mp": 0, "_mp_n": 1 }, "geometry": { "type": "Polygon", "coordinates": [ [ [ -99.220135283, 19.408212884000022 ], [ -99.220097967000015, 19.408308606 ], [ -99.220004797, 19.408409036000023 ], [ -99.219932543000027, 19.408468217 ], [ -99.219848878999983, 19.408547125999974 ], [ -99.21982416100002, 19.408600927 ], [ -99.21980324499998, 19.408656522 ], [ -99.219772821999982, 19.408733638 ], [ -99.219711975999985, 19.408773092 ], [ -99.219692962000011, 19.408817925999983 ], [ -99.219748102999972, 19.408839447 ], [ -99.219732892000025, 19.408905802 ], [ -99.219653032, 19.408873520999975 ], [ -99.219588382999973, 19.408862761000023 ], [ -99.219499015999986, 19.408834066999987 ], [ -99.219421056999977, 19.408798198999989 ], [ -99.219346901, 19.408769505 ], [ -99.219286055, 19.408733638 ], [ -99.219259435000026, 19.408685215999981 ], [ -99.219230913, 19.408627828000022 ], [ -99.219179575, 19.40859375399998 ], [ -99.219132038999987, 19.408615274999988 ], [ -99.219086404, 19.40855968 ], [ -99.21906121, 19.408559904000015 ], [ -99.219013674999985, 19.408580304 ], [ -99.218979924, 19.408600927 ], [ -99.218922881000026, 19.408572232999973 ], [ -99.218880098999989, 19.40854802299998 ], [ -99.218953779, 19.408487496000021 ], [ -99.219060383999988, 19.40840196 ], [ -99.219180525000013, 19.408315330999983 ], [ -99.219349753000017, 19.408194278 ], [ -99.219559386000014, 19.408089813 ], [ -99.219687733, 19.408039374 ], [ -99.219775199000026, 19.408044529999984 ], [ -99.219845314, 19.408052376 ], [ -99.220015967999984, 19.408127025999988 ], [ -99.220071346999987, 19.408170515 ], [ -99.220135283, 19.408212884000022 ] ] ] } },
{ "type": "Feature", "properties": { "subzona": "1.1", "nombre": "Estacionamiento Arquitectos", "area": "0.63 ha", "poblacion": "227", "almacen_carbono": "185.28 toneladas", "captura_carbono": "5.13 toneladas anuales", "reduccion_escorrentia": "91.2 mo anuales", "remocion_contaminantes": "49.73 kg anuales", "produccion_oxigeno": "4.51 ton anuales", "valor_servicios_mxn": "$74,074.50", "_mp": 0, "_mp_n": 2 }, "geometry": { "type": "Polygon", "coordinates": [ [ [ -99.221365406000018, 19.398867860999985 ], [ -99.221365406000018, 19.398878621999984 ], [ -99.221338786, 19.398887589000026 ], [ -99.221288691999973, 19.398954800000013 ], [ -99.221230403999982, 19.398996991999979 ], [ -99.221103008, 19.399070525000013 ], [ -99.221025049, 19.399099219999982 ], [ -99.220909061999976, 19.399154818 ], [ -99.220786791000023, 19.399223581 ], [ -99.220672692999983, 19.399288506 ], [ -99.220600451999985, 19.399314211999979 ], [ -99.220523071, 19.399334167 ], [ -99.220389963, 19.399351743000011 ], [ -99.220304406000025, 19.399344928 ], [ -99.220215038, 19.399334167 ], [ -99.220121867999978, 19.399310851999985 ], [ -99.220002078, 19.399292917000025 ], [ -99.219868976999976, 19.39926422100001 ], [ -99.219821441000022, 19.399278568999989 ], [ -99.219699299000013, 19.39931771 ], [ -99.219608481000023, 19.399316232 ], [ -99.219440784000028, 19.399361143000021 ], [ -99.219219145000011, 19.399381365000011 ], [ -99.219103093, 19.399376577 ], [ -99.219066919, 19.399348960999987 ], [ -99.219046400000025, 19.399318540000024 ], [ -99.219058613000016, 19.399237745 ], [ -99.219089149000013, 19.399112054 ], [ -99.219153871, 19.398825537999983 ], [ -99.218897362, 19.398616426 ], [ -99.218904642999973, 19.398574264 ], [ -99.219040527, 19.398642659000018 ], [ -99.21914345, 19.398715233000019 ], [ -99.219157435, 19.398753304000024 ], [ -99.219204084000012, 19.398781971 ], [ -99.21909459699998, 19.399332763000018 ], [ -99.219329067999979, 19.399311689 ], [ -99.21943597500001, 19.399331572 ], [ -99.21970016, 19.399261078 ], [ -99.219800959999986, 19.39921741500001 ], [ -99.21984611, 19.399181071999976 ], [ -99.219861658000013, 19.399134236 ], [ -99.219814821999989, 19.399065556999972 ], [ -99.219771003, 19.39906653700001 ], [ -99.21949182100002, 19.399205630999973 ], [ -99.219355532, 19.399036986999988 ], [ -99.219331238999985, 19.399002248999977 ], [ -99.219386822, 19.398993492999978 ], [ -99.21952145, 19.398996205 ], [ -99.219536108, 19.399045925999985 ], [ -99.219602775999988, 19.399061556999982 ], [ -99.219705955999984, 19.399042396000027 ], [ -99.219706659999986, 19.399021944000026 ], [ -99.219786396000018, 19.398998858000027 ], [ -99.219874737, 19.398954781999976 ], [ -99.219855121000023, 19.398849351000024 ], [ -99.219777707999981, 19.398762045000012 ], [ -99.219836653000016, 19.398771012 ], [ -99.219931724999981, 19.398765632 ], [ -99.220013486000028, 19.398747696999976 ], [ -99.220081938000021, 19.398717208 ], [ -99.220184615, 19.398720794999974 ], [ -99.220265057, 19.398723768000025 ], [ -99.220346729000028, 19.398801188 ], [ -99.220283489999986, 19.398851719 ], [ -99.220183889999987, 19.398934939000014 ], [ -99.2201993, 19.398948597000015 ], [ -99.22029636000002, 19.398870690000024 ], [ -99.220344335999982, 19.398858893000011 ], [ -99.220389969999985, 19.398876828000027 ], [ -99.220380874, 19.398930251000024 ], [ -99.220429781, 19.398985541 ], [ -99.220516771, 19.398997685999973 ], [ -99.220568578999973, 19.398949284000025 ], [ -99.220627649, 19.398871448000023 ], [ -99.220760750000011, 19.398891176 ], [ -99.220886244999974, 19.398848132000012 ], [ -99.221040260999985, 19.398817642999973 ], [ -99.221089698000014, 19.398742315999982 ], [ -99.221163854, 19.398693891999983 ], [ -99.221262728, 19.398649055000021 ], [ -99.221364871, 19.398673112999973 ], [ -99.22131406699998, 19.398736935999978 ], [ -99.221296954000024, 19.398797914999989 ], [ -99.221365406000018, 19.398867860999985 ] ] ] } },
{ "type": "Feature", "properties": { "subzona": "1.1", "nombre": "Estacionamiento Arquitectos", "area": "0.63 ha", "poblacion": "227", "almacen_carbono": "185.28 toneladas", "captura_carbono": "5.13 toneladas anuales", "reduccion_escorrentia": "91.2 mo anuales", "remocion_contaminantes": "49.73 kg anuales", "produccion_oxigeno": "4.51 ton anuales", "valor_servicios_mxn": "$74,074.50", "_mp": 1, "_mp_n": 2 }, "geometry": { "type": "Polygon", "coordinates": [ [ [ -99.219256167000026, 19.397643540999979 ], [ -99.219390934999979, 19.397595669999987 ], [ -99.21944477, 19.397606666 ], [ -99.219526786000017, 19.397647088999975 ], [ -99.219593456999974, 19.397724653000012 ], [ -99.219618734999983, 19.397782151 ], [ -99.219621641, 19.397844954999982 ], [ -99.219584151, 19.397939082999983 ], [ -99.219511549, 19.398014317 ], [ -99.219373839000014, 19.398062015 ], [ -99.219240485, 19.398123221 ], [ -99.219150309999975, 19.398201205000021 ], [ -99.21905062899998, 19.398375005 ], [ -99.218978746, 19.398473904000014 ], [ -99.218886635, 19.398531063 ], [ -99.218808543000023, 19.398547216 ], [ -99.218731787000024, 19.398519041999975 ], [ -99.218656716, 19.398509439 ], [ -99.218586903000016, 19.398533606 ], [ -99.218539247000024, 19.398605051 ], [ -99.218488004, 19.398792779000019 ], [ -99.218486935999977, 19.398860404 ], [ -99.218509596, 19.398938058999988 ], [ -99.218557944999986, 19.399036449999983 ], [ -99.218576414999973, 19.399098719 ], [ -99.218610028, 19.399134613 ], [ -99.218634510000015, 19.39920521800002 ], [ -99.21859652400002, 19.399291007999977 ], [ -99.218553664000012, 19.399356279000017 ], [ -99.218526108999981, 19.399399986999981 ], [ -99.218570747, 19.39941718 ], [ -99.218625847, 19.399417791000019 ], [ -99.218709176, 19.399399205 ], [ -99.218775557000015, 19.399387823999973 ], [ -99.218882112000017, 19.399380576 ], [ -99.218952757000011, 19.399363384000026 ], [ -99.218991900999981, 19.399367255000016 ], [ -99.219021033999979, 19.399409978 ], [ -99.219074024, 19.39944892699998 ], [ -99.21919939999998, 19.399473832000012 ], [ -99.21932607399998, 19.399469711 ], [ -99.219366461999982, 19.399480802000028 ], [ -99.219345654999984, 19.399540057000024 ], [ -99.21930378899998, 19.399630477000017 ], [ -99.219207567000012, 19.399728112999981 ], [ -99.219146224999974, 19.399842584 ], [ -99.21911804299998, 19.399827395999978 ], [ -99.219191411, 19.399709151000025 ], [ -99.219276878000016, 19.399612258 ], [ -99.219308203000026, 19.399529969000014 ], [ -99.219319988999985, 19.399500365999984 ], [ -99.219190938, 19.399498715999982 ], [ -99.219064081999989, 19.39947337000001 ], [ -99.219003618999977, 19.399428751000016 ], [ -99.218960880999987, 19.399386301 ], [ -99.218569120999973, 19.399450657999978 ], [ -99.218485473999976, 19.399575729 ], [ -99.218394554999975, 19.399606475999974 ], [ -99.218345082999974, 19.399550251 ], [ -99.218320533999986, 19.399494163999975 ], [ -99.218288998999981, 19.399452306 ], [ -99.218253533, 19.399370590999979 ], [ -99.218242159, 19.399322053 ], [ -99.218285048999974, 19.39924621199998 ], [ -99.218321589000027, 19.399127532000023 ], [ -99.218377858, 19.398777425999981 ], [ -99.218406953999988, 19.398632432999989 ], [ -99.218457178, 19.398499744999981 ], [ -99.218531408999979, 19.398354364999989 ], [ -99.218603058999975, 19.398223170999984 ], [ -99.218717573999982, 19.398073043000011 ], [ -99.218868998, 19.397912115 ], [ -99.218986076000022, 19.397819885 ], [ -99.219139401, 19.397709822000024 ], [ -99.219256167000026, 19.397643540999979 ] ] ] } },
{ "type": "Feature", "properties": { "subzona": "2.1.3", "nombre": "Estacionamiento - Deposito", "area": "2.75 ha", "poblacion": "710", "almacen_carbono": "186.1 toneladas", "captura_carbono": "11.5 toneladas anuales", "reduccion_escorrentia": "208 mo anuales", "remocion_contaminantes": "112.8 kg anuales", "produccion_oxigeno": "11.2 ton anuales", "valor_servicios_mxn": "$112,380.40", "_mp": 0, "_mp_n": 1 }, "geometry": { "type": "Polygon", "coordinates": [ [ [ -99.217260618000012, 19.403905445000021 ], [ -99.21640170500001, 19.404386027999976 ], [ -99.215598942999975, 19.404784224000025 ], [ -99.215505356999984, 19.404845033000015 ], [ -99.215247475000012, 19.404693993000024 ], [ -99.215031187000022, 19.405019611 ], [ -99.215241236, 19.405151035000017 ], [ -99.214808659000028, 19.406010192 ], [ -99.21477954400001, 19.406049423000013 ], [ -99.214240903000018, 19.406090615999972 ], [ -99.214003817999981, 19.405592383999988 ], [ -99.213935188, 19.405551190999972 ], [ -99.214087006, 19.405384459 ], [ -99.214020456000014, 19.405294228 ], [ -99.213972623000018, 19.405282458999977 ], [ -99.213839522, 19.405372689999979 ], [ -99.213756335000028, 19.40530011300001 ], [ -99.214007977, 19.405174574 ], [ -99.214064129, 19.405149073000018 ], [ -99.214172272999974, 19.405117689 ], [ -99.2142617, 19.405133380999985 ], [ -99.214336569000011, 19.405090227000017 ], [ -99.214453032, 19.405070610999985 ], [ -99.214550777, 19.405052957 ], [ -99.214594450999982, 19.404986265 ], [ -99.214683878000017, 19.404931341 ], [ -99.214748348, 19.404884263999975 ], [ -99.214735870000027, 19.404792070999974 ], [ -99.214850253, 19.40480384 ], [ -99.215002071000015, 19.404762646999984 ], [ -99.215131011999972, 19.40461553 ], [ -99.215282829999978, 19.404544913999985 ], [ -99.215519915000016, 19.404415450999977 ], [ -99.215671731999976, 19.404336989 ], [ -99.215777796999987, 19.404323257999977 ], [ -99.216019040999981, 19.404056485000012 ], [ -99.216108468000016, 19.403958407 ], [ -99.216160460000026, 19.403797559 ], [ -99.216166698999984, 19.403719095999975 ], [ -99.21625820600002, 19.403562169999987 ], [ -99.216314356999987, 19.403428782999981 ], [ -99.216306039000017, 19.403371897999989 ], [ -99.216326836, 19.403289512000015 ], [ -99.216520247, 19.40315612400002 ], [ -99.216880033999985, 19.403303242999982 ], [ -99.217260618000012, 19.403905445000021 ] ] ] } },
{ "type": "Feature", "properties": { "subzona": "2.9", "nombre": "Instalaciones SACMEX", "area": "1.85 ha", "poblacion": "458", "almacen_carbono": "346.3 toneladas", "captura_carbono": "9.6 toneladas anuales", "reduccion_escorrentia": "222.8 mo anuales", "remocion_contaminantes": "120.1 kg anuales", "produccion_oxigeno": "7.56 ton anuales", "valor_servicios_mxn": "$155,453.80", "_mp": 0, "_mp_n": 1 }, "geometry": { "type": "Polygon", "coordinates": [ [ [ -99.212146351, 19.414702595 ], [ -99.212160357000016, 19.414729013 ], [ -99.212118340000018, 19.414878717000022 ], [ -99.211833561, 19.415257377999978 ], [ -99.211651489000019, 19.41527499 ], [ -99.210152898, 19.416093951 ], [ -99.210064196000019, 19.41597507 ], [ -99.209952152000028, 19.415829771 ], [ -99.209812096, 19.415675664999981 ], [ -99.209700052000017, 19.415464320000012 ], [ -99.20989613, 19.415336632 ], [ -99.210204251, 19.415169317 ], [ -99.210316294999984, 19.415076853000016 ], [ -99.210316294999984, 19.414975583 ], [ -99.210428340000021, 19.414896328999987 ], [ -99.210563725999975, 19.414878717000022 ], [ -99.210657097000023, 19.414913941 ], [ -99.210745798, 19.415019614000016 ], [ -99.210787815, 19.415032823 ], [ -99.21132002500002, 19.414812671 ], [ -99.211520770999982, 19.414702595 ], [ -99.211670163, 19.414729013 ], [ -99.211833561, 19.414676177 ], [ -99.212071654999988, 19.414693789000012 ], [ -99.212146351, 19.414702595 ] ] ] } },
{ "type": "Feature", "properties": { "subzona": "2.8", "nombre": "Barranquitas SACMEX", "area": "1.27 ha", "poblacion": "329", "almacen_carbono": "232.3 toneladas", "captura_carbono": "6.6 toneladas anuales", "reduccion_escorrentia": "140.2 mo anuales", "remocion_contaminantes": "75.2 kg anuales", "produccion_oxigeno": "6.23 ton anuales", "valor_servicios_mxn": "$101,272.40", "_mp": 0, "_mp_n": 1 }, "geometry": { "type": "Polygon", "coordinates": [ [ [ -99.211526305, 19.414689012 ], [ -99.211312331999977, 19.414809117 ], [ -99.210797011000011, 19.415028386000017 ], [ -99.210752163999985, 19.415010575999986 ], [ -99.210666582999977, 19.414908991 ], [ -99.210567309, 19.414870446 ], [ -99.210430372000019, 19.414891731000012 ], [ -99.210312835000025, 19.414967706000027 ], [ -99.210309178999978, 19.415077436999979 ], [ -99.210203695000018, 19.415162591000012 ], [ -99.209888365999973, 19.41532713700002 ], [ -99.209691306000025, 19.415456651 ], [ -99.209729257999982, 19.415334088 ], [ -99.209742055, 19.415222669 ], [ -99.20981998000002, 19.415129884 ], [ -99.209827581000013, 19.415042416 ], [ -99.209959549000018, 19.414910276 ], [ -99.210082447, 19.414787081999975 ], [ -99.210156268999981, 19.414517085999989 ], [ -99.210155858, 19.414396641999986 ], [ -99.210216683999988, 19.414292801999977 ], [ -99.210299204000023, 19.41412736 ], [ -99.210376946, 19.414261888999988 ], [ -99.210480517, 19.414302367 ], [ -99.21058999600001, 19.414387297000019 ], [ -99.210751279000021, 19.414387746999978 ], [ -99.210837571000013, 19.414335685000026 ], [ -99.21098981, 19.414376625999978 ], [ -99.211097226, 19.414252318000024 ], [ -99.211254941, 19.414202801999977 ], [ -99.211455555999976, 19.41417421 ], [ -99.211698547000026, 19.414206008 ], [ -99.211751418, 19.414387168000019 ], [ -99.211701119999987, 19.414469879000023 ], [ -99.211578084999985, 19.41452224 ], [ -99.211526305, 19.414689012 ] ] ] } },
{ "type": "Feature", "properties": { "subzona": "6.1", "nombre": "Barranca de Solis Viejo", "area": "0.68 ha", "poblacion": "441", "almacen_carbono": "201.9 toneladas", "captura_carbono": "9.6 toneladas anuales", "reduccion_escorrentia": "149.23 mo anuales", "remocion_contaminantes": "82.11 kg anuales", "produccion_oxigeno": "6.97 ton anuales", "valor_servicios_mxn": "$97,865.00", "_mp": 0, "_mp_n": 1 }, "geometry": { "type": "Polygon", "coordinates": [ [ [ -99.212486161000015, 19.409856970000021 ], [ -99.212231378000013, 19.409949980000022 ], [ -99.212191399, 19.409963851999976 ], [ -99.212145068999973, 19.409971494 ], [ -99.212006934999977, 19.409880784999984 ], [ -99.211770143000024, 19.409983190999981 ], [ -99.211609693000014, 19.410055697000018 ], [ -99.211630526000022, 19.410095673 ], [ -99.211632327000018, 19.410114769000018 ], [ -99.211154244, 19.410256139000012 ], [ -99.211092533999988, 19.410269406 ], [ -99.211067432999982, 19.410181852 ], [ -99.211091195999984, 19.410109243000022 ], [ -99.211153514999978, 19.410106633999987 ], [ -99.21126050700002, 19.41008829499998 ], [ -99.21135658999998, 19.410056784 ], [ -99.211428179, 19.410046684 ], [ -99.211530389000018, 19.410012112 ], [ -99.211542365000014, 19.409990092999976 ], [ -99.211587152999982, 19.409930638 ], [ -99.211676631999978, 19.409845304999976 ], [ -99.211740827000028, 19.409857704999979 ], [ -99.211823467999977, 19.409858398999972 ], [ -99.211999621000018, 19.409859911000012 ], [ -99.212395117000028, 19.409692662 ], [ -99.212547689000019, 19.409616088 ], [ -99.212683132, 19.409590525999988 ], [ -99.212741530000017, 19.409540917000015 ], [ -99.212844417999975, 19.409486706999985 ], [ -99.212919489, 19.409424334 ], [ -99.212930148, 19.409393503 ], [ -99.213005662, 19.409349830999986 ], [ -99.213106448000019, 19.40934101 ], [ -99.21318237600002, 19.409317568 ], [ -99.21324482, 19.409282753000014 ], [ -99.21328997, 19.409270428000013 ], [ -99.213369495, 19.409281541999974 ], [ -99.213438535000023, 19.409258803 ], [ -99.213500349000014, 19.409248246 ], [ -99.213579472999982, 19.409221262000017 ], [ -99.213604831999987, 19.409212711 ], [ -99.213632748, 19.409163670999988 ], [ -99.213703714000019, 19.409168223999984 ], [ -99.213765577, 19.409177245000024 ], [ -99.213784433, 19.409220393 ], [ -99.21379943300002, 19.409239157 ], [ -99.213827535, 19.409272795999982 ], [ -99.213851404000025, 19.409256178000021 ], [ -99.213848459000019, 19.409197385000027 ], [ -99.21387682400001, 19.40919670400001 ], [ -99.213910919, 19.409228573 ], [ -99.213907657, 19.40927562600001 ], [ -99.213945742000021, 19.409295526 ], [ -99.213980760000027, 19.409303281 ], [ -99.214009703999977, 19.409268779 ], [ -99.214110106000021, 19.409282271999984 ], [ -99.214249329999973, 19.409293762 ], [ -99.214271841000027, 19.409297337 ], [ -99.21427601900001, 19.40935276099998 ], [ -99.214330330999985, 19.409356980999974 ], [ -99.214341032, 19.409401038 ], [ -99.214374156000019, 19.409442668999986 ], [ -99.214431793000017, 19.409461603000011 ], [ -99.214477202000012, 19.409502094 ], [ -99.214520154000013, 19.409466291 ], [ -99.214551342999982, 19.409452351000027 ], [ -99.214566397, 19.409424172 ], [ -99.214639182999974, 19.409432735999985 ], [ -99.214682770000024, 19.409432056000014 ], [ -99.214725327999986, 19.409458175999987 ], [ -99.21479057900001, 19.409492108999984 ], [ -99.214838467, 19.40948623700001 ], [ -99.214865771, 19.409458711000013 ], [ -99.214853697000024, 19.409404903999985 ], [ -99.214827510000021, 19.409341848 ], [ -99.214820454, 19.409308389999978 ], [ -99.214816311999982, 19.409257801000024 ], [ -99.214879659000019, 19.409252843 ], [ -99.214896028999988, 19.409286007999981 ], [ -99.214926022999975, 19.409273801999973 ], [ -99.214971768, 19.40928313400002 ], [ -99.21501049699998, 19.409313544999975 ], [ -99.215064427000016, 19.409306511000011 ], [ -99.215111078, 19.40927609900001 ], [ -99.215146022, 19.409329586000013 ], [ -99.215159444, 19.409375441 ], [ -99.215216390000023, 19.409410897999976 ], [ -99.215247004999981, 19.409449780999978 ], [ -99.215302377, 19.409474312999976 ], [ -99.21538519500001, 19.409467066 ], [ -99.215471177999973, 19.409476623999979 ], [ -99.215568750999978, 19.409452177999981 ], [ -99.215619116000028, 19.409475089000011 ], [ -99.21566657, 19.409476557 ], [ -99.215721248000023, 19.409439054000018 ], [ -99.215730061999977, 19.409410854999976 ], [ -99.215762322999979, 19.409419254 ], [ -99.215767735999975, 19.409465182000019 ], [ -99.215764319000016, 19.409466963999989 ], [ -99.215803849999986, 19.409503288 ], [ -99.215848472, 19.409535225000013 ], [ -99.215946185, 19.409556813999984 ], [ -99.216030042, 19.409560356999975 ], [ -99.216061002, 19.409550179 ], [ -99.216057719, 19.409577297999988 ], [ -99.215934232999984, 19.409590123999976 ], [ -99.215933490999987, 19.409591014 ], [ -99.215907424000022, 19.409567818000028 ], [ -99.21585053299998, 19.409551159999978 ], [ -99.215779489999989, 19.409549707999986 ], [ -99.215684695999983, 19.409530301000018 ], [ -99.215586065000025, 19.409526705000019 ], [ -99.21551800200001, 19.409525416 ], [ -99.21545408999998, 19.409523851000017 ], [ -99.215379185000018, 19.409521547999987 ], [ -99.215327098999978, 19.409513632000028 ], [ -99.215290843999981, 19.409501863 ], [ -99.215201407, 19.409466932999976 ], [ -99.215140385999973, 19.40943887200001 ], [ -99.215097738, 19.409431945999984 ], [ -99.215048581000019, 19.409444012 ], [ -99.215003533000015, 19.409467625 ], [ -99.214979358, 19.409511308999981 ], [ -99.214965184999983, 19.409549151000022 ], [ -99.214950077000026, 19.409601453 ], [ -99.214940978000016, 19.409647929000016 ], [ -99.214905912, 19.409698091 ], [ -99.214856223000027, 19.409709172000021 ], [ -99.214812301, 19.409693678999986 ], [ -99.214748943000018, 19.409636265000017 ], [ -99.214658367000027, 19.409550083 ], [ -99.214623507999988, 19.409537827 ], [ -99.214586576999977, 19.409539376999987 ], [ -99.214534206999986, 19.409536064 ], [ -99.214471718000027, 19.409527142 ], [ -99.214434430999972, 19.409506787999987 ], [ -99.214368042999979, 19.409464994000018 ], [ -99.214289634000011, 19.40941827 ], [ -99.214214712, 19.409376703000021 ], [ -99.214114888999973, 19.409356528999979 ], [ -99.214113812, 19.409356312 ], [ -99.21400890000001, 19.409346368 ], [ -99.213924694000013, 19.40933451 ], [ -99.213797437999972, 19.409318360999976 ], [ -99.213572434000014, 19.409318599000017 ], [ -99.21357144000001, 19.409318586999973 ], [ -99.213408585000025, 19.409320849999972 ], [ -99.213308958000027, 19.409333189 ], [ -99.213191908999988, 19.409386461999986 ], [ -99.212966816, 19.409552288999976 ], [ -99.212818253000023, 19.409665780000012 ], [ -99.212592896, 19.409796541 ], [ -99.212486161000015, 19.409856970000021 ] ] ] } },
{ "type": "Feature", "properties": { "subzona": "6.2", "nombre": "Jardin", "area": "0.32 ha", "poblacion": "192", "almacen_carbono": "92.7 toneladas", "captura_carbono": "3.8 toneladas anuales", "reduccion_escorrentia": "68.27 mo anuales", "remocion_contaminantes": "39.8 kg anuales", "produccion_oxigeno": "2.74 ton anuales", "valor_servicios_mxn": "$44,853.40", "_mp": 0, "_mp_n": 1 }, "geometry": { "type": "Polygon", "coordinates": [ [ [ -99.211642779999977, 19.410343919000013 ], [ -99.21173509800002, 19.410332252999979 ], [ -99.211736267, 19.410303899999974 ], [ -99.211737382000024, 19.41025547800001 ], [ -99.211738287, 19.410156057 ], [ -99.211746767000022, 19.410155995000025 ], [ -99.211758374999988, 19.410166097 ], [ -99.211872368, 19.410306537999986 ], [ -99.212085471000023, 19.41056921400002 ], [ -99.212009151000018, 19.410593892 ], [ -99.211875255, 19.410591653999973 ], [ -99.211765064000019, 19.410602019 ], [ -99.211626325, 19.410621806 ], [ -99.211521178, 19.410639655000011 ], [ -99.211441693999973, 19.410652539000012 ], [ -99.211378936000017, 19.410711959000025 ], [ -99.211335725000026, 19.410768927 ], [ -99.211304401, 19.410787325 ], [ -99.21120328, 19.410653975 ], [ -99.211185687000011, 19.410617867999974 ], [ -99.211135784000021, 19.410550066999974 ], [ -99.211226338000017, 19.41042145 ], [ -99.211267054000018, 19.410380296000028 ], [ -99.211351746, 19.410274855000011 ], [ -99.211430033999989, 19.410239806 ], [ -99.211483541, 19.410257708000017 ], [ -99.211539330999983, 19.410311063999984 ], [ -99.211623504999977, 19.41028522900001 ], [ -99.211642779999977, 19.410343919000013 ] ] ] } },
{ "type": "Feature", "properties": { "subzona": "6.3", "nombre": "Caballerizas de abajo", "area": "1.41 ha", "poblacion": "256", "almacen_carbono": "166.6 toneladas", "captura_carbono": "8 toneladas anuales", "reduccion_escorrentia": "130.24 mo anuales", "remocion_contaminantes": "69.8 kg anuales", "produccion_oxigeno": "5.78 ton anuales", "valor_servicios_mxn": "$83,135.60", "_mp": 0, "_mp_n": 1 }, "geometry": { "type": "Polygon", "coordinates": [ [ [ -99.211778998, 19.410101247 ], [ -99.211811554, 19.410088782 ], [ -99.212040234000028, 19.410030313999982 ], [ -99.212209894000011, 19.409998722000012 ], [ -99.212356747, 19.409956803 ], [ -99.21247936200001, 19.409912754 ], [ -99.212677195000026, 19.409793197 ], [ -99.212922586, 19.409637542999974 ], [ -99.21300194600002, 19.409575959999984 ], [ -99.213123391000011, 19.40948547 ], [ -99.21324021700002, 19.409406648000015 ], [ -99.213319930000011, 19.409373007999989 ], [ -99.213374382999973, 19.409362891 ], [ -99.213453037000022, 19.409352354000021 ], [ -99.213656448, 19.409355114 ], [ -99.213656542000024, 19.409355115999972 ], [ -99.213751505, 19.409356886000012 ], [ -99.213795595000022, 19.409362154 ], [ -99.213863925, 19.409371191999981 ], [ -99.213933404999977, 19.409612331 ], [ -99.213922942000011, 19.409715276999975 ], [ -99.213950749999981, 19.409741317 ], [ -99.213952246000019, 19.409769927000013 ], [ -99.213973827000018, 19.409871247000012 ], [ -99.213851592000026, 19.409875316000011 ], [ -99.213574229000017, 19.409992311999986 ], [ -99.213541637999981, 19.409957986999984 ], [ -99.213278842000022, 19.410156718999986 ], [ -99.213192642000024, 19.410215778 ], [ -99.213089102000026, 19.410214354 ], [ -99.213030694, 19.410249841999985 ], [ -99.212631787000021, 19.410471562 ], [ -99.212600538, 19.410395363000021 ], [ -99.212326970999982, 19.410489026 ], [ -99.212115315, 19.410562342999981 ], [ -99.212051159999987, 19.410471345000019 ], [ -99.211886159000017, 19.410262296999974 ], [ -99.211773810000011, 19.410118838000017 ], [ -99.211778998, 19.410101247 ] ] ] } },
{ "type": "Feature", "properties": { "subzona": "6.5", "nombre": "Estercolero y curva", "area": "0.85 ha", "poblacion": "433", "almacen_carbono": "185.4 toneladas", "captura_carbono": "7.8 toneladas anuales", "reduccion_escorrentia": "139.52 mo anuales", "remocion_contaminantes": "89.85 kg anuales", "produccion_oxigeno": "5.65 ton anuales", "valor_servicios_mxn": "$87,085.00", "_mp": 0, "_mp_n": 1 }, "geometry": { "type": "Polygon", "coordinates": [ [ [ -99.214019414, 19.409612637 ], [ -99.214047628, 19.409469343000012 ], [ -99.213897724, 19.409441580000021 ], [ -99.213895040000011, 19.409367010999972 ], [ -99.213988288999985, 19.40937777 ], [ -99.214139209, 19.409402119 ], [ -99.214210515, 19.409427655 ], [ -99.214276439, 19.409449541000015 ], [ -99.21431198099998, 19.409470148000025 ], [ -99.214355731000012, 19.409502522000025 ], [ -99.214422314999979, 19.409538535000024 ], [ -99.214504853, 19.40956620999998 ], [ -99.214621287, 19.409565977999989 ], [ -99.214658054999973, 19.409588125000028 ], [ -99.214689307000015, 19.409614354999974 ], [ -99.214728784999977, 19.409655068 ], [ -99.214752836, 19.409688658999983 ], [ -99.214790086, 19.409726644999978 ], [ -99.214810714, 19.40973936 ], [ -99.214838940999982, 19.409749058999978 ], [ -99.214882554999974, 19.409742193 ], [ -99.21491940300001, 19.409725060000028 ], [ -99.214954052999985, 19.409694082999977 ], [ -99.214974494999979, 19.409645508999972 ], [ -99.214987561999976, 19.409590580999975 ], [ -99.214994532, 19.409557273000019 ], [ -99.215015605000019, 19.40951908400001 ], [ -99.215044445, 19.409484808 ], [ -99.215071935000026, 19.409470065999983 ], [ -99.215108510999983, 19.409465862 ], [ -99.215144821000024, 19.409472739000023 ], [ -99.215229389, 19.409517036000011 ], [ -99.215283666, 19.409535017 ], [ -99.215382221000027, 19.409555430000012 ], [ -99.215468645999977, 19.409560877 ], [ -99.215590943, 19.409555728999976 ], [ -99.215644868000027, 19.409560527 ], [ -99.215674953000018, 19.409581966000019 ], [ -99.215680673, 19.409619969 ], [ -99.215667525000015, 19.409648738999977 ], [ -99.215628512000023, 19.409674122000013 ], [ -99.215567935000024, 19.409698879000018 ], [ -99.21549401599998, 19.409722038999973 ], [ -99.21541763, 19.409755464 ], [ -99.215352293000024, 19.409825403000013 ], [ -99.215307967, 19.409901210999976 ], [ -99.215266265000025, 19.409966278000013 ], [ -99.215224442000022, 19.410015513000019 ], [ -99.215189588999976, 19.410045621999984 ], [ -99.215140596000026, 19.410073247000014 ], [ -99.215092729, 19.410089942000013 ], [ -99.214964929000018, 19.410100592999981 ], [ -99.214882980000027, 19.410107496000023 ], [ -99.214774687999977, 19.410112662000017 ], [ -99.214667151000015, 19.410126801 ], [ -99.214589631000024, 19.410134626 ], [ -99.21454905500002, 19.410152579999988 ], [ -99.214470115999973, 19.410088459 ], [ -99.214398804999973, 19.410018829000023 ], [ -99.214364397999987, 19.409997476 ], [ -99.214323510999975, 19.409959328000014 ], [ -99.214284097000018, 19.409947564 ], [ -99.214244876, 19.409980217 ], [ -99.214207005, 19.409951534000015 ], [ -99.21419288300001, 19.409943606000013 ], [ -99.214138521, 19.409939343000019 ], [ -99.214037255999983, 19.409926701000018 ], [ -99.21401145599998, 19.409842697999977 ], [ -99.213968331, 19.40960536 ], [ -99.214019414, 19.409612637 ] ] ] } },
{ "type": "Feature", "properties": { "subzona": "6.6", "nombre": "Ladera Virreyes", "area": "0.64 ha", "poblacion": "396", "almacen_carbono": "155.9 toneladas", "captura_carbono": "7.2 toneladas anuales", "reduccion_escorrentia": "101.37 mo anuales", "remocion_contaminantes": "59.75 kg anuales", "produccion_oxigeno": "5.24 ton anuales", "valor_servicios_mxn": "$68,856.90", "_mp": 0, "_mp_n": 1 }, "geometry": { "type": "Polygon", "coordinates": [ [ [ -99.216128669999989, 19.409910797 ], [ -99.216111714000021, 19.409940236000011 ], [ -99.215972095999973, 19.409959549 ], [ -99.215879427, 19.409926669000015 ], [ -99.215723310999977, 19.409920516 ], [ -99.215614523999989, 19.409956078 ], [ -99.215590442, 19.410025339000015 ], [ -99.215485044, 19.410012740000013 ], [ -99.21540826, 19.410042929999975 ], [ -99.215366765, 19.410127606 ], [ -99.215355223000017, 19.410156733 ], [ -99.215310521, 19.410191645 ], [ -99.215264622, 19.410191144 ], [ -99.21524056200002, 19.410159159999978 ], [ -99.215190414, 19.41018092600001 ], [ -99.215151558, 19.410215262 ], [ -99.21513331, 19.410262586999977 ], [ -99.215100475999975, 19.41029161 ], [ -99.215044588000012, 19.41029948900001 ], [ -99.215015011999981, 19.410292129000027 ], [ -99.214984727, 19.410283312 ], [ -99.214953175, 19.410268477999978 ], [ -99.214940092, 19.410252776999982 ], [ -99.214926575, 19.410251077 ], [ -99.214930074, 19.410281931999975 ], [ -99.214927693999982, 19.410311219 ], [ -99.214940746000025, 19.410336692999977 ], [ -99.214956560000019, 19.410360493999974 ], [ -99.214937933999977, 19.410381588 ], [ -99.214955509, 19.410421395000014 ], [ -99.214981535999982, 19.410453694000012 ], [ -99.214972412, 19.410510042999988 ], [ -99.214868959, 19.410535689000028 ], [ -99.214768752, 19.410557241 ], [ -99.214477328999976, 19.410630291000018 ], [ -99.214267729000028, 19.41067029200002 ], [ -99.214039867999986, 19.410715472 ], [ -99.214057786000012, 19.410982896 ], [ -99.214049235, 19.411194057999978 ], [ -99.214049747, 19.411261191 ], [ -99.214045082999974, 19.41133910100001 ], [ -99.214045892, 19.411396245999981 ], [ -99.214044689, 19.411417925000023 ], [ -99.214006627, 19.411415407 ], [ -99.21398461299998, 19.411411639999983 ], [ -99.21396123400001, 19.411408972 ], [ -99.213944061, 19.411393936000024 ], [ -99.213965068, 19.411388351000028 ], [ -99.213979526, 19.411377884999979 ], [ -99.213983768999981, 19.411347996000018 ], [ -99.21397162300002, 19.411299353 ], [ -99.213960489999977, 19.411238998999977 ], [ -99.213963803000013, 19.411157918000015 ], [ -99.213964847, 19.411111764 ], [ -99.213976555999977, 19.411065672 ], [ -99.213978646999976, 19.41103166900001 ], [ -99.213985353999988, 19.411002855 ], [ -99.214000086999988, 19.410898530999987 ], [ -99.213979241, 19.410792849000018 ], [ -99.213980231999983, 19.410769276999986 ], [ -99.213989291000019, 19.410750378999978 ], [ -99.214010304999988, 19.410729015000015 ], [ -99.214035593, 19.410707162 ], [ -99.214119942000025, 19.41064151 ], [ -99.214239500000019, 19.410589097000013 ], [ -99.214301292000016, 19.410574474999976 ], [ -99.214437776000011, 19.410550280999985 ], [ -99.214422013999979, 19.410504538 ], [ -99.214463873, 19.410445971 ], [ -99.214491727999985, 19.410379198999976 ], [ -99.214506363999988, 19.410317544 ], [ -99.21452148100002, 19.410241547999988 ], [ -99.214547698999979, 19.410207534999984 ], [ -99.214579652999987, 19.410182280000015 ], [ -99.214677989999984, 19.41015786600002 ], [ -99.214774061000014, 19.410145788000023 ], [ -99.215022529, 19.410127698999986 ], [ -99.215112436000027, 19.410117361 ], [ -99.215178117, 19.410097650000012 ], [ -99.215237925, 19.410054537 ], [ -99.215285704, 19.41000065999998 ], [ -99.215348259, 19.409908030999986 ], [ -99.215385503999983, 19.409834382999975 ], [ -99.215438848000019, 19.409787165000012 ], [ -99.215489061000028, 19.409759824 ], [ -99.215538778, 19.409743682 ], [ -99.215588347, 19.409735464 ], [ -99.215643460000024, 19.409738231 ], [ -99.215674772999989, 19.409709521000025 ], [ -99.215935974999979, 19.409589943000015 ], [ -99.216050485999972, 19.409628004000012 ], [ -99.216052121000018, 19.409673585 ], [ -99.216092323999987, 19.409699462999981 ], [ -99.216146449, 19.409717279 ], [ -99.216222947, 19.409802832000025 ], [ -99.216153388, 19.409855822 ], [ -99.216128669999989, 19.409910797 ] ] ] } },
{ "type": "Feature", "properties": { "subzona": "6.8", "nombre": "Lindero arqueros", "area": "0.81 ha", "poblacion": "465", "almacen_carbono": "228.3 toneladas", "captura_carbono": "9.8 toneladas anuales", "reduccion_escorrentia": "133.37 mo anuales", "remocion_contaminantes": "69.75 kg anuales", "produccion_oxigeno": "7.15 ton anuales", "valor_servicios_mxn": "$96,383.60", "_mp": 0, "_mp_n": 1 }, "geometry": { "type": "Polygon", "coordinates": [ [ [ -99.213957210999979, 19.411411312999974 ], [ -99.213910750000025, 19.411459514 ], [ -99.213866129999985, 19.411492679999981 ], [ -99.213712202000011, 19.411582668999984 ], [ -99.213651441000025, 19.411618987999987 ], [ -99.213561528000014, 19.411657745000014 ], [ -99.213436457, 19.411718042000018 ], [ -99.213314858, 19.411826721000011 ], [ -99.213212171, 19.411927322 ], [ -99.213150246999987, 19.411995443000023 ], [ -99.213073026000018, 19.412139793999984 ], [ -99.213011401000017, 19.412222327 ], [ -99.21284275, 19.412383746999978 ], [ -99.212776476999977, 19.412432444999979 ], [ -99.212644536000028, 19.41257286299998 ], [ -99.212544122999986, 19.412659517 ], [ -99.21249049, 19.412717144999988 ], [ -99.212450295, 19.412755705999984 ], [ -99.212396878999982, 19.412802457999987 ], [ -99.212327114, 19.412860986999988 ], [ -99.212169812000013, 19.412954915 ], [ -99.212051702999986, 19.413020919000019 ], [ -99.211989808999988, 19.413054927000019 ], [ -99.211788322000018, 19.413190599000018 ], [ -99.211784534, 19.413196610999989 ], [ -99.211409915, 19.413519178 ], [ -99.211415626000019, 19.413610802999983 ], [ -99.211420557999986, 19.413700719000019 ], [ -99.211456779, 19.413784882000016 ], [ -99.211354491, 19.41395393800002 ], [ -99.211237977999986, 19.413957945 ], [ -99.211128783999982, 19.413962630000015 ], [ -99.210982651999984, 19.413959662000025 ], [ -99.210935010000014, 19.413952649 ], [ -99.210895360999984, 19.413940669999988 ], [ -99.210875167999973, 19.413925848000019 ], [ -99.210854235, 19.413904761000026 ], [ -99.210822071999985, 19.413867174000018 ], [ -99.210787423999989, 19.413830680999979 ], [ -99.210767706000013, 19.413798570999973 ], [ -99.210736306, 19.413730419 ], [ -99.21071244, 19.413674118000017 ], [ -99.210662469, 19.413578238000014 ], [ -99.210640313, 19.413531938 ], [ -99.210625768, 19.413505467999983 ], [ -99.210622182, 19.413474537000013 ], [ -99.210622138000019, 19.413443933 ], [ -99.210616775, 19.41334073500002 ], [ -99.210608564999973, 19.413074108999979 ], [ -99.210602011, 19.412919552 ], [ -99.210594952, 19.412796786 ], [ -99.210575414, 19.412510756000017 ], [ -99.210597658999973, 19.412185379 ], [ -99.210651795, 19.411965153999972 ], [ -99.210692388999973, 19.411815816 ], [ -99.210716221999974, 19.411717341999974 ], [ -99.210738089000017, 19.411620971 ], [ -99.210765120000019, 19.411479951 ], [ -99.210780983, 19.411383501999978 ], [ -99.21079609100002, 19.411276246999989 ], [ -99.21083717, 19.41106376 ], [ -99.210867434000022, 19.410860846 ], [ -99.210891565, 19.410666616000015 ], [ -99.21089815900001, 19.410584329000017 ], [ -99.210933717999978, 19.410524973 ], [ -99.211034875999985, 19.410385266999981 ], [ -99.211105323000027, 19.410331197 ], [ -99.211129358, 19.410321969 ], [ -99.211142344, 19.41032642 ], [ -99.211159242, 19.410331833999976 ], [ -99.211179539, 19.410345889999974 ], [ -99.21118686, 19.410369485999979 ], [ -99.211086006000016, 19.410550318 ], [ -99.211050390000025, 19.41064654500002 ], [ -99.210965534000024, 19.410865261000026 ], [ -99.210952132999978, 19.410921382000026 ], [ -99.210939966000012, 19.410994339000013 ], [ -99.210933554, 19.411023646999979 ], [ -99.210924579, 19.411056558999974 ], [ -99.210864830999981, 19.411317677999989 ], [ -99.210844525000027, 19.411439890999986 ], [ -99.210823555, 19.411575041999981 ], [ -99.210801044, 19.411667986999987 ], [ -99.21079562, 19.41172614200002 ], [ -99.210783784, 19.411801867 ], [ -99.210768917999985, 19.411839015 ], [ -99.210738619999972, 19.411886811999977 ], [ -99.210702199000025, 19.411969241 ], [ -99.210678567, 19.412046560000022 ], [ -99.210649768, 19.412129693 ], [ -99.21063237200002, 19.412217670000018 ], [ -99.210617922999973, 19.412285403999988 ], [ -99.210613363999983, 19.412375269 ], [ -99.21062471099998, 19.412450949 ], [ -99.210652488, 19.412585557999989 ], [ -99.210678218999988, 19.412737070999981 ], [ -99.210692170000016, 19.412859917 ], [ -99.210704685, 19.412947867000014 ], [ -99.210727501, 19.413030005 ], [ -99.210756805000017, 19.413123973999973 ], [ -99.210796580000022, 19.413208447999978 ], [ -99.210840162000011, 19.413285541 ], [ -99.210913134, 19.413391785999977 ], [ -99.210944655999981, 19.413441966999983 ], [ -99.210959920999983, 19.413468380999973 ], [ -99.21098007, 19.41349425300001 ], [ -99.211027581, 19.413545017999979 ], [ -99.211081557, 19.413585566999984 ], [ -99.21110640500001, 19.413600471 ], [ -99.211127694000027, 19.413608505000013 ], [ -99.21115817499998, 19.413617454000018 ], [ -99.211196966999978, 19.413623611 ], [ -99.21122083, 19.413626814 ], [ -99.21124383199998, 19.413629097000012 ], [ -99.211263074999977, 19.413619195000024 ], [ -99.211331046, 19.413565393 ], [ -99.211360841999976, 19.413534713999979 ], [ -99.211427405999984, 19.413459040000021 ], [ -99.211469878, 19.413427494000018 ], [ -99.211671196, 19.413246878999985 ], [ -99.211768759, 19.413186313999972 ], [ -99.211832597000011, 19.413131438999983 ], [ -99.211926432999974, 19.413056383000026 ], [ -99.212132215999986, 19.412946047 ], [ -99.212307131999978, 19.412844327000016 ], [ -99.21239381800001, 19.412779596 ], [ -99.212627182, 19.412548539999989 ], [ -99.212824925, 19.412362191999989 ], [ -99.212973234, 19.412193044 ], [ -99.213030286, 19.41212658500001 ], [ -99.213130944, 19.411970919999987 ], [ -99.213207997999973, 19.411885983 ], [ -99.213303006999979, 19.411806464999984 ], [ -99.213356083, 19.411758951000024 ], [ -99.21341385, 19.411702237999975 ], [ -99.213463384000022, 19.411668754 ], [ -99.213577726999972, 19.411631079000017 ], [ -99.213654317000021, 19.411594116 ], [ -99.213718609000011, 19.411558486 ], [ -99.213796555999977, 19.411516056999972 ], [ -99.213874847, 19.411468942999988 ], [ -99.213919665999981, 19.411429920999979 ], [ -99.213945337999974, 19.411396717 ], [ -99.213957210999979, 19.411411312999974 ] ] ] } },
{ "type": "Feature", "properties": { "subzona": "6.4", "nombre": "Caballerizas de arriba", "area": "1.06 ha", "poblacion": "235", "almacen_carbono": "146 toneladas", "captura_carbono": "6 toneladas anuales", "reduccion_escorrentia": "104.18 mo anuales", "remocion_contaminantes": "59.14 kg anuales", "produccion_oxigeno": "4.38 ton anuales", "valor_servicios_mxn": "$68,019.90", "_mp": 0, "_mp_n": 1 }, "geometry": { "type": "Polygon", "coordinates": [ [ [ -99.214005383000028, 19.410661963999985 ], [ -99.213941856000019, 19.410666731 ], [ -99.213867366999978, 19.410609597000018 ], [ -99.213810415000012, 19.410646854 ], [ -99.213535197999988, 19.410387749 ], [ -99.213359643, 19.410544018 ], [ -99.212859534000017, 19.410959215 ], [ -99.212796351, 19.410892769999975 ], [ -99.212685006000015, 19.410994145000018 ], [ -99.212618986999985, 19.410941488999981 ], [ -99.21255544600001, 19.410875361000024 ], [ -99.212492414999986, 19.410827512000026 ], [ -99.212415492, 19.410778945 ], [ -99.212376339, 19.410773941 ], [ -99.212331249999977, 19.410728506 ], [ -99.212301578999984, 19.410679948 ], [ -99.212277045, 19.410620327 ], [ -99.212308399, 19.41059299 ], [ -99.212336726999979, 19.410572417000026 ], [ -99.212397656, 19.410698083999989 ], [ -99.212464846999978, 19.410682722 ], [ -99.212746926000023, 19.410589437 ], [ -99.212713221, 19.410497060000012 ], [ -99.213056526, 19.410311465 ], [ -99.213074049999989, 19.410326413 ], [ -99.213137141, 19.410293065000019 ], [ -99.213149903999977, 19.410246464000011 ], [ -99.213211343000012, 19.410253314999977 ], [ -99.213270750999982, 19.410250499000028 ], [ -99.213327748999973, 19.410262680000017 ], [ -99.213424238000016, 19.410312437000016 ], [ -99.213691203, 19.410107654 ], [ -99.213814803, 19.410040971 ], [ -99.213906020000024, 19.409966242999985 ], [ -99.213858368, 19.409926037999981 ], [ -99.213898869, 19.409892916 ], [ -99.213972091000016, 19.409908455 ], [ -99.214036766, 19.40992862600001 ], [ -99.214137599000026, 19.409939448999978 ], [ -99.214193248000015, 19.409944191000022 ], [ -99.21421220000002, 19.409956941000019 ], [ -99.214244972000017, 19.409983907000026 ], [ -99.21428133400002, 19.409975837 ], [ -99.214468759999988, 19.41015708499998 ], [ -99.214505237000026, 19.410128107999981 ], [ -99.214549423, 19.410152853999989 ], [ -99.214531809, 19.410174085999984 ], [ -99.214506658, 19.410198606999984 ], [ -99.214484731000027, 19.410221364 ], [ -99.214480306999974, 19.410273282 ], [ -99.214474685000027, 19.41031622600002 ], [ -99.214461853999978, 19.410351659000014 ], [ -99.214447979999989, 19.410398980000025 ], [ -99.214422647, 19.410458909999988 ], [ -99.214385895000021, 19.410493501000019 ], [ -99.214344626000013, 19.410513051 ], [ -99.214283629000022, 19.410529831000019 ], [ -99.214198067999973, 19.410562691 ], [ -99.214107690999981, 19.410611171000028 ], [ -99.214052293, 19.410645059999979 ], [ -99.214005383000028, 19.410661963999985 ] ] ] } },
{ "type": "Feature", "properties": { "subzona": "6.7", "nombre": "Casa Club y PADS", "area": "4.55 ha", "poblacion": "1,047", "almacen_carbono": "474.4 toneladas", "captura_carbono": "20.3 toneladas anuales", "reduccion_escorrentia": "334.97 mo anuales", "remocion_contaminantes": "180 kg anuales", "produccion_oxigeno": "1.47 ton anuales", "valor_servicios_mxn": "$223,236.80", "_mp": 0, "_mp_n": 1 }, "geometry": { "type": "Polygon", "coordinates": [ [ [ -99.213710148000018, 19.41108712 ], [ -99.213719326999978, 19.41116245500001 ], [ -99.213826281000024, 19.411150367 ], [ -99.213867849999986, 19.411171360000026 ], [ -99.213891016, 19.411183986000026 ], [ -99.213908550999975, 19.411205395000025 ], [ -99.213919384, 19.411236106999979 ], [ -99.213928891000023, 19.411267491 ], [ -99.213931770999977, 19.411317611000015 ], [ -99.213918859999978, 19.411354881000022 ], [ -99.213905258000011, 19.411396862 ], [ -99.213866595000013, 19.411434346000021 ], [ -99.213774396000019, 19.411489510000024 ], [ -99.213669908999975, 19.411547282000015 ], [ -99.213587104999988, 19.411590375 ], [ -99.213506382999981, 19.411625637999975 ], [ -99.213461892, 19.411640028000022 ], [ -99.213410328, 19.411661626000011 ], [ -99.213370161, 19.411695571999985 ], [ -99.213347105000025, 19.411721742 ], [ -99.213290981, 19.411777971 ], [ -99.213249303999987, 19.411806082999988 ], [ -99.213233907000017, 19.411815897999986 ], [ -99.21317353400002, 19.411780385999975 ], [ -99.213077524000028, 19.411727153000015 ], [ -99.213032619999979, 19.411727937000023 ], [ -99.213010833999988, 19.411751158000015 ], [ -99.212995794, 19.411768578000022 ], [ -99.212939595000023, 19.411821519 ], [ -99.212863361000018, 19.411868226000024 ], [ -99.212769203999983, 19.412011730000017 ], [ -99.212800539999989, 19.412037153000028 ], [ -99.212715538, 19.412062735 ], [ -99.21269414, 19.412111109000023 ], [ -99.212660347, 19.41218267 ], [ -99.212645018999979, 19.412200973999973 ], [ -99.21262012699998, 19.412267671 ], [ -99.21260344, 19.412316561000011 ], [ -99.212618756999973, 19.412389287 ], [ -99.212588845000028, 19.412459255999977 ], [ -99.212496625000028, 19.412550647999979 ], [ -99.212418488000026, 19.412613265 ], [ -99.212338714999987, 19.412672521 ], [ -99.212253811999972, 19.412585992 ], [ -99.212188041, 19.412607039000022 ], [ -99.212095836, 19.412639511 ], [ -99.212007122999978, 19.412654425000028 ], [ -99.211985893000019, 19.412678258000028 ], [ -99.211799873000018, 19.412643476000028 ], [ -99.211722296, 19.412697912 ], [ -99.211594876999982, 19.412680517000013 ], [ -99.211445254000012, 19.412811440999974 ], [ -99.211247512, 19.412539915000025 ], [ -99.211250489, 19.412421189999975 ], [ -99.211185148000027, 19.412369171000023 ], [ -99.211142208000012, 19.411984887000017 ], [ -99.211130142, 19.411873644000025 ], [ -99.211126998, 19.411751665999986 ], [ -99.211184753, 19.411748663000026 ], [ -99.211286696, 19.411245376000011 ], [ -99.211306236999974, 19.411145869 ], [ -99.211322662999976, 19.411051326 ], [ -99.211440997000011, 19.410887839999987 ], [ -99.211399001000018, 19.410830109000017 ], [ -99.211337954999976, 19.41077094100001 ], [ -99.211380073999976, 19.410716039000022 ], [ -99.211444298, 19.4106552 ], [ -99.211521203000018, 19.410643790999984 ], [ -99.211766107000017, 19.410604267 ], [ -99.211874672000022, 19.410593028999983 ], [ -99.211949340999979, 19.410592693000012 ], [ -99.212011011000016, 19.410596322 ], [ -99.212085963, 19.410572876 ], [ -99.212137153000015, 19.410626660999981 ], [ -99.212226994, 19.410626042 ], [ -99.212276972999973, 19.410689977 ], [ -99.212315378000028, 19.410775167999986 ], [ -99.212380277000022, 19.410808890999988 ], [ -99.212466213000027, 19.410849440999982 ], [ -99.212506067, 19.410868661 ], [ -99.212536616000023, 19.410909168999979 ], [ -99.212522856000021, 19.410952268000017 ], [ -99.212580906000028, 19.410992605999979 ], [ -99.212644613, 19.411041031000025 ], [ -99.212765844999979, 19.41092756 ], [ -99.212797835, 19.410896348 ], [ -99.212827059, 19.410929744999976 ], [ -99.212860979000027, 19.41096825 ], [ -99.213083917, 19.410771195999985 ], [ -99.213253211, 19.410620666 ], [ -99.213361866000014, 19.410545058000025 ], [ -99.213485306, 19.410434398 ], [ -99.213658744999975, 19.410593641 ], [ -99.213685438000027, 19.410568789000024 ], [ -99.213790092000011, 19.410659795000015 ], [ -99.213721073999977, 19.410722963000012 ], [ -99.213692697999988, 19.410761266 ], [ -99.213694818000022, 19.410801569 ], [ -99.21369873499998, 19.410838088 ], [ -99.213704323, 19.410913428000015 ], [ -99.213708494, 19.411009533000026 ], [ -99.213710148000018, 19.41108712 ] ] ] } },
{ "type": "Feature", "properties": { "subzona": "6.9", "nombre": "Ladera suroriente", "area": "2.15 ha", "poblacion": "918", "almacen_carbono": "364 toneladas", "captura_carbono": "15.1 toneladas anuales", "reduccion_escorrentia": "218.33 mo anuales", "remocion_contaminantes": "119.85 kg anuales", "produccion_oxigeno": "1.1 ton anuales", "valor_servicios_mxn": "$157,605.00", "_mp": 0, "_mp_n": 1 }, "geometry": { "type": "Polygon", "coordinates": [ [ [ -99.211137285, 19.410519815999976 ], [ -99.211213687, 19.410400440999979 ], [ -99.211273745000028, 19.410320360000014 ], [ -99.211314604999984, 19.410269395 ], [ -99.211390027, 19.410217429 ], [ -99.211430098999983, 19.410196053 ], [ -99.211514551, 19.410165204 ], [ -99.211581589, 19.410149960000012 ], [ -99.211590855999987, 19.410162183000011 ], [ -99.211598412, 19.410192925 ], [ -99.21156822, 19.41020347 ], [ -99.211528343, 19.41021543 ], [ -99.211495031000027, 19.410265028000026 ], [ -99.211484084, 19.410254903 ], [ -99.21143086, 19.410238339999978 ], [ -99.211349300999984, 19.410267498999985 ], [ -99.211259383000026, 19.410380942000018 ], [ -99.21122284, 19.410418860999982 ], [ -99.211132338000027, 19.410551643000019 ], [ -99.211180402000025, 19.410616526000013 ], [ -99.211199616999977, 19.410654414000021 ], [ -99.211300398999981, 19.410792782999977 ], [ -99.21133555199998, 19.410774087999982 ], [ -99.211396744000012, 19.410832749 ], [ -99.211436068000012, 19.410885673 ], [ -99.211321821000013, 19.411047791999977 ], [ -99.211284455, 19.411244749 ], [ -99.211181348000025, 19.411746814000026 ], [ -99.211125944, 19.41175094 ], [ -99.211127592000025, 19.411868420000019 ], [ -99.211139562000028, 19.411981116 ], [ -99.211182303999976, 19.412371883 ], [ -99.211248520000026, 19.412423363000016 ], [ -99.211245647999988, 19.412543787 ], [ -99.211445224999977, 19.412816465 ], [ -99.21148918199998, 19.412772791 ], [ -99.211545216, 19.412723454 ], [ -99.211594606, 19.412682156000017 ], [ -99.21172233599998, 19.412701 ], [ -99.211802751, 19.412645366 ], [ -99.211985879, 19.412680177000027 ], [ -99.212008518, 19.412656372000015 ], [ -99.212100304999979, 19.412639773000024 ], [ -99.212192604, 19.412604723000015 ], [ -99.212256367, 19.412587921000011 ], [ -99.212339064, 19.41267309 ], [ -99.212423793000028, 19.412611664999986 ], [ -99.212498655, 19.412552285 ], [ -99.212589728000012, 19.412460547000023 ], [ -99.212620275, 19.412388825999983 ], [ -99.212605834999977, 19.412316450999981 ], [ -99.212646283000026, 19.412202531999981 ], [ -99.212661597000022, 19.412184458000013 ], [ -99.212716738999973, 19.412063687 ], [ -99.212801997999975, 19.412038462999988 ], [ -99.212838723, 19.412063993 ], [ -99.212923868000019, 19.412007854000024 ], [ -99.212957286, 19.41203572400002 ], [ -99.212895902000014, 19.412102312 ], [ -99.21294117399998, 19.412147157 ], [ -99.212943823999979, 19.412175865999984 ], [ -99.212872203000018, 19.412256162 ], [ -99.212840158, 19.412305074000017 ], [ -99.212689802999989, 19.412444669000024 ], [ -99.212597657, 19.412539934 ], [ -99.212497784999982, 19.412633409000023 ], [ -99.212359671, 19.412772479000012 ], [ -99.212315758999978, 19.412802589000023 ], [ -99.21223484, 19.412856229999988 ], [ -99.211953526, 19.413005568000017 ], [ -99.211853299999973, 19.413075986000024 ], [ -99.211850226000024, 19.413077731999977 ], [ -99.211753284999986, 19.413161176000017 ], [ -99.211571022999976, 19.413278629999979 ], [ -99.211445272, 19.413398169 ], [ -99.211367981000024, 19.413471773000026 ], [ -99.211315231000015, 19.413538361 ], [ -99.211285707, 19.413571307999973 ], [ -99.211251866, 19.413595883000028 ], [ -99.211215265000021, 19.413601948 ], [ -99.211153806000027, 19.413594201000024 ], [ -99.21110255100001, 19.413555148 ], [ -99.211036171999979, 19.413486402999979 ], [ -99.21095999, 19.413408366999988 ], [ -99.210912458, 19.413337934000026 ], [ -99.210805975000028, 19.413133749999986 ], [ -99.21075126300002, 19.412985838999987 ], [ -99.210742075999974, 19.412931645000015 ], [ -99.210733655000013, 19.412861118000023 ], [ -99.210722374999989, 19.412784863000013 ], [ -99.21069587400001, 19.412590658 ], [ -99.210664908000012, 19.412464503000024 ], [ -99.210655094, 19.412395317 ], [ -99.21065131, 19.412316052 ], [ -99.210656745, 19.412246472 ], [ -99.210673429999986, 19.412152994999985 ], [ -99.210720872000024, 19.411988005000012 ], [ -99.210752355000011, 19.411926530000017 ], [ -99.210785138, 19.411871368 ], [ -99.210811251999985, 19.411805451000021 ], [ -99.210826051000026, 19.411734158 ], [ -99.210874889000024, 19.411453594000022 ], [ -99.210894321000012, 19.411335414 ], [ -99.21095690300001, 19.411010335000014 ], [ -99.211052646999974, 19.410709735000012 ], [ -99.211097481000024, 19.410606759000018 ], [ -99.211137285, 19.410519815999976 ] ] ] } },
{ "type": "Feature", "properties": { "subzona": "5.2", "nombre": "Ladera noroeste", "area": "0.53 ha", "poblacion": "394", "almacen_carbono": "189.3 toneladas", "captura_carbono": "7.9 toneladas anuales", "reduccion_escorrentia": "164.58 mo anuales", "remocion_contaminantes": "92.58 kg anuales", "produccion_oxigeno": "5.75 ton anuales", "valor_servicios_mxn": "$98,084.03", "_mp": 0, "_mp_n": 1 }, "geometry": { "type": "Polygon", "coordinates": [ [ [ -99.211405872, 19.413514922 ], [ -99.21143839299998, 19.413480333999985 ], [ -99.211496319999981, 19.413437687 ], [ -99.211606448999987, 19.413335168 ], [ -99.211655343000018, 19.413288782999985 ], [ -99.211803211000017, 19.413186720999988 ], [ -99.211881103999985, 19.413127837 ], [ -99.211989873999983, 19.413060699000027 ], [ -99.212084122000022, 19.413131259000011 ], [ -99.212190374999977, 19.413152646000015 ], [ -99.212278911999988, 19.413073476000022 ], [ -99.21234712, 19.413063492 ], [ -99.212368891999972, 19.413115721 ], [ -99.212379017999979, 19.413171858999988 ], [ -99.212385032999975, 19.413254744000028 ], [ -99.212369439999975, 19.413328310999987 ], [ -99.212266966000016, 19.413420506000023 ], [ -99.212220408, 19.413402742000017 ], [ -99.212123991999988, 19.413512312000023 ], [ -99.212059232, 19.413560427999982 ], [ -99.212010110999984, 19.413603304 ], [ -99.211969781999983, 19.413582655000027 ], [ -99.211933128999988, 19.413584453 ], [ -99.211916286000019, 19.413632093 ], [ -99.211882563000017, 19.41366338 ], [ -99.211825874, 19.413648016000025 ], [ -99.21179773, 19.41369548 ], [ -99.211748872999976, 19.413772814000026 ], [ -99.211714953000012, 19.413847407 ], [ -99.211706225, 19.413925543 ], [ -99.211734584999988, 19.413947436 ], [ -99.211722760999976, 19.413988739 ], [ -99.211666843999978, 19.413971842000024 ], [ -99.211586251000028, 19.413952368000025 ], [ -99.211531315, 19.41394730899998 ], [ -99.211470475999988, 19.413948256000026 ], [ -99.21140662, 19.41394920099998 ], [ -99.211353041, 19.413947088999976 ], [ -99.211361255999975, 19.413926812999989 ], [ -99.211389070999985, 19.41387772600001 ], [ -99.21140877800002, 19.413857081 ], [ -99.211428789000024, 19.413789883999982 ], [ -99.211430878999977, 19.413762782999981 ], [ -99.211428424000019, 19.413714272999982 ], [ -99.211407999000016, 19.413694052999972 ], [ -99.211376595, 19.413660740000012 ], [ -99.211384581, 19.41361926899998 ], [ -99.211406137999973, 19.413564662999988 ], [ -99.211405872, 19.413514922 ] ] ] } },
{ "type": "Feature", "properties": { "subzona": "5.1", "nombre": "Lineas", "area": "0.71 ha", "poblacion": "316", "almacen_carbono": "197.3 toneladas", "captura_carbono": "7.1 toneladas anuales", "reduccion_escorrentia": "159.18 mo anuales", "remocion_contaminantes": "87.9 kg anuales", "produccion_oxigeno": "5.16 ton anuales", "valor_servicios_mxn": "$98,736.29", "_mp": 0, "_mp_n": 1 }, "geometry": { "type": "Polygon", "coordinates": [ [ [ -99.213963008, 19.411412343 ], [ -99.213991540999984, 19.41140156900002 ], [ -99.214049580999983, 19.411398615999985 ], [ -99.214049063, 19.411454321 ], [ -99.214036367, 19.411746591999986 ], [ -99.214038572, 19.411841924999976 ], [ -99.214053377000027, 19.411953708999988 ], [ -99.214018711, 19.411964566 ], [ -99.213945717, 19.411964445000024 ], [ -99.213855731000024, 19.411972298000023 ], [ -99.213796554999988, 19.411979336 ], [ -99.213760149, 19.411970618 ], [ -99.213720411, 19.411949557000014 ], [ -99.213666916000022, 19.411944238999979 ], [ -99.213629212, 19.411946023999974 ], [ -99.213610088, 19.411957997 ], [ -99.213575327, 19.411980254000014 ], [ -99.213508320000017, 19.412011931999984 ], [ -99.213449562, 19.412070974000017 ], [ -99.213387024999975, 19.412152656999979 ], [ -99.21333261, 19.412234378999983 ], [ -99.213274663, 19.412270447000026 ], [ -99.213156368999989, 19.412262285999986 ], [ -99.213098308999975, 19.412225165 ], [ -99.213057543, 19.412260709 ], [ -99.213009895000027, 19.412299440000027 ], [ -99.212986311, 19.412336757 ], [ -99.213013777000015, 19.412389241000028 ], [ -99.213012574, 19.412450778999983 ], [ -99.212959802, 19.412461812 ], [ -99.212927568, 19.412492112 ], [ -99.212941086, 19.412537252 ], [ -99.212830409999981, 19.412676486 ], [ -99.212804502999973, 19.412731897000015 ], [ -99.212746004999985, 19.412748140000019 ], [ -99.212702375, 19.412798899 ], [ -99.212683052999978, 19.412858855000025 ], [ -99.212629406000019, 19.412942284999986 ], [ -99.212567779999972, 19.412983828999984 ], [ -99.212467933000028, 19.412996351 ], [ -99.212401938000028, 19.413018506000014 ], [ -99.212353824, 19.413057241 ], [ -99.212275343999977, 19.413067518999981 ], [ -99.212189367, 19.41314851300001 ], [ -99.212086306, 19.413127476 ], [ -99.21199862200001, 19.413054865 ], [ -99.212226085, 19.412919795999983 ], [ -99.212452301999974, 19.412758111000016 ], [ -99.212545348, 19.412661504000027 ], [ -99.212646010000014, 19.412573786 ], [ -99.212738012999978, 19.412473784999975 ], [ -99.212780334, 19.412430711000013 ], [ -99.212841025999978, 19.412385663 ], [ -99.212950578, 19.412282178999988 ], [ -99.213012487000015, 19.412222429999986 ], [ -99.213075491999973, 19.412140629000021 ], [ -99.213150713, 19.411992845999976 ], [ -99.213189973, 19.411952284999984 ], [ -99.213213086999986, 19.411926787000027 ], [ -99.213245685, 19.411895055 ], [ -99.213313808, 19.411828711999988 ], [ -99.213383422999982, 19.411765931 ], [ -99.213437227999975, 19.41171929 ], [ -99.213500329, 19.411692774000016 ], [ -99.213565696999979, 19.411659698 ], [ -99.213652544000013, 19.411620933999984 ], [ -99.213714184000025, 19.411582275 ], [ -99.213803387999974, 19.411530894 ], [ -99.213866317999987, 19.411494801 ], [ -99.213913411000021, 19.411460551 ], [ -99.213963008, 19.411412343 ] ] ] } },
{ "type": "Feature", "properties": { "subzona": "5.4", "nombre": "Barranca", "area": "0.39 ha", "poblacion": "113", "almacen_carbono": "77.1 toneladas", "captura_carbono": "3 toneladas anuales", "reduccion_escorrentia": "53.27 mo anuales", "remocion_contaminantes": "29.22 kg anuales", "produccion_oxigeno": "2.2 ton anuales", "valor_servicios_mxn": "$35,333.71", "_mp": 0, "_mp_n": 1 }, "geometry": { "type": "Polygon", "coordinates": [ [ [ -99.214002428000015, 19.412231710000015 ], [ -99.21396359, 19.412294143999986 ], [ -99.21390726300001, 19.412328866999985 ], [ -99.213855954999985, 19.412408121 ], [ -99.213750609999977, 19.412428993999981 ], [ -99.213688801999979, 19.412535941999977 ], [ -99.21359878200002, 19.412591914000018 ], [ -99.213373569, 19.412853814000016 ], [ -99.213206521000018, 19.412980993000019 ], [ -99.213116422999974, 19.413049587999978 ], [ -99.213100946, 19.413162183999987 ], [ -99.213093550999986, 19.413270798999974 ], [ -99.212953336999988, 19.413368586999979 ], [ -99.212869997999974, 19.413381706999985 ], [ -99.212912221000011, 19.413334002999989 ], [ -99.212923258999979, 19.4132808 ], [ -99.212902999, 19.413208128 ], [ -99.212871635, 19.413161186000025 ], [ -99.212877583000022, 19.413079041 ], [ -99.212928017000024, 19.412945851000018 ], [ -99.213140211999985, 19.412843462000012 ], [ -99.213269223, 19.412679708999974 ], [ -99.213398032999976, 19.412563050000017 ], [ -99.213542164999978, 19.412486608999984 ], [ -99.213657891000025, 19.412380316 ], [ -99.213787637999985, 19.412297218 ], [ -99.213894932000017, 19.412220966 ], [ -99.213925572, 19.412095636 ], [ -99.213866041000017, 19.41204349100002 ], [ -99.213769205, 19.412046448000012 ], [ -99.213703663999979, 19.412103205 ], [ -99.213614936999988, 19.412142722999988 ], [ -99.213459452, 19.412217770999973 ], [ -99.213376612, 19.412236839 ], [ -99.213357428999984, 19.412218215999985 ], [ -99.213542253000014, 19.412019084 ], [ -99.213629946000026, 19.411953391 ], [ -99.213729435, 19.411968651999985 ], [ -99.213802666, 19.411986918000025 ], [ -99.213856674, 19.411981643999979 ], [ -99.213915349, 19.411979993999978 ], [ -99.2139927, 19.411978889000011 ], [ -99.214052109000022, 19.411957552999979 ], [ -99.214034159999983, 19.41212399 ], [ -99.214002428000015, 19.412231710000015 ] ] ] } },
{ "type": "Feature", "properties": { "subzona": "5.3", "nombre": "Campos 1 y 2", "area": "0.94 ha", "poblacion": "573", "almacen_carbono": "347.5 toneladas", "captura_carbono": "12.8 toneladas anuales", "reduccion_escorrentia": "206.45 mo anuales", "remocion_contaminantes": "117.17 kg anuales", "produccion_oxigeno": "9.31 ton anuales", "valor_servicios_mxn": "$150,059.83", "_mp": 0, "_mp_n": 1 }, "geometry": { "type": "Polygon", "coordinates": [ [ [ -99.213002422999978, 19.413841263 ], [ -99.212988186000018, 19.41389232 ], [ -99.212855477, 19.414001937000023 ], [ -99.212637976999986, 19.414130611000019 ], [ -99.212556420999988, 19.414150862999975 ], [ -99.212538521999988, 19.414185530999987 ], [ -99.212535761000026, 19.414221968 ], [ -99.212496231999978, 19.414258293999978 ], [ -99.21243972000002, 19.414315607999981 ], [ -99.212379046000024, 19.414321734999987 ], [ -99.212312972, 19.414368216000014 ], [ -99.21226774500002, 19.414412218 ], [ -99.212197984999989, 19.414468321000015 ], [ -99.212183019, 19.414477792000014 ], [ -99.212145559000021, 19.414416448999987 ], [ -99.212131065, 19.414365087000022 ], [ -99.212090889000024, 19.414289038 ], [ -99.212029979000022, 19.41420294 ], [ -99.211963088, 19.41412915799998 ], [ -99.211877046999973, 19.414081286 ], [ -99.211800548999975, 19.414031788999978 ], [ -99.211750990999974, 19.414001851000023 ], [ -99.211768071, 19.413980606999985 ], [ -99.211831844000017, 19.41398067 ], [ -99.211886532999984, 19.413937206000014 ], [ -99.211900024999977, 19.413860788000022 ], [ -99.211938271, 19.413862477 ], [ -99.211967758000014, 19.413901020000026 ], [ -99.21200482, 19.413915218999989 ], [ -99.21202589, 19.413876550999987 ], [ -99.212027105, 19.413785538000013 ], [ -99.212045348, 19.413696781 ], [ -99.212179682999988, 19.413676673999987 ], [ -99.212297950999982, 19.41355693600002 ], [ -99.212399184, 19.413486386999978 ], [ -99.212458685, 19.413497635999988 ], [ -99.212493392999988, 19.413487809 ], [ -99.212445753999987, 19.413420598000016 ], [ -99.212452722000023, 19.413334207999981 ], [ -99.212487282999973, 19.413319593999972 ], [ -99.212524906, 19.413443174 ], [ -99.212608924, 19.413467425000022 ], [ -99.212732559000017, 19.413443980000011 ], [ -99.212909754, 19.413448126999981 ], [ -99.212957050999989, 19.413382076 ], [ -99.213170263999984, 19.413247824 ], [ -99.213215021, 19.413339572999973 ], [ -99.213227346999986, 19.413401089 ], [ -99.213246145000028, 19.413434876 ], [ -99.21327118, 19.413473658999976 ], [ -99.213246766, 19.413529158000017 ], [ -99.213149518000023, 19.413648188000025 ], [ -99.213002422999978, 19.413841263 ] ] ] } },
{ "type": "Feature", "properties": { "subzona": "Vialidades", "nombre": "Vialidades", "area": "18.06 km lineales", "poblacion": "3,360", "almacen_carbono": "1,192.01 toneladas", "captura_carbono": "76.55 toneladas anuales", "reduccion_escorrentia": "76.55 mo anuales", "remocion_contaminantes": "18,832 kg anuales", "produccion_oxigeno": "55.68 toneladas anuales", "valor_servicios_mxn": "$691,875.7", "_mp": 0, "_mp_n": 1 }, "geometry": { "type": "Polygon", "coordinates": [ [ [ -99.210716283000011, 19.401868507000017 ], [ -99.210719716000028, 19.404745108999975 ], [ -99.205933718999972, 19.404768968999974 ], [ -99.205905923999978, 19.401847266 ], [ -99.210716283000011, 19.401868507000017 ] ] ] } },
{ "type": "Feature", "properties": { "subzona": "Vialidades", "nombre": "Vialidades", "area": "0.36 ha", "poblacion": "965", "almacen_carbono": "222.31 toneladas", "captura_carbono": "11.81 toneladas anuales", "reduccion_escorrentia": "293.8 mo anuales", "remocion_contaminantes": "201.58 kg anuales", "produccion_oxigeno": "8.59 toneladas anuales", "valor_servicios_mxn": "$155,441.93 mxn", "_mp": 0, "_mp_n": 1 }, "geometry": { "type": "Polygon", "coordinates": [ [ [ -99.227419966000014, 19.387728426000024 ], [ -99.226174366, 19.387723075 ], [ -99.226179162999983, 19.386860797999987 ], [ -99.227418036000017, 19.38686506 ], [ -99.227419966000014, 19.387728426000024 ] ] ] } },
{ "type": "Feature", "properties": { "subzona": "3", "nombre": "Galeria de tiro", "area": "0.25 ha", "poblacion": "93", "almacen_carbono": "73.9 toneladas", "captura_carbono": "3.3 toneladas anuales", "reduccion_escorrentia": "54.2 mo anuales", "remocion_contaminantes": "38 kg anuales", "produccion_oxigeno": "2.4 toneladas anuales", "valor_servicios_mxn": "$38,872.3 mxn", "_mp": 0, "_mp_n": 1 }, "geometry": { "type": "Polygon", "coordinates": [ [ [ -99.234255952000012, 19.386837513999978 ], [ -99.234285562000025, 19.386868176 ], [ -99.234029738, 19.387093505 ], [ -99.233690631, 19.387399077999987 ], [ -99.233495323, 19.387573846 ], [ -99.233513279000022, 19.387590212000021 ], [ -99.233438229, 19.387661811999976 ], [ -99.233257099000014, 19.387818037999978 ], [ -99.232134447000021, 19.388844940000013 ], [ -99.232138217, 19.388729515000023 ], [ -99.232155326999987, 19.388697514 ], [ -99.232171805, 19.388664898 ], [ -99.232244488, 19.388601067000025 ], [ -99.232401160999984, 19.388464673999977 ], [ -99.232578513000021, 19.388305931 ], [ -99.232680462000019, 19.388208600999974 ], [ -99.23292259599998, 19.387993861999973 ], [ -99.233197142999984, 19.387752192 ], [ -99.233361724000019, 19.387608425 ], [ -99.233850728, 19.387187336000011 ], [ -99.234255952000012, 19.386837513999978 ] ] ] } },
{ "type": "Feature", "properties": { "subzona": "1.2", "nombre": "Estifnato", "area": "0.61 ha", "poblacion": "460", "almacen_carbono": "232.7 toneladas", "captura_carbono": "9.6 toneladas anuales", "reduccion_escorrentia": "155.6 mo anuales", "remocion_contaminantes": "107.9 kg anuales", "produccion_oxigeno": "7 toneladas anuales", "valor_servicios_mxn": "$114,923.8 mxn", "_mp": 0, "_mp_n": 8 }, "geometry": { "type": "Polygon", "coordinates": [ [ [ -99.230913133, 19.393138814 ], [ -99.230896776, 19.393102482000018 ], [ -99.230875895999986, 19.393043862000013 ], [ -99.23089352300002, 19.393030453999984 ], [ -99.230988852999985, 19.393011563000016 ], [ -99.23101835, 19.393031173999987 ], [ -99.231062651, 19.393022944 ], [ -99.231127481999977, 19.39301875000001 ], [ -99.231157954000025, 19.392976897999972 ], [ -99.231211092000024, 19.39296581100001 ], [ -99.231235949, 19.392944004000015 ], [ -99.231267435, 19.392913184 ], [ -99.231301937000012, 19.392930397999976 ], [ -99.231329954999978, 19.392925768999987 ], [ -99.231357506999984, 19.392933229999983 ], [ -99.231379159000028, 19.39292767500001 ], [ -99.231425765999973, 19.392922707000025 ], [ -99.231454133999989, 19.392967681000016 ], [ -99.23142500900002, 19.392978165999978 ], [ -99.231263155000022, 19.393020268999976 ], [ -99.231178465000028, 19.393045173000019 ], [ -99.230913133, 19.393138814 ] ] ] } },
{ "type": "Feature", "properties": { "subzona": "1.2", "nombre": "Estifnato", "area": "0.61 ha", "poblacion": "460", "almacen_carbono": "232.7 toneladas", "captura_carbono": "9.6 toneladas anuales", "reduccion_escorrentia": "155.6 mo anuales", "remocion_contaminantes": "107.9 kg anuales", "produccion_oxigeno": "7 toneladas anuales", "valor_servicios_mxn": "$114,923.8 mxn", "_mp": 1, "_mp_n": 8 }, "geometry": { "type": "Polygon", "coordinates": [ [ [ -99.230765084999973, 19.39315403 ], [ -99.230783014999986, 19.393192188 ], [ -99.230684773, 19.393237003000024 ], [ -99.230596895000019, 19.393267244000015 ], [ -99.230489239, 19.393289007000021 ], [ -99.230404347999979, 19.393307171 ], [ -99.230077814000026, 19.393389289000027 ], [ -99.229867809999973, 19.393442846000028 ], [ -99.22979217, 19.393462097 ], [ -99.229709281, 19.393487014000016 ], [ -99.229608096999982, 19.393511018000027 ], [ -99.229472682999983, 19.393541767999977 ], [ -99.229361347, 19.393559950999986 ], [ -99.229288960000019, 19.393569193000019 ], [ -99.229257838000024, 19.393537028000026 ], [ -99.229201980000028, 19.393509672999983 ], [ -99.229167572999984, 19.393482837000022 ], [ -99.229106725, 19.393480725000018 ], [ -99.229039478, 19.393509983 ], [ -99.229012841999975, 19.393517713999984 ], [ -99.228978311, 19.393531875 ], [ -99.228979754000022, 19.393583622999984 ], [ -99.228978844999972, 19.393632498999978 ], [ -99.228958053999975, 19.393666017999976 ], [ -99.228913937000016, 19.39367757399998 ], [ -99.22890083599998, 19.393677907999972 ], [ -99.228898958, 19.393627230999982 ], [ -99.228887511999972, 19.393628234 ], [ -99.228885015, 19.393556413 ], [ -99.228803471999981, 19.39355717 ], [ -99.228803804, 19.393677269000023 ], [ -99.228786430000014, 19.393676788 ], [ -99.228732469000022, 19.393664656999988 ], [ -99.228659682, 19.393624558 ], [ -99.228565068000023, 19.393604139 ], [ -99.228480323999975, 19.39361081200002 ], [ -99.228388654000014, 19.393609432 ], [ -99.228315545999976, 19.393606797000018 ], [ -99.228231369000014, 19.393616956000017 ], [ -99.228149423, 19.39360618500001 ], [ -99.228102682999975, 19.393588901999976 ], [ -99.228066281, 19.393578252 ], [ -99.228033375999985, 19.393578154000011 ], [ -99.227979817, 19.393580752 ], [ -99.227879490000021, 19.393570083999975 ], [ -99.22781095800002, 19.39356735299998 ], [ -99.227670595, 19.393567115 ], [ -99.227593534, 19.39357387299998 ], [ -99.227600156, 19.393528511 ], [ -99.227809772, 19.393537116 ], [ -99.227913238999975, 19.393466147000026 ], [ -99.227955184, 19.393468809000012 ], [ -99.228004751000014, 19.393479392000017 ], [ -99.228090650000013, 19.393503598 ], [ -99.228103310999984, 19.393483246000017 ], [ -99.228091959999972, 19.393393133000018 ], [ -99.228068728999972, 19.39337586 ], [ -99.228047108999988, 19.39336491 ], [ -99.228021278000028, 19.393368259999988 ], [ -99.228017686999976, 19.393383729999982 ], [ -99.228017873999988, 19.393399389000024 ], [ -99.22802182700002, 19.393423541 ], [ -99.228023574000019, 19.393443484999977 ], [ -99.228008096, 19.393452253000021 ], [ -99.22799833, 19.393444089000013 ], [ -99.227992132999987, 19.393433785000013 ], [ -99.227981817999989, 19.393416076999983 ], [ -99.227961252999989, 19.393399534000025 ], [ -99.227928274000021, 19.393397731 ], [ -99.227909950000026, 19.393396332 ], [ -99.22782203700001, 19.393390592 ], [ -99.227782842000011, 19.393376718000013 ], [ -99.227697525, 19.393352097 ], [ -99.227554568000016, 19.393337632 ], [ -99.227517122, 19.393533489 ], [ -99.227502480999988, 19.393581352000012 ], [ -99.227461432999974, 19.393584724 ], [ -99.227453656000023, 19.393578408 ], [ -99.227449884, 19.393519681999976 ], [ -99.227460169999972, 19.393468136000024 ], [ -99.227463236, 19.393430797 ], [ -99.227433026000028, 19.39339722 ], [ -99.227424143, 19.393329048999988 ], [ -99.227409336, 19.393289187999983 ], [ -99.227451751999979, 19.393281756000022 ], [ -99.227473327999974, 19.393238239000027 ], [ -99.227527613, 19.393249477999973 ], [ -99.227552355, 19.393222254000023 ], [ -99.227598195999974, 19.393233724000027 ], [ -99.227602778, 19.393271119000019 ], [ -99.227558344999977, 19.393267734 ], [ -99.227556584000013, 19.393330129 ], [ -99.227617294000027, 19.393337 ], [ -99.227698805999978, 19.393345257000021 ], [ -99.227699328000028, 19.39330363 ], [ -99.227685425, 19.393290897999975 ], [ -99.227642238999977, 19.393290864999983 ], [ -99.227643508000028, 19.393278974 ], [ -99.227620742, 19.393278110999972 ], [ -99.227625777000014, 19.393262250000021 ], [ -99.227642751000019, 19.393255961000023 ], [ -99.227648357000021, 19.393242269999973 ], [ -99.227679894, 19.39322761 ], [ -99.227699842999982, 19.393258620999973 ], [ -99.227730908000012, 19.393266013000016 ], [ -99.227727316000028, 19.393291293 ], [ -99.227748132999977, 19.39329101300001 ], [ -99.22778402, 19.393290042 ], [ -99.227818499000023, 19.393292057 ], [ -99.227835921, 19.39330191 ], [ -99.227841673, 19.393326296999987 ], [ -99.227844649000019, 19.393383788 ], [ -99.227909604, 19.393389017 ], [ -99.227906738, 19.393326684999977 ], [ -99.227894994, 19.393286478999983 ], [ -99.227924346, 19.393276678 ], [ -99.227972939999972, 19.393274170999973 ], [ -99.228021220000016, 19.393272474000014 ], [ -99.2281089, 19.393312529000013 ], [ -99.228149788, 19.393331908999983 ], [ -99.228176553000026, 19.393361645000027 ], [ -99.228167712000015, 19.39339579 ], [ -99.228183199999989, 19.393445311999983 ], [ -99.228193643999987, 19.393489656999975 ], [ -99.228187319000028, 19.393527247 ], [ -99.22819162899998, 19.393562777 ], [ -99.228208302999974, 19.393581121000011 ], [ -99.228250910999975, 19.393575861999977 ], [ -99.228293517, 19.393583444 ], [ -99.228330767999978, 19.393568437999988 ], [ -99.228352014999984, 19.393584068999985 ], [ -99.228435471000012, 19.393585206000012 ], [ -99.22846082, 19.393571303999977 ], [ -99.228491282, 19.393569618000015 ], [ -99.228513663, 19.393581450999989 ], [ -99.228534877000016, 19.393563114000017 ], [ -99.228568607999989, 19.393569549 ], [ -99.228643131000013, 19.393541939999977 ], [ -99.2286896, 19.393466224 ], [ -99.228771772000016, 19.393424139999979 ], [ -99.228812251000022, 19.393441111000016 ], [ -99.228801891999979, 19.393457411999975 ], [ -99.228774886999986, 19.393459662 ], [ -99.228757851000012, 19.393469056000015 ], [ -99.228771186000017, 19.393482741000014 ], [ -99.228802616999985, 19.393494509999982 ], [ -99.22881994, 19.393507963 ], [ -99.228833712999972, 19.393537164 ], [ -99.228921222999986, 19.393510585 ], [ -99.228983266, 19.39349174 ], [ -99.229005852, 19.393465046000017 ], [ -99.229104146999987, 19.393445981000013 ], [ -99.22916187300001, 19.39343291900002 ], [ -99.229177035000021, 19.393458839 ], [ -99.22926829, 19.393438273000015 ], [ -99.22934813400002, 19.393403735999982 ], [ -99.229391998999972, 19.393385205000016 ], [ -99.229412086000025, 19.393384545 ], [ -99.229422437999972, 19.393395108999982 ], [ -99.22940594, 19.393418946999986 ], [ -99.229413416, 19.393438582999977 ], [ -99.229427879000013, 19.393463920999977 ], [ -99.229446264999979, 19.393481189999989 ], [ -99.229475181, 19.393472598000017 ], [ -99.229494045000024, 19.393472605999989 ], [ -99.229511558000013, 19.393493429999978 ], [ -99.229542459000015, 19.39349299600002 ], [ -99.229649957999982, 19.393466155 ], [ -99.229679264000026, 19.393433984000012 ], [ -99.229710610999973, 19.393421034000028 ], [ -99.229763724, 19.393412508999972 ], [ -99.229805137000028, 19.393405503999986 ], [ -99.229831849999982, 19.393388489000017 ], [ -99.229870705999986, 19.393363100999977 ], [ -99.229898771000023, 19.393337112999973 ], [ -99.22990901999998, 19.393303571 ], [ -99.229921545000025, 19.393276204000017 ], [ -99.22995546300001, 19.393235118 ], [ -99.229986829999973, 19.393239972 ], [ -99.230012155, 19.393231035999975 ], [ -99.230015224, 19.393192554 ], [ -99.230056623, 19.393124528999977 ], [ -99.230092230000025, 19.39312492900001 ], [ -99.230118312, 19.393139715000018 ], [ -99.23011872, 19.393154367000022 ], [ -99.23010208, 19.39317481400002 ], [ -99.230120278000015, 19.393190964999974 ], [ -99.230149407, 19.393187317000013 ], [ -99.230223033000016, 19.393195758 ], [ -99.23025594, 19.393206023 ], [ -99.230294410999988, 19.393232426999987 ], [ -99.230317409, 19.393230904 ], [ -99.230342188, 19.393208851999987 ], [ -99.230366589000027, 19.393213222999975 ], [ -99.23040054, 19.393204138999977 ], [ -99.230431198000019, 19.393198525 ], [ -99.230459348000011, 19.393207035999978 ], [ -99.230479111000022, 19.393220884000016 ], [ -99.230519980999986, 19.393226530999982 ], [ -99.230555865999975, 19.39320187300001 ], [ -99.230588124, 19.393196022999973 ], [ -99.23063607, 19.393191845 ], [ -99.230671513, 19.393192543999987 ], [ -99.230691920000027, 19.393182350000018 ], [ -99.230689783, 19.393166996 ], [ -99.230720841999982, 19.393156401999988 ], [ -99.230735116, 19.393165335 ], [ -99.230765084999973, 19.39315403 ] ], [ [ -99.229396518999977, 19.393518687999972 ], [ -99.229384241999981, 19.393452336 ], [ -99.229314321, 19.393466126000021 ], [ -99.229328398, 19.393529907000016 ], [ -99.229396518999977, 19.393518687999972 ] ] ] } },
{ "type": "Feature", "properties": { "subzona": "1.2", "nombre": "Estifnato", "area": "0.61 ha", "poblacion": "460", "almacen_carbono": "232.7 toneladas", "captura_carbono": "9.6 toneladas anuales", "reduccion_escorrentia": "155.6 mo anuales", "remocion_contaminantes": "107.9 kg anuales", "produccion_oxigeno": "7 toneladas anuales", "valor_servicios_mxn": "$114,923.8 mxn", "_mp": 2, "_mp_n": 8 }, "geometry": { "type": "Polygon", "coordinates": [ [ [ -99.23077595, 19.393257440000014 ], [ -99.231206058999987, 19.393093951000026 ], [ -99.231220756000027, 19.393093710000016 ], [ -99.231476627, 19.393011565999984 ], [ -99.231485629000019, 19.393027417999974 ], [ -99.231361698, 19.393074881000018 ], [ -99.231221307, 19.393138019999981 ], [ -99.231204334999973, 19.393098389999977 ], [ -99.231092542999988, 19.393141238 ], [ -99.231061265999983, 19.393153499999983 ], [ -99.231094219, 19.393219467999984 ], [ -99.230999564, 19.393266159 ], [ -99.230957983, 19.393193059999987 ], [ -99.230797245000019, 19.393255601000021 ], [ -99.230802644, 19.393282627000019 ], [ -99.230742785000018, 19.393303917000026 ], [ -99.230728828, 19.393277249 ], [ -99.23077595, 19.393257440000014 ] ] ] } },
{ "type": "Feature", "properties": { "subzona": "1.2", "nombre": "Estifnato", "area": "0.61 ha", "poblacion": "460", "almacen_carbono": "232.7 toneladas", "captura_carbono": "9.6 toneladas anuales", "reduccion_escorrentia": "155.6 mo anuales", "remocion_contaminantes": "107.9 kg anuales", "produccion_oxigeno": "7 toneladas anuales", "valor_servicios_mxn": "$114,923.8 mxn", "_mp": 3, "_mp_n": 8 }, "geometry": { "type": "Polygon", "coordinates": [ [ [ -99.230015171, 19.393445031999988 ], [ -99.23021991600001, 19.39339389700001 ], [ -99.230331595, 19.393370345 ], [ -99.230432489, 19.393351551000023 ], [ -99.230496311000024, 19.393334152000023 ], [ -99.23058942199998, 19.393316371000026 ], [ -99.230593797999973, 19.393348494 ], [ -99.230220949, 19.393470949 ], [ -99.230210079000017, 19.39340232 ], [ -99.230128550000018, 19.393423645999974 ], [ -99.230149400000016, 19.393525044 ], [ -99.230095654000024, 19.393537981 ], [ -99.230084723, 19.393477287 ], [ -99.229964059999986, 19.393513595 ], [ -99.229953318000014, 19.393468503 ], [ -99.229950702999986, 19.393462499 ], [ -99.230015171, 19.393445031999988 ] ] ] } },
{ "type": "Feature", "properties": { "subzona": "1.2", "nombre": "Estifnato", "area": "0.61 ha", "poblacion": "460", "almacen_carbono": "232.7 toneladas", "captura_carbono": "9.6 toneladas anuales", "reduccion_escorrentia": "155.6 mo anuales", "remocion_contaminantes": "107.9 kg anuales", "produccion_oxigeno": "7 toneladas anuales", "valor_servicios_mxn": "$114,923.8 mxn", "_mp": 4, "_mp_n": 8 }, "geometry": { "type": "Polygon", "coordinates": [ [ [ -99.229696757, 19.393606780000027 ], [ -99.22972129599998, 19.393600761000016 ], [ -99.229735947, 19.393644579000011 ], [ -99.229708812000013, 19.393650787000013 ], [ -99.229696757, 19.393606780000027 ] ] ] } },
{ "type": "Feature", "properties": { "subzona": "1.2", "nombre": "Estifnato", "area": "0.61 ha", "poblacion": "460", "almacen_carbono": "232.7 toneladas", "captura_carbono": "9.6 toneladas anuales", "reduccion_escorrentia": "155.6 mo anuales", "remocion_contaminantes": "107.9 kg anuales", "produccion_oxigeno": "7 toneladas anuales", "valor_servicios_mxn": "$114,923.8 mxn", "_mp": 5, "_mp_n": 8 }, "geometry": { "type": "Polygon", "coordinates": [ [ [ -99.229700869, 19.393537660999982 ], [ -99.229676623999978, 19.393543228 ], [ -99.229383491000021, 19.393604501000027 ], [ -99.229310651, 19.393637318 ], [ -99.229313659000013, 19.393679153 ], [ -99.229299842999978, 19.39371823 ], [ -99.229282211999987, 19.393739184000026 ], [ -99.229266353000014, 19.393760746 ], [ -99.22920588300002, 19.39378072300002 ], [ -99.229170404, 19.393774330999975 ], [ -99.229137964000017, 19.393768487999978 ], [ -99.229085985999973, 19.393762214 ], [ -99.229081200999985, 19.393734986000027 ], [ -99.229131812999981, 19.393718455 ], [ -99.229187642, 19.393709834999981 ], [ -99.229232796000019, 19.39366166100001 ], [ -99.229263691000028, 19.393621957999983 ], [ -99.22933950700002, 19.393600189999972 ], [ -99.229393282, 19.393593803999977 ], [ -99.229474988999982, 19.393576876 ], [ -99.229687671000022, 19.393529312999988 ], [ -99.229798996999989, 19.393504478000011 ], [ -99.22986563500001, 19.39348852400002 ], [ -99.229890824999984, 19.393574453999975 ], [ -99.229846, 19.393587212999989 ], [ -99.229811730999984, 19.393515556000011 ], [ -99.229700869, 19.393537660999982 ] ] ] } },
{ "type": "Feature", "properties": { "subzona": "1.2", "nombre": "Estifnato", "area": "0.61 ha", "poblacion": "460", "almacen_carbono": "232.7 toneladas", "captura_carbono": "9.6 toneladas anuales", "reduccion_escorrentia": "155.6 mo anuales", "remocion_contaminantes": "107.9 kg anuales", "produccion_oxigeno": "7 toneladas anuales", "valor_servicios_mxn": "$114,923.8 mxn", "_mp": 6, "_mp_n": 8 }, "geometry": { "type": "Polygon", "coordinates": [ [ [ -99.228064583, 19.393633222 ], [ -99.228100728000015, 19.393634077 ], [ -99.228134061999981, 19.393651998 ], [ -99.228179308, 19.393672235 ], [ -99.228211237999972, 19.393670494 ], [ -99.228243629000019, 19.393656860000021 ], [ -99.228279096999984, 19.393695794 ], [ -99.228256473999977, 19.39371136 ], [ -99.228194877000021, 19.393695709999974 ], [ -99.22803281, 19.393650444 ], [ -99.22803727500002, 19.393623693 ], [ -99.228064583, 19.393633222 ] ] ] } },
{ "type": "Feature", "properties": { "subzona": "1.2", "nombre": "Estifnato", "area": "0.61 ha", "poblacion": "460", "almacen_carbono": "232.7 toneladas", "captura_carbono": "9.6 toneladas anuales", "reduccion_escorrentia": "155.6 mo anuales", "remocion_contaminantes": "107.9 kg anuales", "produccion_oxigeno": "7 toneladas anuales", "valor_servicios_mxn": "$114,923.8 mxn", "_mp": 7, "_mp_n": 8 }, "geometry": { "type": "Polygon", "coordinates": [ [ [ -99.227480442, 19.393625805 ], [ -99.227506079000023, 19.39362304399998 ], [ -99.227602115000025, 19.393614824999986 ], [ -99.227732496999977, 19.393605988 ], [ -99.227803791999975, 19.393608848999975 ], [ -99.227813985000012, 19.39362616 ], [ -99.227833525999984, 19.393665774 ], [ -99.22782537, 19.393691918 ], [ -99.227801625999973, 19.393712158000028 ], [ -99.22775967299998, 19.393707904 ], [ -99.227723090999973, 19.393726532000017 ], [ -99.227654307000023, 19.39372154900002 ], [ -99.22760806399998, 19.393690912000011 ], [ -99.227545180999982, 19.393689945 ], [ -99.227472923999983, 19.393644707000021 ], [ -99.227463726999986, 19.393627686 ], [ -99.227480442, 19.393625805 ] ] ] } },
{ "type": "Feature", "properties": { "subzona": "1.3", "nombre": "Cohetes", "area": "0.48 ha", "poblacion": "346", "almacen_carbono": "251.8 toneladas", "captura_carbono": "6.3 toneladas anuales", "reduccion_escorrentia": "165.7 mo anuales", "remocion_contaminantes": "116.1 kg anuales", "produccion_oxigeno": "4.6 toneladas anuales", "valor_servicios_mxn": "$122,985.7 mxn", "_mp": 0, "_mp_n": 3 }, "geometry": { "type": "Polygon", "coordinates": [ [ [ -99.226561573000026, 19.393174323999972 ], [ -99.226459858, 19.393150058 ], [ -99.226459272999989, 19.39312091 ], [ -99.226462559000026, 19.393099807 ], [ -99.226470367, 19.393101718000025 ], [ -99.226527002000012, 19.393132755000011 ], [ -99.226564596, 19.393109343999981 ], [ -99.226600024999982, 19.39311813 ], [ -99.226626717999977, 19.39315326000002 ], [ -99.226696135, 19.393159167000022 ], [ -99.226727853999989, 19.393150682 ], [ -99.226746059, 19.393127331000017 ], [ -99.226772558, 19.393139435000023 ], [ -99.22677704900002, 19.39316321299998 ], [ -99.226800874999981, 19.393162634000021 ], [ -99.226832926999975, 19.393148651999979 ], [ -99.226870984000016, 19.393157198999972 ], [ -99.226866401999985, 19.393188217999977 ], [ -99.226886294, 19.393206513999985 ], [ -99.226925441999981, 19.393198126000016 ], [ -99.226953977999983, 19.393228559000022 ], [ -99.226985542000023, 19.393200343999979 ], [ -99.227061145, 19.39319975 ], [ -99.227120212999978, 19.393211107000013 ], [ -99.227153867000027, 19.393227140000022 ], [ -99.227144144000022, 19.393271968000022 ], [ -99.227189635, 19.393286217000025 ], [ -99.227182234999987, 19.393323598 ], [ -99.227229621999982, 19.393339798 ], [ -99.227316060000021, 19.393416507999973 ], [ -99.227331955000011, 19.393503704000011 ], [ -99.227319437, 19.393548459999977 ], [ -99.227295722, 19.393542642999989 ], [ -99.227239713000017, 19.393455824 ], [ -99.227211899, 19.393392364000022 ], [ -99.227178746999982, 19.393370342000026 ], [ -99.227170403, 19.393332171999987 ], [ -99.227106478, 19.393313804 ], [ -99.227114079999978, 19.393282611000018 ], [ -99.227040574, 19.393259250000028 ], [ -99.227032517999987, 19.393293172000028 ], [ -99.226992779, 19.393282132000024 ], [ -99.226958290000027, 19.393267195000021 ], [ -99.226947691000021, 19.39331361 ], [ -99.226978867000014, 19.393327699 ], [ -99.226964538, 19.393380493999985 ], [ -99.227138828000022, 19.393428694000022 ], [ -99.227217149000012, 19.393472068999984 ], [ -99.227245262, 19.393529355999988 ], [ -99.227147661, 19.393503226 ], [ -99.226878914, 19.39341244000002 ], [ -99.226799153, 19.393387419000021 ], [ -99.226830876, 19.393340518 ], [ -99.226843746999975, 19.393340271999989 ], [ -99.226864724999984, 19.393259096 ], [ -99.226846535999982, 19.393253840999989 ], [ -99.22685248, 19.393228204000025 ], [ -99.226800852, 19.393212704 ], [ -99.226709417999984, 19.393190832000016 ], [ -99.226705923999987, 19.393206819 ], [ -99.226561573000026, 19.393174323999972 ] ] ] } },
{ "type": "Feature", "properties": { "subzona": "1.3", "nombre": "Cohetes", "area": "0.48 ha", "poblacion": "346", "almacen_carbono": "251.8 toneladas", "captura_carbono": "6.3 toneladas anuales", "reduccion_escorrentia": "165.7 mo anuales", "remocion_contaminantes": "116.1 kg anuales", "produccion_oxigeno": "4.6 toneladas anuales", "valor_servicios_mxn": "$122,985.7 mxn", "_mp": 1, "_mp_n": 3 }, "geometry": { "type": "Polygon", "coordinates": [ [ [ -99.226438312000028, 19.393231867 ], [ -99.226535437999985, 19.393274125 ], [ -99.226541823, 19.39324928000002 ], [ -99.226636875, 19.393275131 ], [ -99.226633462, 19.393285434 ], [ -99.226790621000021, 19.393336557 ], [ -99.22678246800001, 19.393383461999974 ], [ -99.226714002999984, 19.393362157000013 ], [ -99.226639987999988, 19.393339589999982 ], [ -99.226491913000018, 19.393278855 ], [ -99.226406123, 19.393247254000016 ], [ -99.226239991999989, 19.393196522999972 ], [ -99.225911250000024, 19.393048465 ], [ -99.225758069999983, 19.392959667000014 ], [ -99.225462538999977, 19.392849952 ], [ -99.225304998000013, 19.392800426 ], [ -99.225207798999975, 19.392774977999977 ], [ -99.225136521000024, 19.392766632000018 ], [ -99.225068141, 19.392755143999977 ], [ -99.224894824999978, 19.392680256 ], [ -99.224719682999989, 19.392611478 ], [ -99.224732274000019, 19.392573035999987 ], [ -99.224783914999989, 19.392459455 ], [ -99.224880944, 19.392474479999976 ], [ -99.224967075, 19.392491034999978 ], [ -99.225012580999987, 19.392506411 ], [ -99.225009458999978, 19.392536971000027 ], [ -99.225059430999977, 19.392540852000025 ], [ -99.225115012, 19.392534071 ], [ -99.225101247999987, 19.392495533999977 ], [ -99.225143274, 19.392488904 ], [ -99.225183544, 19.392517676000011 ], [ -99.225226297, 19.392532370000026 ], [ -99.225277018999975, 19.392515085000014 ], [ -99.225302570999986, 19.392485809999982 ], [ -99.225352620000024, 19.39247444 ], [ -99.225395918, 19.392467824999983 ], [ -99.225387596000019, 19.392499964000024 ], [ -99.22543355, 19.392504802000019 ], [ -99.225484028999972, 19.392525197999987 ], [ -99.225497271, 19.392569380999987 ], [ -99.225567778000027, 19.392562769999984 ], [ -99.225583675999985, 19.39259166 ], [ -99.22552943, 19.392640377000021 ], [ -99.225599080999984, 19.392643768000028 ], [ -99.225675763000027, 19.39264573600002 ], [ -99.225707918000012, 19.392641169 ], [ -99.225718852999989, 19.392661592000024 ], [ -99.225712492000014, 19.39274543099998 ], [ -99.225721266999983, 19.39278622 ], [ -99.225749568000026, 19.392862611999988 ], [ -99.225784961999977, 19.392902272000015 ], [ -99.225828356000022, 19.392899849 ], [ -99.225857514999973, 19.392862735999984 ], [ -99.225878551999983, 19.39287348900001 ], [ -99.22587577500002, 19.392899781999972 ], [ -99.225905203000025, 19.392919979999988 ], [ -99.225917891, 19.392947088000028 ], [ -99.225904836999973, 19.393001654999978 ], [ -99.225908245000028, 19.393031176000022 ], [ -99.225972673, 19.393066213999987 ], [ -99.226041348000024, 19.393028255 ], [ -99.226106210000012, 19.393017480000026 ], [ -99.226152824, 19.393010738999976 ], [ -99.226237159999982, 19.39303716400002 ], [ -99.226250477, 19.393071567 ], [ -99.226266907000024, 19.393085569999982 ], [ -99.22627544, 19.393123821000017 ], [ -99.226331271, 19.393106851000027 ], [ -99.226384686000017, 19.393138680999982 ], [ -99.226399146, 19.393193431999975 ], [ -99.226443583, 19.39321057 ], [ -99.226438312000028, 19.393231867 ] ], [ [ -99.225588732, 19.392814811999983 ], [ -99.225625122999986, 19.392699586 ], [ -99.22555967400001, 19.392684681 ], [ -99.225525985, 19.392796050000015 ], [ -99.225588732, 19.392814811999983 ] ], [ [ -99.225461826000014, 19.392734899 ], [ -99.225476610999976, 19.392658236999978 ], [ -99.225363785000013, 19.392644674999985 ], [ -99.22535215900001, 19.392721762 ], [ -99.225461826000014, 19.392734899 ] ] ] } },
{ "type": "Feature", "properties": { "subzona": "1.3", "nombre": "Cohetes", "area": "0.48 ha", "poblacion": "346", "almacen_carbono": "251.8 toneladas", "captura_carbono": "6.3 toneladas anuales", "reduccion_escorrentia": "165.7 mo anuales", "remocion_contaminantes": "116.1 kg anuales", "produccion_oxigeno": "4.6 toneladas anuales", "valor_servicios_mxn": "$122,985.7 mxn", "_mp": 2, "_mp_n": 3 }, "geometry": { "type": "Polygon", "coordinates": [ [ [ -99.226420207, 19.393316602000027 ], [ -99.226425249999977, 19.393306527 ], [ -99.226492275999988, 19.393331212000021 ], [ -99.22648791, 19.393340673000012 ], [ -99.226420207, 19.393316602000027 ] ] ] } },
{ "type": "Feature", "properties": { "subzona": "4.1", "nombre": "Pista de combate", "area": "1.66 ha", "poblacion": "593", "almacen_carbono": "270.9 toneladas", "captura_carbono": "14.9 toneladas anuales", "reduccion_escorrentia": "213.4 mo anuales", "remocion_contaminantes": "151.5 kg anuales", "produccion_oxigeno": "10.8 toneladas anuales", "valor_servicios_mxn": "$14,436.8 mxn", "_mp": 0, "_mp_n": 4 }, "geometry": { "type": "Polygon", "coordinates": [ [ [ -99.23058445700002, 19.38942592799998 ], [ -99.230577739000012, 19.389446057999976 ], [ -99.230567848000021, 19.389461649 ], [ -99.230445030999988, 19.389564252000014 ], [ -99.230339849000018, 19.389650616999972 ], [ -99.230293726000014, 19.389682943000025 ], [ -99.23022768300001, 19.389728631000025 ], [ -99.230126701000017, 19.389811341999973 ], [ -99.230099085, 19.389812275999986 ], [ -99.230083187999981, 19.389802413999973 ], [ -99.229977863999977, 19.389737073 ], [ -99.22993018, 19.389687961999982 ], [ -99.229853251, 19.38958727 ], [ -99.229837477, 19.389557847999981 ], [ -99.229838831999984, 19.38953595800001 ], [ -99.229856134999977, 19.38949691 ], [ -99.229885532000026, 19.389477369000019 ], [ -99.229926966999983, 19.389472233 ], [ -99.230330019, 19.389414741999985 ], [ -99.230591471000025, 19.389376796000022 ], [ -99.230586631, 19.389407487000028 ], [ -99.23058445700002, 19.38942592799998 ] ] ] } },
{ "type": "Feature", "properties": { "subzona": "4.1", "nombre": "Pista de combate", "area": "1.66 ha", "poblacion": "593", "almacen_carbono": "270.9 toneladas", "captura_carbono": "14.9 toneladas anuales", "reduccion_escorrentia": "213.4 mo anuales", "remocion_contaminantes": "151.5 kg anuales", "produccion_oxigeno": "10.8 toneladas anuales", "valor_servicios_mxn": "$14,436.8 mxn", "_mp": 1, "_mp_n": 4 }, "geometry": { "type": "Polygon", "coordinates": [ [ [ -99.230636389999972, 19.389457787000026 ], [ -99.230642811999985, 19.389434024000025 ], [ -99.230650560000015, 19.389418440999975 ], [ -99.230660152999974, 19.389359801000012 ], [ -99.230687390000014, 19.389292943999976 ], [ -99.230718817000025, 19.389191426000025 ], [ -99.230739555000014, 19.389171885999986 ], [ -99.230914074, 19.389184363000027 ], [ -99.231004542, 19.389188311999987 ], [ -99.231111606000013, 19.389194271 ], [ -99.231132503000026, 19.389208974999974 ], [ -99.231135710999979, 19.389235736999979 ], [ -99.231020832000013, 19.389352358999986 ], [ -99.230959156999972, 19.389269133000028 ], [ -99.230830261, 19.389344982000011 ], [ -99.230638637000027, 19.389488958000015 ], [ -99.230629895, 19.389477668999973 ], [ -99.230636389999972, 19.389457787000026 ] ] ] } },
{ "type": "Feature", "properties": { "subzona": "4.1", "nombre": "Pista de combate", "area": "1.66 ha", "poblacion": "593", "almacen_carbono": "270.9 toneladas", "captura_carbono": "14.9 toneladas anuales", "reduccion_escorrentia": "213.4 mo anuales", "remocion_contaminantes": "151.5 kg anuales", "produccion_oxigeno": "10.8 toneladas anuales", "valor_servicios_mxn": "$14,436.8 mxn", "_mp": 2, "_mp_n": 4 }, "geometry": { "type": "Polygon", "coordinates": [ [ [ -99.230343399, 19.389711896999984 ], [ -99.230360822000023, 19.389698274000011 ], [ -99.230371682, 19.389712051 ], [ -99.230354666999972, 19.389724042000012 ], [ -99.230343399, 19.389711896999984 ] ] ] } },
{ "type": "Feature", "properties": { "subzona": "4.1", "nombre": "Pista de combate", "area": "1.66 ha", "poblacion": "593", "almacen_carbono": "270.9 toneladas", "captura_carbono": "14.9 toneladas anuales", "reduccion_escorrentia": "213.4 mo anuales", "remocion_contaminantes": "151.5 kg anuales", "produccion_oxigeno": "10.8 toneladas anuales", "valor_servicios_mxn": "$14,436.8 mxn", "_mp": 3, "_mp_n": 4 }, "geometry": { "type": "Polygon", "coordinates": [ [ [ -99.230053369000018, 19.389848683000025 ], [ -99.230049670000028, 19.389866198999982 ], [ -99.230026969, 19.389883547000011 ], [ -99.229657979000024, 19.390160400000013 ], [ -99.229503809, 19.390269314000022 ], [ -99.229209041, 19.390391887000021 ], [ -99.228752337, 19.390582406000021 ], [ -99.228498617000014, 19.390682426000012 ], [ -99.228315903, 19.390769620000015 ], [ -99.22812161600001, 19.390856343 ], [ -99.227987636000023, 19.39093066800001 ], [ -99.227718655, 19.391092572 ], [ -99.227614558000028, 19.391155192999975 ], [ -99.227508447, 19.391216967999981 ], [ -99.227445550000027, 19.391258069 ], [ -99.227450221000026, 19.391222925000022 ], [ -99.227441801999987, 19.391211223000028 ], [ -99.227454704000024, 19.391188179999972 ], [ -99.227436176000026, 19.391131512000015 ], [ -99.227395204, 19.39103563499998 ], [ -99.22741623600001, 19.39098485300002 ], [ -99.227422923, 19.390963054999986 ], [ -99.227408159999982, 19.390920392999988 ], [ -99.227418015000012, 19.390870254 ], [ -99.227515246, 19.390846 ], [ -99.227555031, 19.390830096 ], [ -99.227538653000011, 19.390798834 ], [ -99.227571637999972, 19.39074739900002 ], [ -99.227637129000016, 19.39073496200001 ], [ -99.227667243999974, 19.390699872000027 ], [ -99.227764611, 19.390690656 ], [ -99.227827262, 19.390636052 ], [ -99.227892081999983, 19.390663657 ], [ -99.227952941000012, 19.390638162000016 ], [ -99.228027333999989, 19.390632669000013 ], [ -99.228132281, 19.390594815999975 ], [ -99.228229156, 19.390591027000028 ], [ -99.228293525000026, 19.390535403 ], [ -99.228249592, 19.390502803 ], [ -99.228188822999982, 19.390457587000014 ], [ -99.228189163000025, 19.390427295 ], [ -99.228238472999976, 19.390408299 ], [ -99.228264411, 19.390341965 ], [ -99.228318732999981, 19.390331800000013 ], [ -99.228376437, 19.390278314999989 ], [ -99.228385823, 19.390200745000016 ], [ -99.228472125, 19.390169856 ], [ -99.228527351000025, 19.390184692 ], [ -99.228694727, 19.390050439999982 ], [ -99.228793567000025, 19.390036912000028 ], [ -99.228893100999983, 19.389969833 ], [ -99.228953570999977, 19.38997772 ], [ -99.228978692999988, 19.389990891000025 ], [ -99.228982094, 19.390045054999973 ], [ -99.228989238999986, 19.39009825 ], [ -99.22905354300002, 19.390093363 ], [ -99.229132438000022, 19.390066620000027 ], [ -99.229333180000026, 19.389915743000017 ], [ -99.229402907, 19.389872234999984 ], [ -99.229443855999989, 19.389845496000021 ], [ -99.229479766, 19.38982332 ], [ -99.2295234, 19.389812090000021 ], [ -99.229561848, 19.389799940999978 ], [ -99.229612412999984, 19.389768597999989 ], [ -99.229632496000022, 19.389758024 ], [ -99.229629353, 19.38973991 ], [ -99.229631161999976, 19.389725649000013 ], [ -99.229657679000013, 19.389675395999973 ], [ -99.229678510999975, 19.389621045000013 ], [ -99.229692623, 19.389505064 ], [ -99.229786241999989, 19.389488434999976 ], [ -99.229824082999983, 19.38944677500001 ], [ -99.229777625999986, 19.389383446000011 ], [ -99.2297509, 19.389350208999986 ], [ -99.229825893999987, 19.389322622 ], [ -99.229915490999986, 19.389312447 ], [ -99.230165027, 19.389315662 ], [ -99.230245094, 19.389269531000025 ], [ -99.230391936, 19.389248618000011 ], [ -99.230467927, 19.389208610000026 ], [ -99.230491169, 19.389160010000012 ], [ -99.230604733, 19.389166419 ], [ -99.230653366000013, 19.389165392 ], [ -99.230655085000024, 19.389193364999983 ], [ -99.230637227999978, 19.389269603 ], [ -99.230614571999979, 19.389324542999987 ], [ -99.230314920000012, 19.389378277 ], [ -99.230105736999974, 19.389418776000014 ], [ -99.229986909, 19.389431657999978 ], [ -99.229928571000016, 19.389439767999988 ], [ -99.229855064999981, 19.389450113 ], [ -99.229817380999975, 19.389474297 ], [ -99.229801192000025, 19.389510834000021 ], [ -99.229797664999978, 19.389537678000011 ], [ -99.229805662, 19.389571596999986 ], [ -99.229813107999973, 19.389596304 ], [ -99.229845558000022, 19.389655025000025 ], [ -99.229897413, 19.389722544999984 ], [ -99.229977954999981, 19.389789232999988 ], [ -99.230039789999978, 19.389833566999982 ], [ -99.230053369000018, 19.389848683000025 ] ] ] } },
{ "type": "Feature", "properties": { "subzona": "6.1", "nombre": "Acceso Ensambladora", "area": "0.36 ha", "poblacion": "163", "almacen_carbono": "68.63 toneladas", "captura_carbono": "4.8 toneladas anuales", "reduccion_escorrentia": "70.8 mo anuales", "remocion_contaminantes": "47.6 kg anuales", "produccion_oxigeno": "3.5 toneladas anuales", "valor_servicios_mxn": "$41,883.9 mxn", "_mp": 0, "_mp_n": 3 }, "geometry": { "type": "Polygon", "coordinates": [ [ [ -99.229708201999983, 19.389348357000017 ], [ -99.229747302000021, 19.389240992 ], [ -99.229796061, 19.389126857 ], [ -99.23048287, 19.38915900500001 ], [ -99.230461522999974, 19.389204747 ], [ -99.230389269999989, 19.389239686 ], [ -99.230243212, 19.389263438 ], [ -99.230162338000014, 19.389306525 ], [ -99.229915147999975, 19.389308551999989 ], [ -99.229823088999979, 19.389314764 ], [ -99.229708201999983, 19.389348357000017 ] ] ] } },
{ "type": "Feature", "properties": { "subzona": "6.1", "nombre": "Acceso Ensambladora", "area": "0.36 ha", "poblacion": "163", "almacen_carbono": "68.63 toneladas", "captura_carbono": "4.8 toneladas anuales", "reduccion_escorrentia": "70.8 mo anuales", "remocion_contaminantes": "47.6 kg anuales", "produccion_oxigeno": "3.5 toneladas anuales", "valor_servicios_mxn": "$41,883.9 mxn", "_mp": 1, "_mp_n": 3 }, "geometry": { "type": "Polygon", "coordinates": [ [ [ -99.229674627, 19.389208983 ], [ -99.229631542, 19.389351561000012 ], [ -99.229571921, 19.389321919999986 ], [ -99.229482312000016, 19.389322430999982 ], [ -99.22942184599998, 19.389307167000027 ], [ -99.229192499000021, 19.389301477 ], [ -99.228979872000025, 19.389304381999978 ], [ -99.228956665, 19.389330509 ], [ -99.228901541000027, 19.389326277 ], [ -99.228906099000028, 19.389228404 ], [ -99.228892936000022, 19.389202598999987 ], [ -99.228859254999975, 19.389183574000015 ], [ -99.228582567999979, 19.389155736000021 ], [ -99.228305534000015, 19.389130322000028 ], [ -99.228100397, 19.389127218 ], [ -99.228032923, 19.389129253000021 ], [ -99.227990923999982, 19.389184526 ], [ -99.227958235000017, 19.389207320000025 ], [ -99.227800151, 19.389199211 ], [ -99.227818002, 19.389059626 ], [ -99.227935135, 19.38906999400001 ], [ -99.227937815000018, 19.389028323 ], [ -99.228297285, 19.389058603000024 ], [ -99.228934331, 19.38911312800002 ], [ -99.228963078999982, 19.389133284000025 ], [ -99.228980005999972, 19.389168928 ], [ -99.228976957999976, 19.389269243 ], [ -99.229178375, 19.389275291 ], [ -99.229181766000011, 19.389197850000016 ], [ -99.229216053000016, 19.389156464 ], [ -99.229699161999974, 19.389131365000026 ], [ -99.229674627, 19.389208983 ] ] ] } },
{ "type": "Feature", "properties": { "subzona": "6.1", "nombre": "Acceso Ensambladora", "area": "0.36 ha", "poblacion": "163", "almacen_carbono": "68.63 toneladas", "captura_carbono": "4.8 toneladas anuales", "reduccion_escorrentia": "70.8 mo anuales", "remocion_contaminantes": "47.6 kg anuales", "produccion_oxigeno": "3.5 toneladas anuales", "valor_servicios_mxn": "$41,883.9 mxn", "_mp": 2, "_mp_n": 3 }, "geometry": { "type": "Polygon", "coordinates": [ [ [ -99.227941914999974, 19.388937334 ], [ -99.227833738000015, 19.388928134000025 ], [ -99.227835176999974, 19.388852777000011 ], [ -99.227856950999978, 19.388858335 ], [ -99.227892025000017, 19.388881116999983 ], [ -99.227915694999979, 19.388898154 ], [ -99.227936145, 19.388916845999972 ], [ -99.227938314000028, 19.388924664 ], [ -99.227941914999974, 19.388937334 ] ] ] } },
{ "type": "Feature", "properties": { "subzona": "4.2", "nombre": "Ruta ecuestre", "area": "0.11 ha", "poblacion": "95", "almacen_carbono": "24.3 toneladas", "captura_carbono": "1.6 toneladas anuales", "reduccion_escorrentia": "20.2 mo anuales", "remocion_contaminantes": "14.4 kg anuales", "produccion_oxigeno": "1.2 toneladas anuales", "valor_servicios_mxn": "$13,369.8 mxn", "_mp": 0, "_mp_n": 4 }, "geometry": { "type": "Polygon", "coordinates": [ [ [ -99.225131863, 19.390934002999984 ], [ -99.225108644999978, 19.390925222000021 ], [ -99.225005954999972, 19.390879074999987 ], [ -99.224904704999972, 19.390827550999973 ], [ -99.224823781999987, 19.390771027000028 ], [ -99.224742708, 19.390734490999989 ], [ -99.224735325999973, 19.390736968999988 ], [ -99.224681933999989, 19.390711636 ], [ -99.224618513, 19.390681191 ], [ -99.224540691000016, 19.390612284999975 ], [ -99.224503976999983, 19.390578402000017 ], [ -99.224513931999979, 19.390570771 ], [ -99.22454118600001, 19.390561514000012 ], [ -99.224610676999987, 19.390645394999979 ], [ -99.224694984, 19.390686180999978 ], [ -99.224755093999988, 19.390718633 ], [ -99.224829972, 19.390732723999974 ], [ -99.224883893000026, 19.390783108 ], [ -99.224914370000022, 19.390805861999979 ], [ -99.225014514, 19.390855482 ], [ -99.225085686, 19.390891496 ], [ -99.225186174999976, 19.390936177000015 ], [ -99.225304079000011, 19.390940038999986 ], [ -99.225407196, 19.390931607000027 ], [ -99.225426632999984, 19.390959012 ], [ -99.225499368999976, 19.390981916999976 ], [ -99.225559858, 19.390998906999982 ], [ -99.225913058, 19.391000008999981 ], [ -99.226039805000028, 19.391012687999989 ], [ -99.226401810000027, 19.391080604000024 ], [ -99.226553783999975, 19.391164872 ], [ -99.226673447999985, 19.391211845999976 ], [ -99.226816978999977, 19.391266017000021 ], [ -99.226944987000024, 19.3913197 ], [ -99.226985709000019, 19.391348602999983 ], [ -99.227039263, 19.391366822 ], [ -99.227128655, 19.391365694 ], [ -99.227191256000026, 19.391346313999975 ], [ -99.227166612000019, 19.391331106 ], [ -99.227191216999984, 19.391317868999977 ], [ -99.227234582999984, 19.391323402000012 ], [ -99.227257599999973, 19.391322865 ], [ -99.227312160999986, 19.391295367999987 ], [ -99.227356, 19.391256709 ], [ -99.227377358000012, 19.391217569999981 ], [ -99.227400923, 19.391226684 ], [ -99.227437305000024, 19.391214448000028 ], [ -99.227445831000011, 19.391224509999972 ], [ -99.227433873999985, 19.391266574999975 ], [ -99.227299956000024, 19.391342735000023 ], [ -99.227220273, 19.391374284 ], [ -99.227148587999977, 19.391387431 ], [ -99.227064236, 19.391391791999979 ], [ -99.227030464999984, 19.391389133000018 ], [ -99.226980147, 19.391372581999974 ], [ -99.226906230999987, 19.391334852999989 ], [ -99.226850893, 19.39131149100001 ], [ -99.226764011, 19.391282174000025 ], [ -99.226681133, 19.39124351800001 ], [ -99.226626770999985, 19.391210665000017 ], [ -99.226557835999984, 19.391187233999972 ], [ -99.226478185000019, 19.391150972999981 ], [ -99.226390329000026, 19.391110444 ], [ -99.226357098999983, 19.391088422999985 ], [ -99.226233638999986, 19.391067061 ], [ -99.22613708, 19.391049671000019 ], [ -99.226022564, 19.391044030999979 ], [ -99.225946105999981, 19.39102537399998 ], [ -99.225800159000016, 19.391020181999977 ], [ -99.225758112, 19.391024367999989 ], [ -99.225752592, 19.391041750999989 ], [ -99.225736214, 19.391043196 ], [ -99.22573115, 19.391025176000028 ], [ -99.225684289000014, 19.391017235999982 ], [ -99.22558486600002, 19.39102753200001 ], [ -99.225544065, 19.391028531000018 ], [ -99.225486096, 19.391010384000026 ], [ -99.225416498000016, 19.390988398 ], [ -99.22535539, 19.390964783000015 ], [ -99.225303078000024, 19.390964231999988 ], [ -99.225184343000024, 19.390952678000019 ], [ -99.225131863, 19.390934002999984 ] ] ] } },
{ "type": "Feature", "properties": { "subzona": "4.2", "nombre": "Ruta ecuestre", "area": "0.11 ha", "poblacion": "95", "almacen_carbono": "24.3 toneladas", "captura_carbono": "1.6 toneladas anuales", "reduccion_escorrentia": "20.2 mo anuales", "remocion_contaminantes": "14.4 kg anuales", "produccion_oxigeno": "1.2 toneladas anuales", "valor_servicios_mxn": "$13,369.8 mxn", "_mp": 1, "_mp_n": 4 }, "geometry": { "type": "Polygon", "coordinates": [ [ [ -99.225094812, 19.390953927999988 ], [ -99.225114987999973, 19.390965509000011 ], [ -99.225108115000012, 19.390975497 ], [ -99.225088477999975, 19.390966552 ], [ -99.225094812, 19.390953927999988 ] ] ] } },
{ "type": "Feature", "properties": { "subzona": "4.2", "nombre": "Ruta ecuestre", "area": "0.11 ha", "poblacion": "95", "almacen_carbono": "24.3 toneladas", "captura_carbono": "1.6 toneladas anuales", "reduccion_escorrentia": "20.2 mo anuales", "remocion_contaminantes": "14.4 kg anuales", "produccion_oxigeno": "1.2 toneladas anuales", "valor_servicios_mxn": "$13,369.8 mxn", "_mp": 2, "_mp_n": 4 }, "geometry": { "type": "Polygon", "coordinates": [ [ [ -99.225819784, 19.391077114999973 ], [ -99.225824685000021, 19.391090573999975 ], [ -99.225805252999976, 19.391095373999974 ], [ -99.225801049999973, 19.391079129 ], [ -99.225819784, 19.391077114999973 ] ] ] } },
{ "type": "Feature", "properties": { "subzona": "4.2", "nombre": "Ruta ecuestre", "area": "0.11 ha", "poblacion": "95", "almacen_carbono": "24.3 toneladas", "captura_carbono": "1.6 toneladas anuales", "reduccion_escorrentia": "20.2 mo anuales", "remocion_contaminantes": "14.4 kg anuales", "produccion_oxigeno": "1.2 toneladas anuales", "valor_servicios_mxn": "$13,369.8 mxn", "_mp": 3, "_mp_n": 4 }, "geometry": { "type": "Polygon", "coordinates": [ [ [ -99.227112122999984, 19.391440487000011 ], [ -99.227182882000022, 19.391436645999988 ], [ -99.227236174999973, 19.391429174999985 ], [ -99.227297677000024, 19.391407913000023 ], [ -99.227360205000025, 19.391381369999976 ], [ -99.227434988000027, 19.391353805999984 ], [ -99.227324759999988, 19.391502596 ], [ -99.227228912999976, 19.391480366 ], [ -99.227100932999974, 19.391447508999988 ], [ -99.227112122999984, 19.391440487000011 ] ] ] } },
{ "type": "Feature", "properties": { "subzona": "5.2", "nombre": "Polvorines Cartuchos 1", "area": "1.4 ha", "poblacion": "656", "almacen_carbono": "454.48 toneladas", "captura_carbono": "13.7 toneladas anuales", "reduccion_escorrentia": "308.4 mo anuales", "remocion_contaminantes": "214.1 kg anuales", "produccion_oxigeno": "10 toneladas anuales", "valor_servicios_mxn": "$223,681.9 mxn", "_mp": 0, "_mp_n": 1 }, "geometry": { "type": "Polygon", "coordinates": [ [ [ -99.232596102, 19.388192530000026 ], [ -99.232202649999977, 19.388553677 ], [ -99.232102089000023, 19.388603585 ], [ -99.231925600000011, 19.388711495 ], [ -99.23182287100002, 19.388743119000026 ], [ -99.231740463999984, 19.38876151 ], [ -99.231647319, 19.388756549 ], [ -99.23142247200002, 19.388735501999975 ], [ -99.230693269000028, 19.388626710999972 ], [ -99.229687787999978, 19.388463408 ], [ -99.229727234, 19.388346528999989 ], [ -99.229839417, 19.388185876000023 ], [ -99.229858643, 19.388154358 ], [ -99.229872527, 19.388130975000024 ], [ -99.229963411000028, 19.388050604 ], [ -99.229906608000022, 19.388004960999979 ], [ -99.23001664100002, 19.387838214 ], [ -99.229964140999982, 19.387807802999987 ], [ -99.230032495999978, 19.387693936 ], [ -99.230168548999984, 19.387759798 ], [ -99.230400224999983, 19.387399940000023 ], [ -99.230165726999985, 19.387275217000024 ], [ -99.230233064, 19.387198938999973 ], [ -99.230578402, 19.387359253999989 ], [ -99.230584433, 19.387362054 ], [ -99.230356745, 19.387603110999976 ], [ -99.230477866, 19.387708611 ], [ -99.230228970999974, 19.387973193999983 ], [ -99.230152702999987, 19.387911186999986 ], [ -99.22999448500002, 19.388069867000013 ], [ -99.230189548, 19.388228100999982 ], [ -99.230342122000025, 19.388061564 ], [ -99.231123039000011, 19.388205583 ], [ -99.231630608999978, 19.388296368 ], [ -99.231905822999977, 19.388353924 ], [ -99.232116780000013, 19.388394291 ], [ -99.232192748999978, 19.388365748000012 ], [ -99.232288975000017, 19.388278258000014 ], [ -99.232506049999984, 19.388104262000013 ], [ -99.232596102, 19.388192530000026 ] ], [ [ -99.23111404399998, 19.388361068999984 ], [ -99.230832404000012, 19.388308554 ], [ -99.230792883, 19.388504985999987 ], [ -99.231080486999986, 19.388552772000025 ], [ -99.23111404399998, 19.388361068999984 ] ], [ [ -99.231848549, 19.388532911000027 ], [ -99.231881171999987, 19.388384640000027 ], [ -99.231626407000022, 19.388340589999984 ], [ -99.231606726999985, 19.388495454 ], [ -99.231848549, 19.388532911000027 ] ] ] } },
{ "type": "Feature", "properties": { "subzona": "5.3", "nombre": "Polvorines Cartuchos 2", "area": "1.01 ha", "poblacion": "398", "almacen_carbono": "361.26 toneladas", "captura_carbono": "10.4 toneladas anuales", "reduccion_escorrentia": "237.6 mo anuales", "remocion_contaminantes": "163.94 kg anuales", "produccion_oxigeno": "7.5 toneladas anuales", "valor_servicios_mxn": "$174,499.2 mxn", "_mp": 0, "_mp_n": 1 }, "geometry": { "type": "Polygon", "coordinates": [ [ [ -99.232037424999987, 19.388299913000026 ], [ -99.230811012, 19.388072729999976 ], [ -99.230295673, 19.387983885999972 ], [ -99.230547139, 19.387742646 ], [ -99.230610472000023, 19.387786708000021 ], [ -99.230626744, 19.387759217 ], [ -99.231003149, 19.387374853999972 ], [ -99.230919438, 19.387307786 ], [ -99.23125153, 19.386947247000023 ], [ -99.231322647000013, 19.387013866000018 ], [ -99.231018198000015, 19.387342129999979 ], [ -99.231332082, 19.38764962 ], [ -99.231660362000014, 19.387382021 ], [ -99.231698957, 19.387420576000011 ], [ -99.231739710999989, 19.387472334999984 ], [ -99.231830758, 19.387571074999983 ], [ -99.231728619000023, 19.387793373000022 ], [ -99.231804494000016, 19.387861342 ], [ -99.231868002, 19.387928766000016 ], [ -99.231826203000026, 19.387958318000017 ], [ -99.231901486000027, 19.388032525000028 ], [ -99.231882919999975, 19.388056294000023 ], [ -99.231893678, 19.388092852999989 ], [ -99.232067359999974, 19.388271429999975 ], [ -99.232037424999987, 19.388299913000026 ] ], [ [ -99.231655048999983, 19.388191378999977 ], [ -99.231717480999976, 19.388015689999975 ], [ -99.231674322, 19.387997091999978 ], [ -99.231683998, 19.387955229999989 ], [ -99.231636676, 19.387939954999979 ], [ -99.231555507, 19.388157517000025 ], [ -99.231655048999983, 19.388191378999977 ] ], [ [ -99.23105895499998, 19.388100555999983 ], [ -99.231076734999988, 19.388008952 ], [ -99.230854803999989, 19.387965802999986 ], [ -99.230835047000028, 19.388065907 ], [ -99.23105895499998, 19.388100555999983 ] ], [ [ -99.23134471100002, 19.388154034000024 ], [ -99.231366671999979, 19.388072249 ], [ -99.231208111, 19.388040886 ], [ -99.23119132, 19.388128074 ], [ -99.23134471100002, 19.388154034000024 ] ], [ [ -99.231518376, 19.387931915000024 ], [ -99.231557061, 19.387848781 ], [ -99.231431626000017, 19.387797013000011 ], [ -99.231394943, 19.387888641000018 ], [ -99.231518376, 19.387931915000024 ] ] ] } },
{ "type": "Feature", "properties": { "subzona": "2.1", "nombre": "Polvorines Norte", "area": "6.79 ha", "poblacion": "958", "almacen_carbono": "692 toneladas", "captura_carbono": "24.4 toneladas anuales", "reduccion_escorrentia": "681.4 mo anuales", "remocion_contaminantes": "474.9 kg anuales", "produccion_oxigeno": "17.8 toneladas anuales", "valor_servicios_mxn": "$407,488.4 mxn", "_mp": 0, "_mp_n": 3 }, "geometry": { "type": "Polygon", "coordinates": [ [ [ -99.230058692999989, 19.390561591999983 ], [ -99.230099423000013, 19.390609983 ], [ -99.23025825000002, 19.390819631999989 ], [ -99.230414828999983, 19.390994003 ], [ -99.230543751000027, 19.391137446000016 ], [ -99.23079793, 19.3914074 ], [ -99.230798387, 19.391433258 ], [ -99.23076762300002, 19.391483865 ], [ -99.230682635, 19.391541857 ], [ -99.230568952999988, 19.391622143 ], [ -99.230437154000015, 19.391722578999975 ], [ -99.230360115999986, 19.391779390000011 ], [ -99.230298878999974, 19.391703687000017 ], [ -99.230322403, 19.39167729899998 ], [ -99.230183968, 19.391546566999978 ], [ -99.230081913, 19.391669533000027 ], [ -99.230228133000026, 19.391780359999984 ], [ -99.230258045000028, 19.39174794600001 ], [ -99.230326328, 19.391811373 ], [ -99.230268409000018, 19.391869643 ], [ -99.230186776999972, 19.39193673699998 ], [ -99.23013642, 19.391958854999984 ], [ -99.230057972999987, 19.391993311000022 ], [ -99.22989664, 19.392028402999983 ], [ -99.229767133, 19.392054545 ], [ -99.229617432, 19.392089279 ], [ -99.229484404, 19.392113997000024 ], [ -99.229460932, 19.392060362999985 ], [ -99.229439226000011, 19.391976264 ], [ -99.229476552, 19.391965310999979 ], [ -99.229423242, 19.391802168000027 ], [ -99.229278865000026, 19.391862765999974 ], [ -99.22934363600001, 19.392019604999973 ], [ -99.229389828000023, 19.392002692 ], [ -99.229436469, 19.392125399 ], [ -99.229260351999983, 19.392168621999986 ], [ -99.229165664999982, 19.39219018 ], [ -99.228967615999977, 19.392242007999982 ], [ -99.228870875999974, 19.392261288999975 ], [ -99.228702560999977, 19.392281024 ], [ -99.228540744999975, 19.392287338000017 ], [ -99.228564372, 19.392173754999988 ], [ -99.228608225000016, 19.392168337999976 ], [ -99.228589648000025, 19.391971129000012 ], [ -99.228419945999974, 19.391978659000017 ], [ -99.228436994999981, 19.392176512999981 ], [ -99.228483254000025, 19.392174536000027 ], [ -99.228501719, 19.39228925499998 ], [ -99.228340710999987, 19.392259349000028 ], [ -99.22823596500001, 19.392222262000018 ], [ -99.228169703, 19.392174633000025 ], [ -99.228142806, 19.392147576000013 ], [ -99.228102467999975, 19.392087496999977 ], [ -99.228049511999984, 19.391927059000011 ], [ -99.228003924, 19.39178393100002 ], [ -99.228009047, 19.391748142999973 ], [ -99.228019648999975, 19.391700639000021 ], [ -99.228033939, 19.391653381000026 ], [ -99.228224225000019, 19.391455042000018 ], [ -99.228432681000015, 19.391235345999974 ], [ -99.228608007, 19.391057343 ], [ -99.22871931100002, 19.39095948 ], [ -99.228834722999977, 19.390882324000017 ], [ -99.228954375, 19.390798061 ], [ -99.229046036, 19.390758780999988 ], [ -99.229063624, 19.390779017999989 ], [ -99.229084544999978, 19.390854863000015 ], [ -99.229030922999982, 19.390868157999989 ], [ -99.229089462, 19.391061326999989 ], [ -99.229257628000028, 19.391027192000024 ], [ -99.229215701999976, 19.390842140000018 ], [ -99.229199617, 19.390831406000018 ], [ -99.229162536, 19.390841255999987 ], [ -99.229132167999978, 19.390762149000011 ], [ -99.229127321000021, 19.39075512 ], [ -99.229115219, 19.390754087 ], [ -99.229106942999977, 19.390754037000022 ], [ -99.229111112999988, 19.390724643999988 ], [ -99.229208068, 19.390678674000014 ], [ -99.229379328999983, 19.390657123999972 ], [ -99.229517466, 19.390681331 ], [ -99.229622409, 19.390700501000026 ], [ -99.229712334999988, 19.390699370999982 ], [ -99.229822538, 19.390652500999977 ], [ -99.229991504999987, 19.390522251999982 ], [ -99.230009366, 19.390522684000018 ], [ -99.230028310000023, 19.390534525000021 ], [ -99.230058692999989, 19.390561591999983 ] ], [ [ -99.228365973999985, 19.39197434099998 ], [ -99.22834801, 19.391934709999987 ], [ -99.228341990999979, 19.391899783999975 ], [ -99.228332022000018, 19.391885635 ], [ -99.228324035000014, 19.391865817999985 ], [ -99.22832101, 19.391837496999983 ], [ -99.228320987000018, 19.391820503000019 ], [ -99.228301086999977, 19.391820527999982 ], [ -99.22827421400001, 19.391813953 ], [ -99.228251324999974, 19.391810205000013 ], [ -99.228235405000021, 19.391809281 ], [ -99.228222468000013, 19.391807409000023 ], [ -99.228209527999979, 19.391803648 ], [ -99.228187634, 19.391799898999977 ], [ -99.228163756000015, 19.391800873000022 ], [ -99.228135899999984, 19.391802797000025 ], [ -99.228132922999976, 19.391808465 ], [ -99.228133942999989, 19.391826402 ], [ -99.22813994, 19.391846222000027 ], [ -99.228145934, 19.391863209 ], [ -99.228159903, 19.391891515999987 ], [ -99.228169873000013, 19.391906608999989 ], [ -99.228187830000024, 19.391940576000025 ], [ -99.22820378900002, 19.391968879999979 ], [ -99.228212768, 19.391986807000023 ], [ -99.228228729000023, 19.392017 ], [ -99.228234714, 19.392027378000023 ], [ -99.228256588000022, 19.392016964999982 ], [ -99.22826752200001, 19.392009398000027 ], [ -99.228280445, 19.392000884000026 ], [ -99.228294366, 19.391995201999976 ], [ -99.228308288, 19.391989519999981 ], [ -99.22832122, 19.391987615 ], [ -99.228336144000025, 19.391987597000025 ], [ -99.228342113999986, 19.391987589 ], [ -99.228366976000018, 19.391979060999972 ], [ -99.228365973999985, 19.39197434099998 ] ] ] } },
{ "type": "Feature", "properties": { "subzona": "2.1", "nombre": "Polvorines Norte", "area": "6.79 ha", "poblacion": "958", "almacen_carbono": "692 toneladas", "captura_carbono": "24.4 toneladas anuales", "reduccion_escorrentia": "681.4 mo anuales", "remocion_contaminantes": "474.9 kg anuales", "produccion_oxigeno": "17.8 toneladas anuales", "valor_servicios_mxn": "$407,488.4 mxn", "_mp": 1, "_mp_n": 3 }, "geometry": { "type": "Polygon", "coordinates": [ [ [ -99.23084724, 19.391319665000026 ], [ -99.230840988000011, 19.391310789999977 ], [ -99.230729408, 19.391207077 ], [ -99.230242428999986, 19.390681265000012 ], [ -99.230143897, 19.390559740000015 ], [ -99.230096183, 19.390495338999983 ], [ -99.23008271499998, 19.39047492100002 ], [ -99.230080262, 19.390451026999983 ], [ -99.230322608999984, 19.390188116 ], [ -99.230368651999981, 19.390183036 ], [ -99.230452249999985, 19.390178060999972 ], [ -99.230548269, 19.390265037 ], [ -99.230651452000018, 19.390166206 ], [ -99.230517709000026, 19.390043885000011 ], [ -99.230451389999985, 19.390099189000011 ], [ -99.230385537000018, 19.390106107 ], [ -99.230363411999974, 19.390112064 ], [ -99.230364553000015, 19.390109325000026 ], [ -99.230536653, 19.389924285 ], [ -99.230554057, 19.389919166000027 ], [ -99.230588478000016, 19.389952691000019 ], [ -99.230619164000018, 19.389932443000021 ], [ -99.230706865, 19.389950124 ], [ -99.230794065999987, 19.390038903 ], [ -99.230924497, 19.389937190000012 ], [ -99.230786140000021, 19.389790028999982 ], [ -99.230757488999984, 19.389810527 ], [ -99.230716992, 19.389805973000023 ], [ -99.230676136, 19.38983546999998 ], [ -99.230659147999972, 19.389820828999973 ], [ -99.231086124, 19.389357659999973 ], [ -99.231172940000022, 19.389428662 ], [ -99.231195287, 19.389654706999977 ], [ -99.231241333000014, 19.390100084999972 ], [ -99.231263827000021, 19.390108183 ], [ -99.231318434, 19.390114208999989 ], [ -99.231400872999984, 19.390118168000015 ], [ -99.231476869, 19.390107912000019 ], [ -99.231544284, 19.390086493000013 ], [ -99.231696645999989, 19.389983807000021 ], [ -99.231740001, 19.389947065 ], [ -99.232003123000027, 19.389780122 ], [ -99.232418151, 19.389532729 ], [ -99.23267887999998, 19.389501687 ], [ -99.232877343999974, 19.389478299000018 ], [ -99.233022958999982, 19.389491319 ], [ -99.233145487, 19.389612613 ], [ -99.233304928, 19.389779472999976 ], [ -99.23334778200001, 19.389801767 ], [ -99.233342505999985, 19.389855617000023 ], [ -99.233320102, 19.389910504 ], [ -99.233213147000015, 19.389981754000019 ], [ -99.233078109000019, 19.390054642 ], [ -99.233023146999983, 19.390056771 ], [ -99.232974867, 19.390056730000026 ], [ -99.232931869000026, 19.390067073000012 ], [ -99.23289975, 19.390098877000014 ], [ -99.232851039000025, 19.390132965000021 ], [ -99.232752302, 19.390182681 ], [ -99.232659135, 19.390239335999979 ], [ -99.232552046000023, 19.390321842999981 ], [ -99.232471410000016, 19.390405294 ], [ -99.232406748000017, 19.390469059 ], [ -99.232366334, 19.390500694000025 ], [ -99.232330909999973, 19.390522337999982 ], [ -99.232290293, 19.390532409 ], [ -99.232311101999983, 19.390497663000019 ], [ -99.232351951, 19.390432789999977 ], [ -99.232347780999987, 19.390409256 ], [ -99.232386803999987, 19.390397260999976 ], [ -99.232324818999984, 19.390225395000016 ], [ -99.232181735999973, 19.390273107999974 ], [ -99.232242376999977, 19.390447622000011 ], [ -99.232275795000021, 19.390443656 ], [ -99.232253661000016, 19.390496009 ], [ -99.232229862999986, 19.390552297999989 ], [ -99.232140534999985, 19.390582858000016 ], [ -99.232072884, 19.39060959 ], [ -99.232024497, 19.390635853 ], [ -99.231977746999974, 19.390658197 ], [ -99.231929965, 19.390686526000025 ], [ -99.231857960000013, 19.390720384000019 ], [ -99.231789134, 19.390756825999972 ], [ -99.231738958999983, 19.390770288 ], [ -99.231682700000022, 19.39078871800001 ], [ -99.231619932, 19.390805522 ], [ -99.23152393700002, 19.390822023999988 ], [ -99.231504582000014, 19.390761522 ], [ -99.231544692999989, 19.390753152 ], [ -99.231496390000018, 19.390584591 ], [ -99.231336250000027, 19.390642237 ], [ -99.231409249000023, 19.390797580000026 ], [ -99.231448563000015, 19.390783520000014 ], [ -99.231462352999984, 19.390832879000016 ], [ -99.231410037999979, 19.390851823999981 ], [ -99.231356722999976, 19.390864653 ], [ -99.231261652, 19.390900746 ], [ -99.231172327000024, 19.390964895000025 ], [ -99.231001191000018, 19.391092161000017 ], [ -99.230931925999982, 19.391042836 ], [ -99.230966624000018, 19.39101195500001 ], [ -99.230823231999977, 19.390897487000018 ], [ -99.23072769700002, 19.39099969199998 ], [ -99.230860958999983, 19.391130761 ], [ -99.23089391000002, 19.39109025099998 ], [ -99.230960101999983, 19.391124983999987 ], [ -99.230970448, 19.391134829 ], [ -99.230930920999981, 19.391198324000015 ], [ -99.230877711, 19.391302537 ], [ -99.230867835000026, 19.391319715 ], [ -99.230855481, 19.391321636999976 ], [ -99.23084724, 19.391319665000026 ] ], [ [ -99.23118492499998, 19.389611990999981 ], [ -99.231104275, 19.38952502799998 ], [ -99.231114735, 19.389515265 ], [ -99.231070203, 19.389461874 ], [ -99.230945976999976, 19.389582459999986 ], [ -99.231057582, 19.389683762 ], [ -99.231114983, 19.389639640999974 ], [ -99.231132166, 19.389657704 ], [ -99.23118492499998, 19.389611990999981 ] ], [ [ -99.23121451999998, 19.390202368000018 ], [ -99.231198544, 19.390161789999979 ], [ -99.231194528, 19.390136304 ], [ -99.231191521000028, 19.390120256999978 ], [ -99.231182548999982, 19.390107995 ], [ -99.231170594, 19.39009668 ], [ -99.231139750000011, 19.390096718999985 ], [ -99.231107905999977, 19.390092039000024 ], [ -99.231100936000018, 19.390088271000025 ], [ -99.231079018, 19.390067527999975 ], [ -99.231065058000013, 19.390045831 ], [ -99.231052085999977, 19.390019411000026 ], [ -99.231047086999979, 19.390002423 ], [ -99.231031149999978, 19.389989225000022 ], [ -99.231018201999973, 19.3899798 ], [ -99.231008253000027, 19.389979813000025 ], [ -99.230998311, 19.389985490000015 ], [ -99.230998318, 19.389990211 ], [ -99.230982407999988, 19.389996839999981 ], [ -99.230977439000014, 19.390000623 ], [ -99.23097644500001, 19.390001569 ], [ -99.230955586, 19.390026143 ], [ -99.230947660000027, 19.390049756 ], [ -99.230943691999983, 19.390058259 ], [ -99.230941714999972, 19.390067703 ], [ -99.230975605000026, 19.39011109 ], [ -99.230997532, 19.390138442000023 ], [ -99.231024451, 19.390178062000018 ], [ -99.231049373000019, 19.390212018999989 ], [ -99.231068317999984, 19.390241263 ], [ -99.23108227, 19.390257296000016 ], [ -99.231094215999974, 19.390262001999986 ], [ -99.23112009, 19.390265745000022 ], [ -99.23115190599998, 19.390249654 ], [ -99.231192669, 19.390228832 ], [ -99.231200621000028, 19.39022315699998 ], [ -99.23121452800001, 19.390208033000022 ], [ -99.23121451999998, 19.390202368000018 ] ], [ [ -99.23100423, 19.390302242000018 ], [ -99.231008694000025, 19.390292795 ], [ -99.231009664999988, 19.390275326999983 ], [ -99.231009658, 19.390270606 ], [ -99.230996670000025, 19.390232857 ], [ -99.230990673, 19.390213038000013 ], [ -99.230977716999973, 19.39019794799998 ], [ -99.230955815000016, 19.390188535 ], [ -99.230940884, 19.39018383299998 ], [ -99.230910008000023, 19.390160267999988 ], [ -99.230904007, 19.390138561000015 ], [ -99.230887051000025, 19.39010837 ], [ -99.230872112999975, 19.390098948 ], [ -99.230850222000015, 19.390097087000015 ], [ -99.230822366999973, 19.390099954999982 ], [ -99.230779591999976, 19.390104730000019 ], [ -99.230750738999973, 19.390105711 ], [ -99.230719911, 19.390116135000028 ], [ -99.230717926000011, 19.390119914000024 ], [ -99.23072193500002, 19.39014068 ], [ -99.230723942999987, 19.390152952 ], [ -99.230735916000015, 19.390177484 ], [ -99.230741895, 19.390184084999987 ], [ -99.230732966, 19.390202035000016 ], [ -99.230721055, 19.390221876999988 ], [ -99.230714103000025, 19.390231328000027 ], [ -99.230703187000017, 19.39025116800002 ], [ -99.230694256, 19.390268174000028 ], [ -99.230683331000023, 19.390281405999986 ], [ -99.230671406, 19.390291806999983 ], [ -99.230653518, 19.390306936 ], [ -99.230632653999976, 19.390327733 ], [ -99.230622728000014, 19.390344739999989 ], [ -99.23061377800002, 19.390347583999983 ], [ -99.230597868000018, 19.390354213000023 ], [ -99.230587927999977, 19.390360835000024 ], [ -99.230576998, 19.390371233999986 ], [ -99.230553122, 19.390373152999985 ], [ -99.230543167, 19.390369389 ], [ -99.230528234000019, 19.390362799 ], [ -99.230513308000013, 19.390361874 ], [ -99.230501369000024, 19.390361889000019 ], [ -99.230491422, 19.390363789999981 ], [ -99.230481485999974, 19.390373243999989 ], [ -99.230477527, 19.390388355000027 ], [ -99.230475547000026, 19.390394965999974 ], [ -99.230472575000022, 19.39040441100002 ], [ -99.230455698000014, 19.390430869 ], [ -99.230456715, 19.390445973999988 ], [ -99.230455740000025, 19.390460137 ], [ -99.230464717000018, 19.390476176 ], [ -99.230477670000028, 19.390489377999984 ], [ -99.230495615999985, 19.390515790999984 ], [ -99.230523499000014, 19.390533694 ], [ -99.230535443, 19.390536511 ], [ -99.230571266000027, 19.390540241999986 ], [ -99.230594173999975, 19.390557208000018 ], [ -99.230604133999975, 19.390564747999974 ], [ -99.230621067000016, 19.390577945000018 ], [ -99.230633996999984, 19.39057509600002 ], [ -99.230653876000019, 19.390560908999987 ], [ -99.230679714000019, 19.390539161 ], [ -99.230700588, 19.39052497199998 ], [ -99.230725440000015, 19.390509834 ], [ -99.230745325999976, 19.390500368 ], [ -99.230801024000016, 19.390487079000025 ], [ -99.230837824, 19.390477590999978 ], [ -99.230870633999984, 19.390461499000025 ], [ -99.230880572, 19.390452988999982 ], [ -99.230895463000024, 19.390429367000024 ], [ -99.230899421, 19.390414255999985 ], [ -99.230909322, 19.390379310000014 ], [ -99.230918223, 19.390341533000026 ], [ -99.230922189000012, 19.390332086 ], [ -99.230932124, 19.390321687999972 ], [ -99.230949029999977, 19.39031600200002 ], [ -99.230962961999978, 19.390317873000015 ], [ -99.230983859, 19.390319734 ], [ -99.230996772000026, 19.390304612000023 ], [ -99.23100423, 19.390302242000018 ] ], [ [ -99.233208737999973, 19.389746634 ], [ -99.233057476999988, 19.389726057000018 ], [ -99.233031845000028, 19.389892259000021 ], [ -99.233073645, 19.389900701999977 ], [ -99.233066711999982, 19.389923371 ], [ -99.233053805, 19.38994227 ], [ -99.233043876000011, 19.389956445 ], [ -99.23303294599998, 19.389966844000014 ], [ -99.233012073, 19.389981033000026 ], [ -99.232985236, 19.38999995 ], [ -99.233021082999983, 19.390020676 ], [ -99.233036992, 19.390013102000012 ], [ -99.233056866000027, 19.389996081999982 ], [ -99.23307872800001, 19.389977171 ], [ -99.233095621000018, 19.389962043000025 ], [ -99.23310655, 19.389951644 ], [ -99.233122453000021, 19.389940293999985 ], [ -99.233132365000017, 19.389913845000024 ], [ -99.233172167000021, 19.389916627 ], [ -99.233208737999973, 19.389746634 ] ] ] } },
{ "type": "Feature", "properties": { "subzona": "2.1", "nombre": "Polvorines Norte", "area": "6.79 ha", "poblacion": "958", "almacen_carbono": "692 toneladas", "captura_carbono": "24.4 toneladas anuales", "reduccion_escorrentia": "681.4 mo anuales", "remocion_contaminantes": "474.9 kg anuales", "produccion_oxigeno": "17.8 toneladas anuales", "valor_servicios_mxn": "$407,488.4 mxn", "_mp": 2, "_mp_n": 3 }, "geometry": { "type": "Polygon", "coordinates": [ [ [ -99.227940316, 19.39183405 ], [ -99.227975883999989, 19.391926206999983 ], [ -99.228009514, 19.392019966000021 ], [ -99.228040776, 19.392083797 ], [ -99.228115014000025, 19.392199248999987 ], [ -99.228158877, 19.392239065000012 ], [ -99.228173227000013, 19.392254552999987 ], [ -99.228016694000019, 19.392339134999986 ], [ -99.227988523000022, 19.39231035 ], [ -99.227969002, 19.392202546000021 ], [ -99.227895752999984, 19.392151499000022 ], [ -99.227881466999975, 19.392156595000017 ], [ -99.227864281, 19.392156601000011 ], [ -99.227864738999983, 19.392097587000023 ], [ -99.227713003000019, 19.392085579000025 ], [ -99.227695273999984, 19.392259920000015 ], [ -99.227843087, 19.392275743000027 ], [ -99.227851665, 19.392208908999976 ], [ -99.227898771000014, 19.392207644999985 ], [ -99.227938568000013, 19.392230171999984 ], [ -99.227966863, 19.392362551000019 ], [ -99.227772684, 19.392398362999984 ], [ -99.227423767, 19.39246483300002 ], [ -99.227122924000014, 19.392458096999974 ], [ -99.227086561000021, 19.392424319999975 ], [ -99.227097442, 19.39238286 ], [ -99.227052195, 19.392356523999979 ], [ -99.227056355, 19.392323066000017 ], [ -99.227032243999986, 19.392315268 ], [ -99.227018525, 19.392299013000013 ], [ -99.227026070000022, 19.392268550999972 ], [ -99.227039616000013, 19.392224543 ], [ -99.227031054, 19.392174625999985 ], [ -99.227023781000014, 19.392132230000016 ], [ -99.226695555, 19.392066993000014 ], [ -99.226896098999987, 19.391784839000024 ], [ -99.227046138, 19.391899449 ], [ -99.227172558, 19.391965324000012 ], [ -99.227293609000014, 19.392020032 ], [ -99.227373926999974, 19.392037201 ], [ -99.227523819, 19.392045140999983 ], [ -99.227675777, 19.391999236 ], [ -99.22781907000001, 19.391881211999987 ], [ -99.227924847999986, 19.391785082000013 ], [ -99.227940316, 19.39183405 ] ] ] } },
{ "type": "Feature", "properties": { "subzona": "5.5", "nombre": "Fulminato", "area": "1.42 ha", "poblacion": "569", "almacen_carbono": "299.38 toneladas", "captura_carbono": "9.5 toneladas anuales", "reduccion_escorrentia": "193.3 mo anuales", "remocion_contaminantes": "133.22 kg anuales", "produccion_oxigeno": "6.9 toneladas anuales", "valor_servicios_mxn": "$143,484.8 mxn", "_mp": 0, "_mp_n": 1 }, "geometry": { "type": "Polygon", "coordinates": [ [ [ -99.230162959999973, 19.387143276000018 ], [ -99.229567735999979, 19.386925867 ], [ -99.229568846, 19.386856912999974 ], [ -99.229568487999984, 19.386601922000011 ], [ -99.229912115, 19.386589298 ], [ -99.230037376999974, 19.386595235000016 ], [ -99.230146016999981, 19.386590334 ], [ -99.230272087, 19.386590873999978 ], [ -99.230333095999981, 19.38659372799998 ], [ -99.230463713, 19.386589615 ], [ -99.230588693000016, 19.386585393000018 ], [ -99.230725189, 19.386586744 ], [ -99.230827455999986, 19.386608455999976 ], [ -99.23114324, 19.386589769000011 ], [ -99.23138752, 19.386728636999976 ], [ -99.231699338999988, 19.386934467 ], [ -99.232032769999989, 19.386675858 ], [ -99.232150005999983, 19.386590050999985 ], [ -99.232348795, 19.386773690999973 ], [ -99.232139357, 19.386951177000014 ], [ -99.232116677000022, 19.386932120999973 ], [ -99.231720164000023, 19.387276799 ], [ -99.231795212, 19.38735391199998 ], [ -99.231735329, 19.387401735000026 ], [ -99.231365399000026, 19.386983655999984 ], [ -99.231265673, 19.386866954000027 ], [ -99.230923631, 19.387244286999987 ], [ -99.230745136, 19.387447694 ], [ -99.230560415000014, 19.387332061 ], [ -99.230162959999973, 19.387143276000018 ] ], [ [ -99.230237699999975, 19.387082869999972 ], [ -99.230236478, 19.386921423999979 ], [ -99.230007635999982, 19.386915104000025 ], [ -99.230025789000024, 19.387088802999983 ], [ -99.230237699999975, 19.387082869999972 ] ], [ [ -99.230781795999974, 19.386991543000022 ], [ -99.230726215, 19.38708697200002 ], [ -99.230783964000011, 19.387118054999974 ], [ -99.230760144999977, 19.387159628 ], [ -99.230840793000027, 19.387202011999989 ], [ -99.230929152999977, 19.387067832000014 ], [ -99.230781795999974, 19.386991543000022 ] ] ] } },
{ "type": "Feature", "properties": { "subzona": "5.4", "nombre": "Ladera Sur", "area": "0.72 ha", "poblacion": "284", "almacen_carbono": "105.51 toneladas", "captura_carbono": "6.4 toneladas anuales", "reduccion_escorrentia": "74.5 mo anuales", "remocion_contaminantes": "51.28 kg anuales", "produccion_oxigeno": "4.7 toneladas anuales", "valor_servicios_mxn": "$53,527 mxn", "_mp": 0, "_mp_n": 1 }, "geometry": { "type": "Polygon", "coordinates": [ [ [ -99.229568836999988, 19.386947199000019 ], [ -99.230160843000021, 19.387160548999987 ], [ -99.230212409999979, 19.387195403000021 ], [ -99.230152866000026, 19.387270295 ], [ -99.229929627999979, 19.387648948 ], [ -99.230005517, 19.387685323000028 ], [ -99.229933506, 19.387812662999977 ], [ -99.229986165000014, 19.387842273 ], [ -99.229886382000018, 19.388008900999978 ], [ -99.22993918200001, 19.388049325999987 ], [ -99.229859211000019, 19.388121991999981 ], [ -99.229713603999983, 19.388344495000013 ], [ -99.229672795999988, 19.38846037899998 ], [ -99.229377253, 19.388410465 ], [ -99.229558294000014, 19.3877306 ], [ -99.22956554000001, 19.387553824 ], [ -99.229564988999982, 19.387160672 ], [ -99.229564907, 19.38710175 ], [ -99.229568836999988, 19.386947199000019 ] ] ] } },
{ "type": "Feature", "properties": { "subzona": "6.2", "nombre": "Subestacion Electrica", "area": "0.48 ha", "poblacion": "291", "almacen_carbono": "89.45 toneladas", "captura_carbono": "6.2 toneladas anuales", "reduccion_escorrentia": "75.6 mo anuales", "remocion_contaminantes": "51.3 kg anuales", "produccion_oxigeno": "4.5 toneladas anuales", "valor_servicios_mxn": "$49,152.7 mxn", "_mp": 0, "_mp_n": 3 }, "geometry": { "type": "Polygon", "coordinates": [ [ [ -99.227628673000027, 19.38893962100002 ], [ -99.227632615, 19.388904771999989 ], [ -99.227699088, 19.388910950000025 ], [ -99.22769488, 19.388944380999988 ], [ -99.227628673000027, 19.38893962100002 ] ] ] } },
{ "type": "Feature", "properties": { "subzona": "6.2", "nombre": "Subestacion Electrica", "area": "0.48 ha", "poblacion": "291", "almacen_carbono": "89.45 toneladas", "captura_carbono": "6.2 toneladas anuales", "reduccion_escorrentia": "75.6 mo anuales", "remocion_contaminantes": "51.3 kg anuales", "produccion_oxigeno": "4.5 toneladas anuales", "valor_servicios_mxn": "$49,152.7 mxn", "_mp": 1, "_mp_n": 3 }, "geometry": { "type": "Polygon", "coordinates": [ [ [ -99.227250508, 19.388783688 ], [ -99.227184498999975, 19.388781771000026 ], [ -99.226944748, 19.388933813999984 ], [ -99.226879241, 19.388945884 ], [ -99.226875414, 19.388985796999975 ], [ -99.226869930000021, 19.389037753000025 ], [ -99.226890938999986, 19.389083230999972 ], [ -99.226907494999978, 19.389102267999988 ], [ -99.226936218999981, 19.389135296 ], [ -99.226964808999981, 19.389178824999988 ], [ -99.22698318099998, 19.389205383999979 ], [ -99.227003288999981, 19.38925976500002 ], [ -99.227032585000018, 19.38934919899998 ], [ -99.227063392, 19.389436854999985 ], [ -99.227327623, 19.389362989 ], [ -99.227323795000018, 19.389126884 ], [ -99.227767057999984, 19.389163209 ], [ -99.227790083, 19.389203432999977 ], [ -99.227753743, 19.389246147 ], [ -99.227684178, 19.389261471999987 ], [ -99.227593182000021, 19.389262601999974 ], [ -99.227533246, 19.389273851999974 ], [ -99.227485053, 19.389260706000016 ], [ -99.227433911, 19.38931241 ], [ -99.227395213000023, 19.389323804000014 ], [ -99.227336945, 19.389379243 ], [ -99.227337021999972, 19.389439917 ], [ -99.227293175999989, 19.389480916000025 ], [ -99.227188807, 19.389476447 ], [ -99.227112814, 19.389489239999989 ], [ -99.227055173, 19.389481511999975 ], [ -99.226825921, 19.389501789 ], [ -99.226707020999982, 19.38942936 ], [ -99.226687141000014, 19.389398847999985 ], [ -99.226703287000021, 19.389377401 ], [ -99.22670367, 19.389352095999982 ], [ -99.226712718999977, 19.389315512999985 ], [ -99.226721555999973, 19.389290064000022 ], [ -99.2267402, 19.389278107 ], [ -99.22675224, 19.389250446 ], [ -99.226717193000013, 19.389239525 ], [ -99.226661847, 19.389224550999984 ], [ -99.226611129, 19.389201469999989 ], [ -99.226606550999975, 19.389183577999972 ], [ -99.226651084000025, 19.389152802000012 ], [ -99.226673375000018, 19.389121525 ], [ -99.226704048999977, 19.389094300000011 ], [ -99.226722183, 19.38907479 ], [ -99.226764289000016, 19.389038436000021 ], [ -99.226774909000028, 19.38899949 ], [ -99.226770416000022, 19.388976760999981 ], [ -99.226751508, 19.388968771 ], [ -99.226743489, 19.388954429000023 ], [ -99.226746032999984, 19.388928521000025 ], [ -99.226727430999972, 19.388919755000018 ], [ -99.226699086, 19.388928525999972 ], [ -99.226674714000012, 19.388929010000027 ], [ -99.226655954000023, 19.388915817 ], [ -99.226632538, 19.388899074999983 ], [ -99.226584632000026, 19.388888081 ], [ -99.226572241999975, 19.388863789000027 ], [ -99.226551851000011, 19.388832633 ], [ -99.226532539, 19.388797646 ], [ -99.226504256999988, 19.388756520000015 ], [ -99.226507374, 19.38872978 ], [ -99.226493373999972, 19.38862853 ], [ -99.226517415999979, 19.388595483000017 ], [ -99.226564471000017, 19.388559868000016 ], [ -99.226593142000013, 19.388585416000012 ], [ -99.226539006, 19.388637727 ], [ -99.226698578000025, 19.388821961000019 ], [ -99.226767043, 19.388899994999974 ], [ -99.226861489999976, 19.388817201 ], [ -99.226927848, 19.388763349999977 ], [ -99.226863622999986, 19.388706137999975 ], [ -99.226727701000016, 19.388571119 ], [ -99.226709316999973, 19.388551684999982 ], [ -99.226719936, 19.388533213000017 ], [ -99.226696448999974, 19.388503448999984 ], [ -99.226668126999982, 19.388488812999981 ], [ -99.226677364000011, 19.38846007 ], [ -99.226699872999973, 19.388435975 ], [ -99.226725855999973, 19.388447843999984 ], [ -99.226753018000011, 19.388477896999973 ], [ -99.226752268999974, 19.38849868 ], [ -99.226775944, 19.388516260000017 ], [ -99.22679567199998, 19.388531423000018 ], [ -99.226796623999974, 19.388559319000024 ], [ -99.226845735999973, 19.388576263 ], [ -99.226858375, 19.388585407 ], [ -99.226855269999987, 19.388604767 ], [ -99.226836268999989, 19.388608331 ], [ -99.226838315, 19.388624997000022 ], [ -99.226851587999988, 19.388636524 ], [ -99.226861912, 19.388651517000028 ], [ -99.226886395, 19.388667548 ], [ -99.226912772999981, 19.388675144 ], [ -99.226935165999976, 19.388667020000014 ], [ -99.226947569, 19.38864705200001 ], [ -99.226969009000015, 19.3886475 ], [ -99.226974896, 19.388667596 ], [ -99.22695773800001, 19.388688810000019 ], [ -99.226989656, 19.388712382999984 ], [ -99.227020545000016, 19.388718718 ], [ -99.227065141000026, 19.388692833999983 ], [ -99.22709526, 19.388684276 ], [ -99.227141005000021, 19.388664514000027 ], [ -99.227146837000021, 19.388645141999973 ], [ -99.227167829, 19.38863124400001 ], [ -99.227214397000012, 19.388630834000026 ], [ -99.227234722999981, 19.388639822000016 ], [ -99.227255641, 19.388655872000015 ], [ -99.227279625999984, 19.388649527999974 ], [ -99.227305406000028, 19.3886392 ], [ -99.227323045, 19.388620382999989 ], [ -99.227310623, 19.388567981999984 ], [ -99.22734671500001, 19.388535204 ], [ -99.227410318000011, 19.388513715999977 ], [ -99.227467113999978, 19.388518060000024 ], [ -99.22755281100001, 19.388535228000023 ], [ -99.227535569999986, 19.388634847999981 ], [ -99.227441062000025, 19.388731815000028 ], [ -99.227402536, 19.388718176 ], [ -99.227336055000023, 19.388684176000027 ], [ -99.227297259000011, 19.388761106 ], [ -99.227294449, 19.388773244 ], [ -99.227250508, 19.388783688 ] ] ] } },
{ "type": "Feature", "properties": { "subzona": "6.2", "nombre": "Subestacion Electrica", "area": "0.48 ha", "poblacion": "291", "almacen_carbono": "89.45 toneladas", "captura_carbono": "6.2 toneladas anuales", "reduccion_escorrentia": "75.6 mo anuales", "remocion_contaminantes": "51.3 kg anuales", "produccion_oxigeno": "4.5 toneladas anuales", "valor_servicios_mxn": "$49,152.7 mxn", "_mp": 2, "_mp_n": 3 }, "geometry": { "type": "Polygon", "coordinates": [ [ [ -99.227531046000024, 19.38880943700002 ], [ -99.227439692000019, 19.388800117000017 ], [ -99.22744746799998, 19.388792422999984 ], [ -99.227475802000015, 19.388766990000022 ], [ -99.227517214999978, 19.388754689999985 ], [ -99.227559282000016, 19.388750123000023 ], [ -99.227603887999976, 19.388754323 ], [ -99.227656739999986, 19.388776415 ], [ -99.227728179, 19.38880905100001 ], [ -99.227755189, 19.388823172 ], [ -99.227531046000024, 19.38880943700002 ] ] ] } },
{ "type": "Feature", "properties": { "subzona": "6.3", "nombre": "Rampas", "area": "0.14 ha", "poblacion": "124", "almacen_carbono": "24.06 toneladas", "captura_carbono": "1.7 toneladas anuales", "reduccion_escorrentia": "36.9 mo anuales", "remocion_contaminantes": "25.1 kg anuales", "produccion_oxigeno": "1.3 toneladas anuales", "valor_servicios_mxn": "$1,892.6 mxn", "_mp": 0, "_mp_n": 1 }, "geometry": { "type": "Polygon", "coordinates": [ [ [ -99.228022337000027, 19.388201211000023 ], [ -99.228010547, 19.38819106699998 ], [ -99.227997935000019, 19.388167463 ], [ -99.227971223, 19.388164233 ], [ -99.227952171000027, 19.388163119000012 ], [ -99.227926793999984, 19.388161247000028 ], [ -99.227902858999983, 19.388159089 ], [ -99.227901679000013, 19.388178415000027 ], [ -99.227890418000015, 19.388188599999978 ], [ -99.227877150999973, 19.388200454000014 ], [ -99.227874766000014, 19.388215306 ], [ -99.227869026, 19.388220088000025 ], [ -99.227856670999984, 19.388224727000022 ], [ -99.22783558499998, 19.388239124 ], [ -99.227830224, 19.388252132 ], [ -99.227827246, 19.388272224 ], [ -99.227831536, 19.388294047999977 ], [ -99.22784985200002, 19.388302764 ], [ -99.227847462999989, 19.388316988999975 ], [ -99.227839489000019, 19.388357127 ], [ -99.227820419000011, 19.388500393000015 ], [ -99.227818307, 19.388521729 ], [ -99.227826901000014, 19.388542545 ], [ -99.227817938999976, 19.388642114 ], [ -99.227808455, 19.388750319 ], [ -99.227811148, 19.388762507000024 ], [ -99.227827217000026, 19.388770105999981 ], [ -99.227837394, 19.388774665000028 ], [ -99.227864703000023, 19.388781742 ], [ -99.227881841999988, 19.388789339000027 ], [ -99.227893091999988, 19.388795421 ], [ -99.227891495999984, 19.388802533999979 ], [ -99.227874906000011, 19.38880509400002 ], [ -99.22782134900001, 19.388784336000015 ], [ -99.227787609000018, 19.388771679 ], [ -99.227760828999976, 19.388760537999985 ], [ -99.227725479000014, 19.388744836 ], [ -99.227692804000014, 19.388728114 ], [ -99.227669231, 19.388712904999977 ], [ -99.2276478, 19.38869921700001 ], [ -99.227632255, 19.38868349 ], [ -99.227619909, 19.388658615999987 ], [ -99.227608628999974, 19.388630185000011 ], [ -99.227610723999987, 19.388597166000011 ], [ -99.227623229000017, 19.388538375999985 ], [ -99.227632006000022, 19.388503677000017 ], [ -99.22765535100001, 19.388420793000023 ], [ -99.227687092, 19.388369795000017 ], [ -99.227717846000019, 19.388303028999985 ], [ -99.227730730000019, 19.388275555 ], [ -99.227754202000028, 19.388228723 ], [ -99.227764878000016, 19.388207374999979 ], [ -99.22777341, 19.388184507 ], [ -99.227792105999981, 19.388156546 ], [ -99.227818051999975, 19.388146101000018 ], [ -99.227841594999973, 19.38813896 ], [ -99.227876104000018, 19.388127488 ], [ -99.227914089000024, 19.388113471999986 ], [ -99.227956893999988, 19.388101227 ], [ -99.227987118999977, 19.388087983 ], [ -99.228002236, 19.388078494000013 ], [ -99.228014125000016, 19.388069917 ], [ -99.228033644, 19.388056178 ], [ -99.228060219999975, 19.388045197999986 ], [ -99.228088744, 19.388031980999983 ], [ -99.228121661999978, 19.388031178 ], [ -99.228146847, 19.388050448 ], [ -99.228162655, 19.388074147 ], [ -99.228157356999986, 19.388102246000017 ], [ -99.228142134999985, 19.388126139 ], [ -99.228121935, 19.388125645 ], [ -99.228091834, 19.388137122999979 ], [ -99.228053382999974, 19.388163752000025 ], [ -99.228037937000011, 19.388183417 ], [ -99.228022337000027, 19.388201211000023 ] ] ] } },
{ "type": "Feature", "properties": { "subzona": "6.4", "nombre": "Nave Principal", "area": "0.2 ha", "poblacion": "116", "almacen_carbono": "49.8 toneladas", "captura_carbono": "3.6 toneladas anuales", "reduccion_escorrentia": "34.6 mo anuales", "remocion_contaminantes": "23.3 kg anuales", "produccion_oxigeno": "2.6 toneladas anuales", "valor_servicios_mxn": "$2,488.2 mxn", "_mp": 0, "_mp_n": 1 }, "geometry": { "type": "Polygon", "coordinates": [ [ [ -99.229477073999988, 19.387715306000018 ], [ -99.229465344, 19.387748337 ], [ -99.229453611999986, 19.387779336999984 ], [ -99.229439739999975, 19.387811863000024 ], [ -99.229419457, 19.387852525000028 ], [ -99.229389546, 19.387898786 ], [ -99.229374069000016, 19.387931821999985 ], [ -99.229358591999983, 19.38796435 ], [ -99.229332977000013, 19.388020257 ], [ -99.229301995000014, 19.388066012000024 ], [ -99.229277952000018, 19.388097534999986 ], [ -99.229247494, 19.388135162000026 ], [ -99.229205399000023, 19.388122189 ], [ -99.229207971, 19.388108237999973 ], [ -99.229218409999987, 19.388007265999988 ], [ -99.229052361000015, 19.387997256 ], [ -99.22898275, 19.387991006 ], [ -99.228980160999981, 19.388018761000012 ], [ -99.228970059, 19.388019698999983 ], [ -99.22895852900001, 19.388195972 ], [ -99.228244408000023, 19.388151661999984 ], [ -99.22824749, 19.388058194999985 ], [ -99.228320293000024, 19.388062166999987 ], [ -99.228435905000026, 19.388056942999981 ], [ -99.228480853, 19.388045711000018 ], [ -99.228516153999976, 19.388026364999973 ], [ -99.228598568999985, 19.388014070999986 ], [ -99.228644632999988, 19.388035345999981 ], [ -99.228648965, 19.388070898000024 ], [ -99.228668244, 19.388077985 ], [ -99.228706788000011, 19.388080984 ], [ -99.228766748, 19.388087004 ], [ -99.228814914, 19.388080848000016 ], [ -99.228874814, 19.388044200000024 ], [ -99.228917581000019, 19.388004525999975 ], [ -99.228949673999978, 19.387988231 ], [ -99.229001016999973, 19.387956674 ], [ -99.229040594000026, 19.387933257999975 ], [ -99.229095175, 19.387920999000016 ], [ -99.229118700000015, 19.387901667 ], [ -99.229148650000013, 19.387883343 ], [ -99.229189320999978, 19.387876181000024 ], [ -99.229207486, 19.387851776 ], [ -99.22923850799998, 19.387834467 ], [ -99.229262055999982, 19.387831388999984 ], [ -99.22927593999998, 19.387808006 ], [ -99.229264133000015, 19.387785671000017 ], [ -99.229273734, 19.387761278000028 ], [ -99.229324013999985, 19.387735817000021 ], [ -99.229395704000012, 19.387709313000016 ], [ -99.229432098000018, 19.387706219 ], [ -99.229477073999988, 19.387715306000018 ] ] ] } },
{ "type": "Feature", "properties": { "subzona": "6.5", "nombre": "Almacen", "area": "0.4 ha", "poblacion": "152", "almacen_carbono": "49.69 toneladas", "captura_carbono": "3.2 toneladas anuales", "reduccion_escorrentia": "63.8 mo anuales", "remocion_contaminantes": "43 kg anuales", "produccion_oxigeno": "2.3 toneladas anuales", "valor_servicios_mxn": "$34,493.6 mxn", "_mp": 0, "_mp_n": 2 }, "geometry": { "type": "Polygon", "coordinates": [ [ [ -99.231137870999987, 19.389117683999984 ], [ -99.231084335, 19.389112163999982 ], [ -99.231085496, 19.389098029000024 ], [ -99.231091785, 19.389080662000026 ], [ -99.231118525, 19.389063866000015 ], [ -99.231147401999976, 19.389043511000011 ], [ -99.231174679, 19.389028274999987 ], [ -99.231206241999985, 19.389015115 ], [ -99.231259720000025, 19.388979366 ], [ -99.231319569999982, 19.388908177000019 ], [ -99.231356139000013, 19.388855643999989 ], [ -99.231395635000013, 19.388784301999976 ], [ -99.231365782000012, 19.388756806 ], [ -99.231332970999972, 19.388728033 ], [ -99.231485061, 19.388735839 ], [ -99.231684355000027, 19.388747524 ], [ -99.23178221, 19.388751520000028 ], [ -99.23181195799998, 19.388753262000023 ], [ -99.231837942000027, 19.388746264000019 ], [ -99.231895093, 19.388711356999977 ], [ -99.231952321999984, 19.388684708000028 ], [ -99.232094415, 19.388607085 ], [ -99.23209211, 19.388642668999978 ], [ -99.231944515, 19.388723503999984 ], [ -99.231888011000024, 19.388755705 ], [ -99.231705738000016, 19.38884169 ], [ -99.231440675999977, 19.388987881 ], [ -99.23134653, 19.389046305000022 ], [ -99.231243851999977, 19.389114501 ], [ -99.231202105000023, 19.389117602 ], [ -99.231137870999987, 19.389117683999984 ] ] ] } },
{ "type": "Feature", "properties": { "subzona": "6.5", "nombre": "Almacen", "area": "0.4 ha", "poblacion": "152", "almacen_carbono": "49.69 toneladas", "captura_carbono": "3.2 toneladas anuales", "reduccion_escorrentia": "63.8 mo anuales", "remocion_contaminantes": "43 kg anuales", "produccion_oxigeno": "2.3 toneladas anuales", "valor_servicios_mxn": "$34,493.6 mxn", "_mp": 1, "_mp_n": 2 }, "geometry": { "type": "Polygon", "coordinates": [ [ [ -99.230899377000014, 19.389089961000025 ], [ -99.230922865000025, 19.389091967000013 ], [ -99.230922152, 19.38910876 ], [ -99.230896979000022, 19.389105799 ], [ -99.230680706999976, 19.389092866999988 ], [ -99.230324167, 19.389061825999988 ], [ -99.230091839000011, 19.389049929 ], [ -99.229921605000015, 19.389038969000012 ], [ -99.229809177, 19.389024888999984 ], [ -99.229698878000022, 19.389002678 ], [ -99.229593935000025, 19.388982493000015 ], [ -99.229524323000021, 19.388964294 ], [ -99.229464353000026, 19.388951163 ], [ -99.229436505000024, 19.38894104000002 ], [ -99.229473127, 19.388879185 ], [ -99.229764844999977, 19.388926401999981 ], [ -99.22977461, 19.388869737 ], [ -99.229819674999987, 19.388877569999977 ], [ -99.229829329999973, 19.388861168 ], [ -99.229840106999973, 19.38883748 ], [ -99.229864883, 19.388816255 ], [ -99.229907739, 19.388815275000013 ], [ -99.230540066, 19.388880846 ], [ -99.230594306, 19.388597740000023 ], [ -99.230725044, 19.388619344 ], [ -99.23068282600002, 19.389077117 ], [ -99.230899377000014, 19.389089961000025 ] ] ] } },
{ "type": "Feature", "properties": { "subzona": "2.2", "nombre": "Polvorines Sur", "area": "2.11 ha", "poblacion": "978", "almacen_carbono": "381 toneladas", "captura_carbono": "17.9 toneladas anuales", "reduccion_escorrentia": "323.4 mo anuales", "remocion_contaminantes": "227.2 kg anuales", "produccion_oxigeno": "13 toneladas anuales", "valor_servicios_mxn": "$208,725.4 mxn", "_mp": 0, "_mp_n": 1 }, "geometry": { "type": "Polygon", "coordinates": [ [ [ -99.231011083999988, 19.389359883 ], [ -99.230384612000023, 19.389983423999979 ], [ -99.230165504000013, 19.390237676000027 ], [ -99.229948523000019, 19.390482782 ], [ -99.229789193999977, 19.39061505 ], [ -99.229676819000019, 19.390639861000011 ], [ -99.229603151, 19.39063014200002 ], [ -99.229629763, 19.390529747000016 ], [ -99.229654897999978, 19.390517475000024 ], [ -99.229681814, 19.390568089999988 ], [ -99.229807257, 19.390511214000014 ], [ -99.229736754999976, 19.390360569 ], [ -99.229605505999984, 19.390419789000021 ], [ -99.229632701000014, 19.390467398999988 ], [ -99.229578699, 19.390494477 ], [ -99.229548319, 19.390630199999976 ], [ -99.229532275999986, 19.390628580999987 ], [ -99.229281728999979, 19.390604516 ], [ -99.229142595999974, 19.390634152000018 ], [ -99.229001391999986, 19.39071357 ], [ -99.228786387000014, 19.390841844000022 ], [ -99.228630184, 19.39096003200001 ], [ -99.228568494, 19.390929531999973 ], [ -99.228551827, 19.390925018000019 ], [ -99.228533979000019, 19.390908029 ], [ -99.228472475999979, 19.390890117000026 ], [ -99.228442874, 19.390905979000024 ], [ -99.228432021, 19.390880795999976 ], [ -99.228420726000024, 19.390882598000019 ], [ -99.228307412, 19.390935631 ], [ -99.228388427000027, 19.391086357 ], [ -99.228506835000019, 19.391016251999986 ], [ -99.22847871099998, 19.390962748 ], [ -99.228492775, 19.390955140000017 ], [ -99.228512674, 19.390966366999976 ], [ -99.228519764999987, 19.390958937 ], [ -99.22853582800002, 19.390966618 ], [ -99.22858564400002, 19.390998661000026 ], [ -99.228434591999985, 19.391145025000014 ], [ -99.228174841, 19.391430818 ], [ -99.227913996999973, 19.391701375000025 ], [ -99.227793201999987, 19.391830545 ], [ -99.227687345999982, 19.391925156000013 ], [ -99.227615677000017, 19.39196791400002 ], [ -99.22753862899998, 19.39199239200002 ], [ -99.227425148, 19.391992534 ], [ -99.227320206, 19.391974378999976 ], [ -99.227239865, 19.391939939 ], [ -99.227126305000013, 19.391883189999987 ], [ -99.226985942999988, 19.391799046000017 ], [ -99.226713755999981, 19.391611443999977 ], [ -99.226614127, 19.391563820999977 ], [ -99.226449221999985, 19.391537613000025 ], [ -99.226062752000018, 19.391543173 ], [ -99.225701945000026, 19.391526350999982 ], [ -99.225560613000027, 19.391515352 ], [ -99.225490955999987, 19.391464643 ], [ -99.225469514, 19.39144232000001 ], [ -99.225262859999987, 19.391418193999982 ], [ -99.225199122999982, 19.391418273 ], [ -99.225163356999985, 19.39146120800001 ], [ -99.22512556800001, 19.391455017 ], [ -99.225126852000017, 19.391449093 ], [ -99.225084623999976, 19.39144388 ], [ -99.225054587999978, 19.391438973 ], [ -99.225071544, 19.391357557999982 ], [ -99.224905208999985, 19.391323305000014 ], [ -99.224883439, 19.391460737999978 ], [ -99.225036446999979, 19.391487633 ], [ -99.225118626999972, 19.391489235999984 ], [ -99.22509104400001, 19.391508966 ], [ -99.224870031000023, 19.391470491 ], [ -99.224797195, 19.391444168000021 ], [ -99.224761808999972, 19.391402560000017 ], [ -99.224833284, 19.39121757800001 ], [ -99.225142753, 19.391271038000014 ], [ -99.225190957999985, 19.391292312000019 ], [ -99.22539866, 19.391300182 ], [ -99.225488601, 19.391309213 ], [ -99.22581829500001, 19.391278327 ], [ -99.226302200000021, 19.391281789 ], [ -99.22659451200002, 19.39131494999998 ], [ -99.226863326, 19.391386743999988 ], [ -99.227330266000024, 19.391509084 ], [ -99.227506628000015, 19.391305683999974 ], [ -99.227577559, 19.391247610999983 ], [ -99.227592589999972, 19.391259387 ], [ -99.227642243, 19.391274313999986 ], [ -99.227730722, 19.391338295000025 ], [ -99.227777517, 19.391350839999973 ], [ -99.227776006999989, 19.391355880999981 ], [ -99.227718736999975, 19.391350042 ], [ -99.227712413, 19.391545323 ], [ -99.227888080000014, 19.39155108 ], [ -99.22789537, 19.391350935999981 ], [ -99.227851057, 19.391350284 ], [ -99.227865866, 19.391291680999984 ], [ -99.22776941, 19.391252973 ], [ -99.227655504999973, 19.391238441999974 ], [ -99.227627179000024, 19.391232245000026 ], [ -99.227601228000026, 19.391228722 ], [ -99.227628623999976, 19.391213166999989 ], [ -99.22785855, 19.391091905 ], [ -99.228348485000026, 19.39081395 ], [ -99.228992602, 19.390552053000022 ], [ -99.229508325999973, 19.390345175999983 ], [ -99.229870872999982, 19.390077535999978 ], [ -99.230849402, 19.389340786 ], [ -99.230959588000019, 19.38928274 ], [ -99.231011083999988, 19.389359883 ] ], [ [ -99.226127072999986, 19.391434259 ], [ -99.225983174000021, 19.391341440000019 ], [ -99.225953813999979, 19.391334867000012 ], [ -99.225926996, 19.391367945000013 ], [ -99.225806611, 19.391371398999979 ], [ -99.225813269000014, 19.391509708 ], [ -99.225979923000011, 19.391509027999973 ], [ -99.225981784999988, 19.3914165 ], [ -99.225976786, 19.391398568 ], [ -99.225980753999977, 19.391390538 ], [ -99.226086307, 19.391453663999982 ], [ -99.22609577999998, 19.39146875900002 ], [ -99.226127072999986, 19.391434259 ] ], [ [ -99.226902876999986, 19.391606070000023 ], [ -99.226932592000026, 19.391509257999985 ], [ -99.226933042999974, 19.391475741000022 ], [ -99.226804647999984, 19.391442856000026 ], [ -99.22677179599998, 19.391429206999987 ], [ -99.226737459999981, 19.391421697 ], [ -99.226725561000023, 19.391451452000013 ], [ -99.226722086999985, 19.391457592999984 ], [ -99.226738515000022, 19.391465598000025 ], [ -99.226756444999978, 19.39148021 ], [ -99.226732689000016, 19.391568989 ], [ -99.226902876999986, 19.391606070000023 ] ], [ [ -99.227772675999972, 19.391756045000022 ], [ -99.227781600000014, 19.391733846000022 ], [ -99.22778652300002, 19.391697019 ], [ -99.22779196, 19.391671519999989 ], [ -99.227791439999976, 19.391655469999989 ], [ -99.227791422, 19.391642252 ], [ -99.227789905, 19.391624316 ], [ -99.22778591399998, 19.391616768 ], [ -99.227752093, 19.391622003 ], [ -99.227730205, 19.391622502000018 ], [ -99.227710799000022, 19.391619221999974 ], [ -99.227687913000011, 19.391618306999987 ], [ -99.227670511999975, 19.391625880999982 ], [ -99.227667058, 19.391646185000013 ], [ -99.227664098999981, 19.391664599000023 ], [ -99.227680593, 19.391720282999984 ], [ -99.227682104, 19.391733499 ], [ -99.227684598999986, 19.391738689000022 ], [ -99.227681632999975, 19.391752854 ], [ -99.227678176999973, 19.391771741000014 ], [ -99.22768565299998, 19.391781646000027 ], [ -99.227697106, 19.391789184 ], [ -99.227722985000014, 19.391796705 ], [ -99.22774139400002, 19.391798097999981 ], [ -99.227757297999972, 19.391787693000026 ], [ -99.227772675999972, 19.391756045000022 ] ] ] } },
{ "type": "Feature", "properties": { "subzona": "7.1", "nombre": "Explanada Sur", "area": "0.69 ha", "poblacion": "746", "almacen_carbono": "180.6 toneladas", "captura_carbono": "14.9 toneladas anuales", "reduccion_escorrentia": "134.2 mo anuales", "remocion_contaminantes": "94.8 kg anuales", "produccion_oxigeno": "10.9 toneladas anuales", "valor_servicios_mxn": "$91,638.8 mxn", "_mp": 0, "_mp_n": 1 }, "geometry": { "type": "Polygon", "coordinates": [ [ [ -99.229427335000025, 19.386598387 ], [ -99.229435022000018, 19.386604272999989 ], [ -99.229434738, 19.386641374000021 ], [ -99.22943762, 19.386680153999976 ], [ -99.229444023999974, 19.386720704000027 ], [ -99.22946080600002, 19.38680152400002 ], [ -99.229474971, 19.386870588000022 ], [ -99.229482220000023, 19.386915714 ], [ -99.229488131999972, 19.386986891999982 ], [ -99.229493290999983, 19.387064602 ], [ -99.229494932000023, 19.387139036 ], [ -99.229496692, 19.387199711999983 ], [ -99.229492454000024, 19.387231209999982 ], [ -99.229489307, 19.387276929999985 ], [ -99.229487184, 19.387290139000015 ], [ -99.22948762599998, 19.387326987 ], [ -99.229492659000016, 19.387377499000024 ], [ -99.229501266, 19.387407966000012 ], [ -99.229514191000021, 19.387463824 ], [ -99.229517471, 19.387512582999989 ], [ -99.22951543, 19.387583698000014 ], [ -99.229512280999984, 19.387628402000018 ], [ -99.229495252999982, 19.387700552000013 ], [ -99.229455631, 19.387692475 ], [ -99.229422398999986, 19.387660008000012 ], [ -99.229434110999989, 19.387614278 ], [ -99.22948545700001, 19.387585768 ], [ -99.229489689, 19.387550206000014 ], [ -99.229482158999986, 19.387523801999976 ], [ -99.229482143999974, 19.387513642999977 ], [ -99.229478895999989, 19.387487234 ], [ -99.229459575000021, 19.387450686000022 ], [ -99.229444522999984, 19.387404989 ], [ -99.229428430999974, 19.387380628000017 ], [ -99.229433745, 19.387353191999978 ], [ -99.229418757000019, 19.387353211 ], [ -99.229350251000028, 19.387359393 ], [ -99.229323479000016, 19.387353330999986 ], [ -99.229289214, 19.387348294999981 ], [ -99.229266714, 19.387335117000021 ], [ -99.229248485000028, 19.387313806 ], [ -99.229231337999977, 19.387300621 ], [ -99.22920562500002, 19.387286430000017 ], [ -99.22918741, 19.387275278 ], [ -99.229158504999987, 19.387275315000011 ], [ -99.229126426, 19.387301768999976 ], [ -99.229105011, 19.387298747999978 ], [ -99.229077163999989, 19.38728964 ], [ -99.229051444999982, 19.387271386 ], [ -99.229038590000016, 19.387265307 ], [ -99.228987195, 19.387259276 ], [ -99.228956138, 19.387251188 ], [ -99.22893151300002, 19.387249187 ], [ -99.228899900999977, 19.387227385000017 ], [ -99.228874715000018, 19.387207607 ], [ -99.228828691999979, 19.387214776 ], [ -99.228800865999972, 19.387220905999982 ], [ -99.228760150000028, 19.38719556 ], [ -99.228714124000021, 19.387200698000015 ], [ -99.228646659, 19.387186559999975 ], [ -99.228532052999981, 19.387145052 ], [ -99.228465659, 19.387130913000021 ], [ -99.228438892999975, 19.387128915 ], [ -99.228406781, 19.387132002999977 ], [ -99.228378906999978, 19.387103592000017 ], [ -99.228387413, 19.387061930000016 ], [ -99.228405582999983, 19.387040572999979 ], [ -99.228423756999973, 19.387022264 ], [ -99.228440854999974, 19.387000909 ], [ -99.22840659000002, 19.386994856 ], [ -99.228387301, 19.386981674000026 ], [ -99.228405442999986, 19.386939999 ], [ -99.228447150000022, 19.386908453999979 ], [ -99.228483558, 19.38691552 ], [ -99.228528547, 19.386933748999979 ], [ -99.228646234999985, 19.386882806000017 ], [ -99.228807791, 19.386813522000011 ], [ -99.228862349999986, 19.386786024 ], [ -99.228900311000018, 19.386754990999975 ], [ -99.228912580999975, 19.386725007 ], [ -99.228898429000026, 19.386705081 ], [ -99.228876113000013, 19.386675274000027 ], [ -99.22888143199998, 19.386651393000022 ], [ -99.228908177999983, 19.386639168999977 ], [ -99.228927363000025, 19.386644262 ], [ -99.228956885, 19.386637076 ], [ -99.228972924, 19.386622833 ], [ -99.229007697999975, 19.386609583 ], [ -99.229041822, 19.386609387000021 ], [ -99.229081662, 19.386582947000022 ], [ -99.229090064, 19.386562747000028 ], [ -99.229126971000028, 19.386543906999975 ], [ -99.22916605, 19.386546904999989 ], [ -99.229192206, 19.386531637000019 ], [ -99.229232385999978, 19.3865199 ], [ -99.229273058, 19.386513246 ], [ -99.229301728, 19.386532584 ], [ -99.229333103999977, 19.386518861000013 ], [ -99.229335129, 19.386498945000028 ], [ -99.229332428000021, 19.386481170000025 ], [ -99.229325140000014, 19.386444638 ], [ -99.229333424, 19.386427834000017 ], [ -99.229364869999984, 19.386426673000017 ], [ -99.229392327000028, 19.386444521999977 ], [ -99.229411632, 19.386469895 ], [ -99.229423992000022, 19.386504928000022 ], [ -99.229385493999985, 19.386534438000012 ], [ -99.229367308, 19.386543604 ], [ -99.229360993, 19.386558805 ], [ -99.22936876, 19.386580872000025 ], [ -99.22940179699998, 19.386592312 ], [ -99.229427335000025, 19.386598387 ] ] ] } },
{ "type": "Feature", "properties": { "subzona": "7.2", "nombre": "Lindero Cartuchos Sur", "area": "0.07 ha", "poblacion": "69", "almacen_carbono": "19.4 toneladas", "captura_carbono": "0.8 toneladas anuales", "reduccion_escorrentia": "17.5 mo anuales", "remocion_contaminantes": "12.4 kg anuales", "produccion_oxigeno": "0.6 toneladas anuales", "valor_servicios_mxn": "$10,669.8 mxn", "_mp": 0, "_mp_n": 1 }, "geometry": { "type": "Polygon", "coordinates": [ [ [ -99.231150448999983, 19.386556457999973 ], [ -99.231142998999985, 19.386587453 ], [ -99.230829356000015, 19.386606137 ], [ -99.230724413000019, 19.38658493600002 ], [ -99.230651615, 19.386584520999975 ], [ -99.230539744999987, 19.386585678000017 ], [ -99.230333673000018, 19.386591018999979 ], [ -99.230334202999984, 19.386586954999984 ], [ -99.23003659699998, 19.386590887000011 ], [ -99.229921508000018, 19.386586460999979 ], [ -99.229843362, 19.386589099 ], [ -99.229567175999989, 19.386599607 ], [ -99.229567350000025, 19.386723546999974 ], [ -99.229566018000014, 19.386919109000019 ], [ -99.229561783, 19.386952639000015 ], [ -99.229540369, 19.386950634000016 ], [ -99.229544014999988, 19.386877992999985 ], [ -99.229539034000027, 19.386761679000017 ], [ -99.22954045900002, 19.386632658 ], [ -99.229550037000024, 19.386592010000015 ], [ -99.229563408999979, 19.386584880999976 ], [ -99.229578378999975, 19.386572672 ], [ -99.229635372000018, 19.386560738000014 ], [ -99.229716981000024, 19.386552871999982 ], [ -99.229781213000024, 19.386552247 ], [ -99.229835507000018, 19.386551336000025 ], [ -99.229882568999983, 19.386552764999976 ], [ -99.229935716, 19.38655596000001 ], [ -99.230000109, 19.386558161999972 ], [ -99.230080096, 19.386557306999975 ], [ -99.230175868, 19.386558525 ], [ -99.230261391, 19.386557980000021 ], [ -99.23036842, 19.386558466 ], [ -99.230446187999974, 19.386556155999983 ], [ -99.230592208000019, 19.38655879800001 ], [ -99.230675518, 19.386560611 ], [ -99.230792894, 19.386560976 ], [ -99.230880832000025, 19.386558545000014 ], [ -99.230950791, 19.386555696000016 ], [ -99.231030546, 19.386555086999977 ], [ -99.231088886, 19.386551965000024 ], [ -99.231123138999976, 19.386548366 ], [ -99.231150448999983, 19.386556457999973 ] ] ] } },
{ "type": "Feature", "properties": { "subzona": "7.3", "nombre": "Triangulo Arroyo Tacubaya", "area": "0.09 ha", "poblacion": "101", "almacen_carbono": "34.6 toneladas", "captura_carbono": "1.8 toneladas anuales", "reduccion_escorrentia": "28.5 mo anuales", "remocion_contaminantes": "20 kg anuales", "produccion_oxigeno": "1.3 toneladas anuales", "valor_servicios_mxn": "$18,145.2 mxn", "_mp": 0, "_mp_n": 2 }, "geometry": { "type": "Polygon", "coordinates": [ [ [ -99.229911976999972, 19.386339266999983 ], [ -99.229826472000013, 19.386385067999981 ], [ -99.229741477, 19.386428489000025 ], [ -99.229704242000025, 19.386440476000018 ], [ -99.229662588999986, 19.386449367000012 ], [ -99.229639226000018, 19.386448654999981 ], [ -99.229642074000026, 19.386432038 ], [ -99.229664621999973, 19.386425299 ], [ -99.229699664, 19.386414546000026 ], [ -99.229742459000022, 19.386395698 ], [ -99.229808255000023, 19.386365137999974 ], [ -99.229904008, 19.386322349000011 ], [ -99.229911976999972, 19.386339266999983 ] ] ] } },
{ "type": "Feature", "properties": { "subzona": "7.3", "nombre": "Triangulo Arroyo Tacubaya", "area": "0.09 ha", "poblacion": "101", "almacen_carbono": "34.6 toneladas", "captura_carbono": "1.8 toneladas anuales", "reduccion_escorrentia": "28.5 mo anuales", "remocion_contaminantes": "20 kg anuales", "produccion_oxigeno": "1.3 toneladas anuales", "valor_servicios_mxn": "$18,145.2 mxn", "_mp": 1, "_mp_n": 2 }, "geometry": { "type": "Polygon", "coordinates": [ [ [ -99.229717861999973, 19.386488478999979 ], [ -99.229829554, 19.386450307000018 ], [ -99.22993569800002, 19.386399516999973 ], [ -99.230104711000024, 19.386305333 ], [ -99.230361454, 19.386172433000013 ], [ -99.230375929, 19.386188668999978 ], [ -99.230375418999984, 19.386206448 ], [ -99.230355640000028, 19.386225266999986 ], [ -99.230328895000014, 19.386238 ], [ -99.230295217999981, 19.386270551 ], [ -99.230139538, 19.386329671 ], [ -99.230075895000027, 19.386368355 ], [ -99.230020266999986, 19.386396870999988 ], [ -99.230011208, 19.386425835000011 ], [ -99.230054595000013, 19.386447622 ], [ -99.23006749000001, 19.38648163900001 ], [ -99.230176685, 19.3864815 ], [ -99.23028320100002, 19.386479334 ], [ -99.23035975099998, 19.38648380799998 ], [ -99.230437368000025, 19.386485742 ], [ -99.23049304, 19.386488719 ], [ -99.230551387, 19.386490676999983 ], [ -99.23061241, 19.386491616 ], [ -99.23069002, 19.386488977 ], [ -99.230755851000026, 19.386483306 ], [ -99.230762255, 19.386470092000025 ], [ -99.230850036, 19.38646744 ], [ -99.230839802, 19.386422246 ], [ -99.230859081, 19.386428825 ], [ -99.230887495, 19.386460281999973 ], [ -99.230901443, 19.386482613999988 ], [ -99.230921254, 19.386486651999974 ], [ -99.230942117999973, 19.386478497999974 ], [ -99.230961917, 19.386473901999977 ], [ -99.230984931000023, 19.386472348999973 ], [ -99.231016517, 19.386475863999976 ], [ -99.231053437000014, 19.386466166 ], [ -99.231095770000024, 19.386499129000015 ], [ -99.23112842, 19.386497564000024 ], [ -99.23115091, 19.386503630999982 ], [ -99.23114825, 19.386515825 ], [ -99.230527860999985, 19.386508484999979 ], [ -99.229901041, 19.386496580000028 ], [ -99.229659648999984, 19.386507043999984 ], [ -99.229663334, 19.386502543 ], [ -99.229717861999973, 19.386488478999979 ] ] ] } },
{ "type": "Feature", "properties": { "subzona": "1.1", "nombre": "Cargas y cartuchos", "area": "0.72 ha", "poblacion": "690", "almacen_carbono": "599.9 toneladas", "captura_carbono": "17.5 toneladas anuales", "reduccion_escorrentia": "387.9 mo anuales", "remocion_contaminantes": "269.8 kg anuales", "produccion_oxigeno": "12.7 toneladas anuales", "valor_servicios_mxn": "$290,137.9 mxn", "_mp": 0, "_mp_n": 24 }, "geometry": { "type": "Polygon", "coordinates": [ [ [ -99.237033769999982, 19.388073883 ], [ -99.237053532, 19.388050545 ], [ -99.237054122000018, 19.388049849000026 ], [ -99.237065728, 19.38806066799998 ], [ -99.237044363, 19.38808313200002 ], [ -99.237033769999982, 19.388073883 ] ] ] } },
{ "type": "Feature", "properties": { "subzona": "1.1", "nombre": "Cargas y cartuchos", "area": "0.72 ha", "poblacion": "690", "almacen_carbono": "599.9 toneladas", "captura_carbono": "17.5 toneladas anuales", "reduccion_escorrentia": "387.9 mo anuales", "remocion_contaminantes": "269.8 kg anuales", "produccion_oxigeno": "12.7 toneladas anuales", "valor_servicios_mxn": "$290,137.9 mxn", "_mp": 1, "_mp_n": 24 }, "geometry": { "type": "Polygon", "coordinates": [ [ [ -99.236418058000027, 19.389069129 ], [ -99.23631136900002, 19.389013639999973 ], [ -99.236349645000018, 19.388941992000014 ], [ -99.236358533999976, 19.388927174 ], [ -99.236376725000014, 19.388900047 ], [ -99.236446176000015, 19.388776850999989 ], [ -99.236560801, 19.388831126000014 ], [ -99.236710378, 19.388594608 ], [ -99.236738334, 19.388609391999978 ], [ -99.236549062999984, 19.388914049 ], [ -99.236530841, 19.388896494999983 ], [ -99.236418058000027, 19.389069129 ] ] ] } },
{ "type": "Feature", "properties": { "subzona": "1.1", "nombre": "Cargas y cartuchos", "area": "0.72 ha", "poblacion": "690", "almacen_carbono": "599.9 toneladas", "captura_carbono": "17.5 toneladas anuales", "reduccion_escorrentia": "387.9 mo anuales", "remocion_contaminantes": "269.8 kg anuales", "produccion_oxigeno": "12.7 toneladas anuales", "valor_servicios_mxn": "$290,137.9 mxn", "_mp": 2, "_mp_n": 24 }, "geometry": { "type": "Polygon", "coordinates": [ [ [ -99.236251298000013, 19.389110118000019 ], [ -99.23635285, 19.389169639999977 ], [ -99.236295741, 19.389257422000014 ], [ -99.236189002, 19.389210169000023 ], [ -99.236251298000013, 19.389110118000019 ] ] ] } },
{ "type": "Feature", "properties": { "subzona": "1.1", "nombre": "Cargas y cartuchos", "area": "0.72 ha", "poblacion": "690", "almacen_carbono": "599.9 toneladas", "captura_carbono": "17.5 toneladas anuales", "reduccion_escorrentia": "387.9 mo anuales", "remocion_contaminantes": "269.8 kg anuales", "produccion_oxigeno": "12.7 toneladas anuales", "valor_servicios_mxn": "$290,137.9 mxn", "_mp": 3, "_mp_n": 24 }, "geometry": { "type": "Polygon", "coordinates": [ [ [ -99.236869649000027, 19.388375333 ], [ -99.236895694, 19.388386842999978 ], [ -99.236835682, 19.38847956799998 ], [ -99.236812799, 19.388466724000011 ], [ -99.236869649000027, 19.388375333 ] ] ] } },
{ "type": "Feature", "properties": { "subzona": "1.1", "nombre": "Cargas y cartuchos", "area": "0.72 ha", "poblacion": "690", "almacen_carbono": "599.9 toneladas", "captura_carbono": "17.5 toneladas anuales", "reduccion_escorrentia": "387.9 mo anuales", "remocion_contaminantes": "269.8 kg anuales", "produccion_oxigeno": "12.7 toneladas anuales", "valor_servicios_mxn": "$290,137.9 mxn", "_mp": 4, "_mp_n": 24 }, "geometry": { "type": "Polygon", "coordinates": [ [ [ -99.236300831999984, 19.388917262 ], [ -99.236237045999985, 19.389010371999973 ], [ -99.236196888999984, 19.389082587000019 ], [ -99.236126199000012, 19.389197586000023 ], [ -99.236003498, 19.389396988999977 ], [ -99.235933607, 19.389362154000025 ], [ -99.235778847, 19.389597550000019 ], [ -99.235759568999981, 19.389582835999988 ], [ -99.235684154000012, 19.389719091000018 ], [ -99.235701695999978, 19.389743582 ], [ -99.235647717, 19.389788694 ], [ -99.23563385, 19.389774849 ], [ -99.235613420999982, 19.389778486000012 ], [ -99.235590826000021, 19.389801998 ], [ -99.235570729000017, 19.389840983999989 ], [ -99.235568375000014, 19.389866539000025 ], [ -99.235578418999978, 19.389868787000012 ], [ -99.235571058, 19.389922773000023 ], [ -99.235610554, 19.389925295000012 ], [ -99.235617968999975, 19.389884019000021 ], [ -99.235627863, 19.389887827 ], [ -99.235617100000013, 19.389942903000019 ], [ -99.235614699999985, 19.389949456000011 ], [ -99.235588195999981, 19.389979918999984 ], [ -99.235550610000018, 19.390025175 ], [ -99.235435457, 19.390129597999987 ], [ -99.235325830000022, 19.390238285 ], [ -99.23528812, 19.390206756 ], [ -99.235181206, 19.390332261000026 ], [ -99.235037961999979, 19.390474786000027 ], [ -99.235095323, 19.390516193 ], [ -99.235012496000024, 19.390614851 ], [ -99.23491703000002, 19.390734672 ], [ -99.234820516000013, 19.39082233900001 ], [ -99.234779732999982, 19.390793066000015 ], [ -99.234747133999974, 19.390770375999978 ], [ -99.234772693000025, 19.390740591 ], [ -99.234830225999985, 19.390775645000019 ], [ -99.234898322999982, 19.390704651000021 ], [ -99.234917359, 19.390683549000016 ], [ -99.234936807, 19.390670302999979 ], [ -99.234956943999975, 19.390644768000016 ], [ -99.235029409, 19.390545019 ], [ -99.235018266, 19.390534279 ], [ -99.235026391000019, 19.39052129800001 ], [ -99.235021189, 19.390496725999981 ], [ -99.235018201, 19.390475507000019 ], [ -99.235072662999983, 19.390418169999975 ], [ -99.235057843999982, 19.39041149000002 ], [ -99.23503503500001, 19.390373572999977 ], [ -99.235038238000016, 19.390343372000018 ], [ -99.235028974999977, 19.390294751 ], [ -99.234981545999972, 19.390278540999986 ], [ -99.234967473999973, 19.390268311 ], [ -99.234979590000023, 19.390254324000011 ], [ -99.235002942999984, 19.390254604 ], [ -99.235046422999972, 19.390261870000018 ], [ -99.235064528, 19.390276756 ], [ -99.235117597, 19.390254223 ], [ -99.235160936, 19.390241925 ], [ -99.235175922999986, 19.390249047 ], [ -99.235176788, 19.390265517999978 ], [ -99.235184539999977, 19.39031380199998 ], [ -99.235267927, 19.390214617000026 ], [ -99.235265588, 19.390193903000011 ], [ -99.235290140000018, 19.390148335999982 ], [ -99.235302526, 19.390145749 ], [ -99.23532198700002, 19.390153371999986 ], [ -99.235341952, 19.390145055 ], [ -99.235334223999985, 19.390125645000012 ], [ -99.235342532, 19.39010708 ], [ -99.235356051999986, 19.390102443999979 ], [ -99.235371295, 19.390103868999972 ], [ -99.23539486300001, 19.390087472 ], [ -99.235403901999973, 19.390072111 ], [ -99.235393588000022, 19.39005690800002 ], [ -99.235390026, 19.390045901 ], [ -99.235391457999981, 19.390036254 ], [ -99.235401536999973, 19.390038163999975 ], [ -99.235411483, 19.390043088000027 ], [ -99.235427871000013, 19.390048681 ], [ -99.235448722, 19.390043231999982 ], [ -99.235455700999978, 19.390026388000024 ], [ -99.23547262, 19.390014520000022 ], [ -99.235482654, 19.389998677999984 ], [ -99.235478834, 19.389986062999981 ], [ -99.235466952000024, 19.389975662999973 ], [ -99.235476182000014, 19.389960971 ], [ -99.235489460999986, 19.389966298 ], [ -99.23550979800001, 19.389968785 ], [ -99.23553522200001, 19.38996862 ], [ -99.235561760999985, 19.389959035 ], [ -99.235585929000024, 19.38995945 ], [ -99.23560777900002, 19.389942635000011 ], [ -99.235563997999975, 19.389927247 ], [ -99.235569747, 19.389872970999988 ], [ -99.235525279, 19.389871087000017 ], [ -99.235531368000011, 19.389847643999985 ], [ -99.235560222, 19.389838629999986 ], [ -99.235569492000025, 19.389819844999977 ], [ -99.235568145, 19.389790501999983 ], [ -99.235580834000018, 19.38978175699998 ], [ -99.235590494, 19.38976438200001 ], [ -99.23558880500002, 19.389741738999987 ], [ -99.235599158000014, 19.389738990000012 ], [ -99.235613533, 19.389730599000018 ], [ -99.235635499000011, 19.389727204999986 ], [ -99.235660001999975, 19.389726462999988 ], [ -99.235663873000021, 19.389697577999982 ], [ -99.23565649, 19.389670008 ], [ -99.235692056, 19.389629970999977 ], [ -99.235749839999983, 19.389529773999982 ], [ -99.235843309000018, 19.389345827999989 ], [ -99.235846488, 19.389316561999976 ], [ -99.23584282500002, 19.38929453999998 ], [ -99.23588973, 19.389299842000014 ], [ -99.23591646, 19.389329154 ], [ -99.235955089000015, 19.389332318000015 ], [ -99.235987675, 19.389312285000017 ], [ -99.235969969999985, 19.38928597 ], [ -99.235955226999977, 19.389267414000017 ], [ -99.236007502, 19.389258735999988 ], [ -99.23606213, 19.389256907 ], [ -99.236078872, 19.389239047 ], [ -99.236122534, 19.389181432999976 ], [ -99.236052218999987, 19.389128227000015 ], [ -99.236054191999983, 19.389084732000015 ], [ -99.236136181, 19.388950100999978 ], [ -99.236197931, 19.388939275999974 ], [ -99.236256594999986, 19.388907026000027 ], [ -99.236303502, 19.388898596 ], [ -99.236488119, 19.388565477999975 ], [ -99.236502651000023, 19.388537123999981 ], [ -99.236505416, 19.388507618 ], [ -99.236494387, 19.388482466000028 ], [ -99.236498756, 19.388457277999976 ], [ -99.236506716, 19.388436171000023 ], [ -99.236495092999974, 19.388418842000021 ], [ -99.236488011, 19.388398111000015 ], [ -99.23647680800002, 19.388378713 ], [ -99.236480006000022, 19.388363624000021 ], [ -99.236502793999989, 19.388367247000019 ], [ -99.236525353, 19.388350076999984 ], [ -99.23659440900002, 19.388387151000018 ], [ -99.236562046000017, 19.388447260000021 ], [ -99.236520305999989, 19.388542498 ], [ -99.236441438999975, 19.388676826999983 ], [ -99.236386115000016, 19.388771940000026 ], [ -99.236300831999984, 19.388917262 ] ] ] } },
{ "type": "Feature", "properties": { "subzona": "1.1", "nombre": "Cargas y cartuchos", "area": "0.72 ha", "poblacion": "690", "almacen_carbono": "599.9 toneladas", "captura_carbono": "17.5 toneladas anuales", "reduccion_escorrentia": "387.9 mo anuales", "remocion_contaminantes": "269.8 kg anuales", "produccion_oxigeno": "12.7 toneladas anuales", "valor_servicios_mxn": "$290,137.9 mxn", "_mp": 5, "_mp_n": 24 }, "geometry": { "type": "Polygon", "coordinates": [ [ [ -99.236917688, 19.388318678000019 ], [ -99.236893628000018, 19.388305093999975 ], [ -99.236950842999988, 19.388222793000011 ], [ -99.236973402999979, 19.388234189 ], [ -99.236917688, 19.388318678000019 ] ] ] } },
{ "type": "Feature", "properties": { "subzona": "1.1", "nombre": "Cargas y cartuchos", "area": "0.72 ha", "poblacion": "690", "almacen_carbono": "599.9 toneladas", "captura_carbono": "17.5 toneladas anuales", "reduccion_escorrentia": "387.9 mo anuales", "remocion_contaminantes": "269.8 kg anuales", "produccion_oxigeno": "12.7 toneladas anuales", "valor_servicios_mxn": "$290,137.9 mxn", "_mp": 6, "_mp_n": 24 }, "geometry": { "type": "Polygon", "coordinates": [ [ [ -99.236803149000025, 19.388066155 ], [ -99.236786796, 19.388052755999979 ], [ -99.236762877999979, 19.388039745000015 ], [ -99.236927535, 19.387823276 ], [ -99.236960419000013, 19.387845568999978 ], [ -99.23686001599998, 19.387988098999983 ], [ -99.236803149000025, 19.388066155 ] ] ] } },
{ "type": "Feature", "properties": { "subzona": "1.1", "nombre": "Cargas y cartuchos", "area": "0.72 ha", "poblacion": "690", "almacen_carbono": "599.9 toneladas", "captura_carbono": "17.5 toneladas anuales", "reduccion_escorrentia": "387.9 mo anuales", "remocion_contaminantes": "269.8 kg anuales", "produccion_oxigeno": "12.7 toneladas anuales", "valor_servicios_mxn": "$290,137.9 mxn", "_mp": 7, "_mp_n": 24 }, "geometry": { "type": "Polygon", "coordinates": [ [ [ -99.23602801200002, 19.389614993 ], [ -99.236050847, 19.389582727 ], [ -99.236068464000027, 19.389561266999976 ], [ -99.236003444, 19.389509294999982 ], [ -99.236020269, 19.389486394000016 ], [ -99.236100206, 19.389553821999982 ], [ -99.235990016000017, 19.389705611000011 ], [ -99.235972651, 19.389692052999976 ], [ -99.23602801200002, 19.389614993 ] ] ] } },
{ "type": "Feature", "properties": { "subzona": "1.1", "nombre": "Cargas y cartuchos", "area": "0.72 ha", "poblacion": "690", "almacen_carbono": "599.9 toneladas", "captura_carbono": "17.5 toneladas anuales", "reduccion_escorrentia": "387.9 mo anuales", "remocion_contaminantes": "269.8 kg anuales", "produccion_oxigeno": "12.7 toneladas anuales", "valor_servicios_mxn": "$290,137.9 mxn", "_mp": 8, "_mp_n": 24 }, "geometry": { "type": "Polygon", "coordinates": [ [ [ -99.235892580999973, 19.389660862000028 ], [ -99.235926807999988, 19.389681065 ], [ -99.235857024999973, 19.389773756000011 ], [ -99.235844788, 19.389761764000013 ], [ -99.235850883000012, 19.389732781000021 ], [ -99.235892580999973, 19.389660862000028 ] ] ] } },
{ "type": "Feature", "properties": { "subzona": "1.1", "nombre": "Cargas y cartuchos", "area": "0.72 ha", "poblacion": "690", "almacen_carbono": "599.9 toneladas", "captura_carbono": "17.5 toneladas anuales", "reduccion_escorrentia": "387.9 mo anuales", "remocion_contaminantes": "269.8 kg anuales", "produccion_oxigeno": "12.7 toneladas anuales", "valor_servicios_mxn": "$290,137.9 mxn", "_mp": 9, "_mp_n": 24 }, "geometry": { "type": "Polygon", "coordinates": [ [ [ -99.235780363, 19.389858737 ], [ -99.235809137, 19.38982768 ], [ -99.235843120000027, 19.389853843000026 ], [ -99.235861751000016, 19.389835463999987 ], [ -99.235903796, 19.389861468 ], [ -99.235925235000025, 19.389836871999989 ], [ -99.235949892, 19.389853071 ], [ -99.235920073999978, 19.38989146199998 ], [ -99.235937745, 19.389906026 ], [ -99.235864459000027, 19.390016396000021 ], [ -99.23577091300001, 19.390037714000016 ], [ -99.235720959, 19.390075024 ], [ -99.23570837699998, 19.39007969 ], [ -99.235689083000011, 19.390086659000019 ], [ -99.235669744, 19.390093831 ], [ -99.23564535600002, 19.390098513 ], [ -99.235589376, 19.390062751000016 ], [ -99.235632592, 19.390015392 ], [ -99.235709183999973, 19.390073933999986 ], [ -99.235847577000015, 19.389913617 ], [ -99.235780363, 19.389858737 ] ] ] } },
{ "type": "Feature", "properties": { "subzona": "1.1", "nombre": "Cargas y cartuchos", "area": "0.72 ha", "poblacion": "690", "almacen_carbono": "599.9 toneladas", "captura_carbono": "17.5 toneladas anuales", "reduccion_escorrentia": "387.9 mo anuales", "remocion_contaminantes": "269.8 kg anuales", "produccion_oxigeno": "12.7 toneladas anuales", "valor_servicios_mxn": "$290,137.9 mxn", "_mp": 10, "_mp_n": 24 }, "geometry": { "type": "Polygon", "coordinates": [ [ [ -99.234129065, 19.391353832 ], [ -99.234032739999975, 19.391397046 ], [ -99.233848288, 19.391485687 ], [ -99.233755530999986, 19.391537298 ], [ -99.233679718000019, 19.391598994999981 ], [ -99.233612307999977, 19.39166622800002 ], [ -99.233517477000021, 19.391738152000016 ], [ -99.233361538999986, 19.391839877999985 ], [ -99.233295310000017, 19.391878827000028 ], [ -99.233282648999989, 19.391886222999972 ], [ -99.233051558999989, 19.392020945000013 ], [ -99.232864741000014, 19.392157999 ], [ -99.232820188, 19.392191700000012 ], [ -99.23262415, 19.392333709000013 ], [ -99.232581647000018, 19.392361003000019 ], [ -99.232558003, 19.392375948 ], [ -99.232532161, 19.392392282 ], [ -99.232432363999976, 19.392449576 ], [ -99.232340836999981, 19.392510252000022 ], [ -99.232215768, 19.392574855000021 ], [ -99.231921004000014, 19.39274534499998 ], [ -99.231905531999985, 19.392753244 ], [ -99.231888883000011, 19.392756204000023 ], [ -99.231615601999977, 19.392899609999972 ], [ -99.231528133999973, 19.392935293 ], [ -99.231486725000025, 19.392954413999973 ], [ -99.23146760100002, 19.39296472 ], [ -99.231434596999975, 19.392920329999981 ], [ -99.231429205999973, 19.392900381 ], [ -99.231442464, 19.392882443000019 ], [ -99.231461476, 19.39287106 ], [ -99.231475249000027, 19.392829037000013 ], [ -99.231516887999987, 19.392818077000015 ], [ -99.231550229999982, 19.392824675999975 ], [ -99.231581876, 19.392821679 ], [ -99.231597094, 19.392818066000018 ], [ -99.231608255000026, 19.392806609 ], [ -99.231606598999974, 19.392789359 ], [ -99.231614778999983, 19.392784049 ], [ -99.231624464, 19.392797793999989 ], [ -99.231624853000028, 19.392817928999989 ], [ -99.231637330000012, 19.392835446999982 ], [ -99.231664673000012, 19.392835392 ], [ -99.231701975000021, 19.392809006 ], [ -99.231729237000025, 19.392779449999978 ], [ -99.231735527000012, 19.392750544000023 ], [ -99.231735044, 19.392727080999975 ], [ -99.231719327, 19.392708844000026 ], [ -99.231725516999973, 19.3926957 ], [ -99.23174984100001, 19.392686965999985 ], [ -99.231767793000017, 19.39268052 ], [ -99.231811595000011, 19.392680703999986 ], [ -99.231859978999978, 19.392657250000013 ], [ -99.23188333600001, 19.392658704999974 ], [ -99.231895794000025, 19.392652539999972 ], [ -99.231902397, 19.392635781000024 ], [ -99.231915762000028, 19.392627501 ], [ -99.231929671999978, 19.392606883999974 ], [ -99.231897425999989, 19.39258981 ], [ -99.231900107, 19.392580527 ], [ -99.231913136, 19.392579399999988 ], [ -99.231927625000026, 19.392585699 ], [ -99.231946285, 19.392583097 ], [ -99.231965695999975, 19.392578178 ], [ -99.231972179000024, 19.392544117 ], [ -99.231982024, 19.392527954 ], [ -99.231991755000024, 19.392522327 ], [ -99.231996185000014, 19.392526268999973 ], [ -99.232000997, 19.392535635 ], [ -99.231989672999987, 19.392548332999979 ], [ -99.231992484999978, 19.39255985 ], [ -99.232010329, 19.392560273000015 ], [ -99.232020665999983, 19.392569321 ], [ -99.232018192, 19.392585974999974 ], [ -99.232009874000028, 19.392598643999975 ], [ -99.232014605000018, 19.392617278999978 ], [ -99.232055520000017, 19.392631458999972 ], [ -99.232077678, 19.392616770000018 ], [ -99.232107037999981, 19.39259834 ], [ -99.232126666999989, 19.392580737 ], [ -99.232148105000022, 19.392578945000025 ], [ -99.232160216000011, 19.392556477000028 ], [ -99.232139715000017, 19.392548447000024 ], [ -99.23212192699998, 19.392543504 ], [ -99.232101794000016, 19.392553111999973 ], [ -99.232088157000021, 19.392539602 ], [ -99.23208024500002, 19.392531763000022 ], [ -99.232091503999982, 19.392510968000011 ], [ -99.232116126999983, 19.39251192 ], [ -99.232134520999978, 19.392515444000026 ], [ -99.232148704999986, 19.392502423999986 ], [ -99.232167528, 19.392491611000025 ], [ -99.232178626, 19.392500891 ], [ -99.232165668, 19.392512097 ], [ -99.232156223, 19.392520798000021 ], [ -99.232166978, 19.392530608000015 ], [ -99.232181819, 19.392546330000016 ], [ -99.232206668, 19.392548256999987 ], [ -99.232239699, 19.392520849 ], [ -99.232268560000023, 19.392503089 ], [ -99.232294135000018, 19.392493972000011 ], [ -99.232296605999977, 19.392479359 ], [ -99.232313606, 19.392468404999988 ], [ -99.232331757, 19.392466004000028 ], [ -99.232351653000023, 19.392464924000024 ], [ -99.232376158000022, 19.392453949000014 ], [ -99.232396248999976, 19.392435580999972 ], [ -99.232407826999975, 19.392430119999972 ], [ -99.232432819, 19.392412343999979 ], [ -99.232428647, 19.392396313 ], [ -99.232451339000022, 19.392378684 ], [ -99.232472391999977, 19.392362177999985 ], [ -99.232485677999989, 19.39238041599998 ], [ -99.23251112600002, 19.39237860999998 ], [ -99.23253143, 19.392361215999983 ], [ -99.232562277999989, 19.392343605 ], [ -99.232598161999988, 19.392309178 ], [ -99.23261902500002, 19.392291039999975 ], [ -99.232647591999978, 19.392276601 ], [ -99.232656965999979, 19.392253348 ], [ -99.232682214000022, 19.392250443000023 ], [ -99.23270220500001, 19.39224243000001 ], [ -99.232728222, 19.392226674000028 ], [ -99.232753163999973, 19.392201179999972 ], [ -99.232737827, 19.392189786000017 ], [ -99.232707622000021, 19.392196714000022 ], [ -99.232696780000026, 19.392183972 ], [ -99.232719829000018, 19.39216817800002 ], [ -99.23274281800002, 19.392165573999989 ], [ -99.232750469, 19.392172056999982 ], [ -99.232762308000019, 19.392173309999976 ], [ -99.232780572000024, 19.392163980000021 ], [ -99.232792459999985, 19.392141622 ], [ -99.232806099000015, 19.39211925799998 ], [ -99.232800877999978, 19.392101595999975 ], [ -99.232790985, 19.392092135999974 ], [ -99.232780608999974, 19.392077471 ], [ -99.232771504000027, 19.392058073999976 ], [ -99.232766224999978, 19.392037793999975 ], [ -99.232754843, 19.392023187 ], [ -99.232763262, 19.392018736000011 ], [ -99.232779506999975, 19.392010948 ], [ -99.232787359999975, 19.392025849 ], [ -99.23280328200002, 19.392030536 ], [ -99.232810945999972, 19.392055831999983 ], [ -99.232843428000024, 19.392065471000024 ], [ -99.232853052999985, 19.392045788000019 ], [ -99.232862927999975, 19.392013406999979 ], [ -99.232844487000023, 19.39200114 ], [ -99.232861929000023, 19.391988493999975 ], [ -99.232878917, 19.391974302999984 ], [ -99.232855495000024, 19.391957198999989 ], [ -99.232873386999984, 19.391943536999975 ], [ -99.232887144000017, 19.39193657200002 ], [ -99.232911037, 19.391929092999987 ], [ -99.232965112999977, 19.391940266 ], [ -99.232994475, 19.391970647 ], [ -99.233020429000021, 19.391979193999987 ], [ -99.233035329000018, 19.391966373 ], [ -99.233059148999985, 19.391966363 ], [ -99.233073634, 19.391977032999989 ], [ -99.233106253000017, 19.391951178999989 ], [ -99.233128514999976, 19.39192566600002 ], [ -99.233103884, 19.391912564 ], [ -99.233099682999978, 19.391894311999977 ], [ -99.233112265999978, 19.39189402300002 ], [ -99.233125, 19.391899509999973 ], [ -99.23314261500002, 19.391908206999972 ], [ -99.233173853999972, 19.391908805000014 ], [ -99.233211897, 19.391899421 ], [ -99.233465063999972, 19.391745523 ], [ -99.233459815, 19.391731498000013 ], [ -99.233441164, 19.391727710999987 ], [ -99.233429288000025, 19.391702721 ], [ -99.233445401999973, 19.391695676999973 ], [ -99.233466498999974, 19.391697545 ], [ -99.233489591000023, 19.391705242 ], [ -99.233497199999988, 19.391704521 ], [ -99.233508476, 19.391706291999981 ], [ -99.233532861000015, 19.391686408 ], [ -99.233524019000015, 19.391661888999977 ], [ -99.233507358999987, 19.391645348999987 ], [ -99.233483498999988, 19.391630817000021 ], [ -99.233470404, 19.391611313 ], [ -99.233415589, 19.391580805999979 ], [ -99.233413843, 19.391569334 ], [ -99.233412523000027, 19.391560661000028 ], [ -99.233430732999977, 19.391559928 ], [ -99.233453958999974, 19.391568724000024 ], [ -99.233493711999984, 19.391574666999986 ], [ -99.233524688999978, 19.391582858999982 ], [ -99.233551751999983, 19.391569908 ], [ -99.233566103999976, 19.39155917 ], [ -99.23358740499998, 19.391559632999986 ], [ -99.233611338, 19.39156569 ], [ -99.233634247, 19.391558321 ], [ -99.233655668999972, 19.391545441 ], [ -99.233672564000017, 19.391539013 ], [ -99.233674183, 19.391523301 ], [ -99.233694598, 19.391524676000017 ], [ -99.233719737, 19.391530479999972 ], [ -99.233740451000017, 19.391529661999982 ], [ -99.233759104, 19.391511318000028 ], [ -99.233743907000019, 19.391490604000012 ], [ -99.233753719999982, 19.391472532000023 ], [ -99.233818009, 19.391456098 ], [ -99.233873647, 19.391453779000017 ], [ -99.233921244999976, 19.391420928 ], [ -99.233919316000026, 19.391404362 ], [ -99.233933826999987, 19.391390736 ], [ -99.233940104, 19.391374040000017 ], [ -99.233952068, 19.391354379 ], [ -99.233942277999972, 19.391342855 ], [ -99.233936482999979, 19.391319239999973 ], [ -99.233916583999985, 19.391301069 ], [ -99.233880498000019, 19.391299531000016 ], [ -99.233855389999974, 19.391283124999973 ], [ -99.233844302000023, 19.391254525000022 ], [ -99.233849532000022, 19.391234935999989 ], [ -99.233876031000023, 19.391231119999986 ], [ -99.233906788000013, 19.391187521 ], [ -99.233917561999988, 19.39118162 ], [ -99.233945921999975, 19.391190472 ], [ -99.233971922000023, 19.391212532999987 ], [ -99.233989367, 19.391229819999978 ], [ -99.234009231000016, 19.391252327000018 ], [ -99.234018830000025, 19.391239822999978 ], [ -99.234022437000021, 19.391222745999983 ], [ -99.234037565, 19.391218912999989 ], [ -99.234054892000017, 19.391226319 ], [ -99.234060598999974, 19.391239368000015 ], [ -99.234065219, 19.391260022999973 ], [ -99.234078398, 19.391268004999972 ], [ -99.234109430999979, 19.391265523000015 ], [ -99.234147066999981, 19.391277688 ], [ -99.234174827, 19.391278856999975 ], [ -99.234202241, 19.391280966000011 ], [ -99.234212406999973, 19.391264383000021 ], [ -99.234223819000022, 19.391250610999975 ], [ -99.234210447, 19.391238475000023 ], [ -99.234214668999982, 19.391221541999982 ], [ -99.234232669999983, 19.391214153000021 ], [ -99.234278030999974, 19.391207985 ], [ -99.234301838000022, 19.391211699999985 ], [ -99.234328472000016, 19.391204109 ], [ -99.23433918500001, 19.391208907000021 ], [ -99.234345565000012, 19.391216703999987 ], [ -99.234352509000018, 19.391225851 ], [ -99.234373683, 19.391229507 ], [ -99.234389170999975, 19.391254279 ], [ -99.234458695, 19.391229991999978 ], [ -99.234434943999986, 19.391189527999984 ], [ -99.234446763999983, 19.391182642 ], [ -99.234464533, 19.391188200999977 ], [ -99.234477129000027, 19.391194816999985 ], [ -99.234503657, 19.391189446999988 ], [ -99.234520628999974, 19.391179389 ], [ -99.234534247, 19.391174831 ], [ -99.234544233, 19.391183408000018 ], [ -99.234554, 19.391203338000025 ], [ -99.234602805, 19.391172063999988 ], [ -99.234599383999978, 19.391153372000019 ], [ -99.234612778999974, 19.391138770999987 ], [ -99.234637438999982, 19.391145912000013 ], [ -99.234654193999972, 19.391131814 ], [ -99.234673444, 19.391110509999976 ], [ -99.234687254, 19.391081607999979 ], [ -99.234689152999977, 19.391028721 ], [ -99.234688165000023, 19.390989865999984 ], [ -99.234637899, 19.390983936999987 ], [ -99.234619096000017, 19.390985431 ], [ -99.234604622, 19.390972095 ], [ -99.23461011500001, 19.390946094000014 ], [ -99.23460928999998, 19.390920119999976 ], [ -99.234602601, 19.390897422000023 ], [ -99.234618463, 19.390887941000017 ], [ -99.23465044, 19.390875892999986 ], [ -99.234657936000019, 19.390871114 ], [ -99.234688592999987, 19.390870969 ], [ -99.234702874999982, 19.390884697999979 ], [ -99.234716467, 19.390898857000025 ], [ -99.234716263999985, 19.390914532000011 ], [ -99.234710034999978, 19.390940173999979 ], [ -99.234702077, 19.390960607000011 ], [ -99.234697915000027, 19.390991649 ], [ -99.23469477499998, 19.391021883 ], [ -99.234694675000014, 19.391087341 ], [ -99.234678980000012, 19.391110543000025 ], [ -99.234663382, 19.391132246999973 ], [ -99.23463689099998, 19.391155116 ], [ -99.234607519, 19.391175725999972 ], [ -99.23456029099998, 19.391205174 ], [ -99.234517037999979, 19.391219252999974 ], [ -99.234495224, 19.391226354000025 ], [ -99.234393015000023, 19.391260145999979 ], [ -99.234215127000027, 19.391314774000023 ], [ -99.234129065, 19.391353832 ] ] ] } },
{ "type": "Feature", "properties": { "subzona": "1.1", "nombre": "Cargas y cartuchos", "area": "0.72 ha", "poblacion": "690", "almacen_carbono": "599.9 toneladas", "captura_carbono": "17.5 toneladas anuales", "reduccion_escorrentia": "387.9 mo anuales", "remocion_contaminantes": "269.8 kg anuales", "produccion_oxigeno": "12.7 toneladas anuales", "valor_servicios_mxn": "$290,137.9 mxn", "_mp": 11, "_mp_n": 24 }, "geometry": { "type": "Polygon", "coordinates": [ [ [ -99.233747987000015, 19.391626369 ], [ -99.233814242, 19.391586497 ], [ -99.233892122999976, 19.391532301999973 ], [ -99.234058843000014, 19.391445851000014 ], [ -99.234202203, 19.391381141000011 ], [ -99.234250509, 19.39135905400002 ], [ -99.234256309999978, 19.391374596 ], [ -99.234121921, 19.391430909 ], [ -99.234065328999975, 19.391450959 ], [ -99.234090402999982, 19.39148652199998 ], [ -99.233753815, 19.391694433 ], [ -99.233715417999974, 19.391653594 ], [ -99.233747987000015, 19.391626369 ] ] ] } },
{ "type": "Feature", "properties": { "subzona": "1.1", "nombre": "Cargas y cartuchos", "area": "0.72 ha", "poblacion": "690", "almacen_carbono": "599.9 toneladas", "captura_carbono": "17.5 toneladas anuales", "reduccion_escorrentia": "387.9 mo anuales", "remocion_contaminantes": "269.8 kg anuales", "produccion_oxigeno": "12.7 toneladas anuales", "valor_servicios_mxn": "$290,137.9 mxn", "_mp": 12, "_mp_n": 24 }, "geometry": { "type": "Polygon", "coordinates": [ [ [ -99.234783134, 19.391100285999983 ], [ -99.234762530000012, 19.391111582 ], [ -99.234748431000014, 19.391097082999977 ], [ -99.234748223999986, 19.391077729000017 ], [ -99.234750389, 19.391043821999972 ], [ -99.234753061999982, 19.391000573999975 ], [ -99.234764649, 19.390958592 ], [ -99.234814135000022, 19.390904950999982 ], [ -99.234835366000027, 19.390885481 ], [ -99.234855195000023, 19.390869899999984 ], [ -99.234892270999978, 19.390840659 ], [ -99.234916398999985, 19.390818114000012 ], [ -99.234943606, 19.390830606 ], [ -99.234960308999973, 19.390833265000026 ], [ -99.23498552, 19.390837278 ], [ -99.235020699000017, 19.39082563 ], [ -99.235057096, 19.390844417999972 ], [ -99.23506864, 19.39083380400001 ], [ -99.235098632000017, 19.390850623 ], [ -99.235139984, 19.390866717999984 ], [ -99.235130137999988, 19.390886132 ], [ -99.235102918999985, 19.390889861 ], [ -99.235057158000018, 19.390866039 ], [ -99.235017761999984, 19.390846583999974 ], [ -99.235003106000022, 19.390863286000013 ], [ -99.234999440000024, 19.390892565 ], [ -99.234979684999985, 19.390904592000027 ], [ -99.234946267999987, 19.390898207000021 ], [ -99.234914377999985, 19.390888143999973 ], [ -99.234880788999988, 19.390889695999988 ], [ -99.23485244, 19.390891194 ], [ -99.234824951, 19.390909991 ], [ -99.234792621999986, 19.390940162999982 ], [ -99.23477111, 19.390962828999989 ], [ -99.234766687999979, 19.390985619 ], [ -99.234760164000022, 19.391014311999982 ], [ -99.23476029, 19.391050066999981 ], [ -99.234787692, 19.391075949000026 ], [ -99.234792545, 19.391089927999985 ], [ -99.234783134, 19.391100285999983 ] ] ] } },
{ "type": "Feature", "properties": { "subzona": "1.1", "nombre": "Cargas y cartuchos", "area": "0.72 ha", "poblacion": "690", "almacen_carbono": "599.9 toneladas", "captura_carbono": "17.5 toneladas anuales", "reduccion_escorrentia": "387.9 mo anuales", "remocion_contaminantes": "269.8 kg anuales", "produccion_oxigeno": "12.7 toneladas anuales", "valor_servicios_mxn": "$290,137.9 mxn", "_mp": 13, "_mp_n": 24 }, "geometry": { "type": "Polygon", "coordinates": [ [ [ -99.233384371, 19.391922309999984 ], [ -99.233394577000013, 19.391935881999984 ], [ -99.23330094, 19.391987669 ], [ -99.233293507999974, 19.391977811 ], [ -99.233384371, 19.391922309999984 ] ] ] } },
{ "type": "Feature", "properties": { "subzona": "1.1", "nombre": "Cargas y cartuchos", "area": "0.72 ha", "poblacion": "690", "almacen_carbono": "599.9 toneladas", "captura_carbono": "17.5 toneladas anuales", "reduccion_escorrentia": "387.9 mo anuales", "remocion_contaminantes": "269.8 kg anuales", "produccion_oxigeno": "12.7 toneladas anuales", "valor_servicios_mxn": "$290,137.9 mxn", "_mp": 14, "_mp_n": 24 }, "geometry": { "type": "Polygon", "coordinates": [ [ [ -99.232924202, 19.392276029000016 ], [ -99.23296734500002, 19.392227113999979 ], [ -99.233019115, 19.392173648999972 ], [ -99.233076330000017, 19.392107375000023 ], [ -99.233116525000014, 19.392071599000019 ], [ -99.233141674000024, 19.392101761 ], [ -99.233094031, 19.392165192999983 ], [ -99.233061291000013, 19.392211482 ], [ -99.233032384000012, 19.39226026 ], [ -99.233066447, 19.392287388999989 ], [ -99.233013898000024, 19.392353308 ], [ -99.232968691999986, 19.392346724 ], [ -99.232945836, 19.392285178 ], [ -99.232846041000016, 19.392299757999979 ], [ -99.232843629, 19.392285449999974 ], [ -99.232924202, 19.392276029000016 ] ] ] } },
{ "type": "Feature", "properties": { "subzona": "1.1", "nombre": "Cargas y cartuchos", "area": "0.72 ha", "poblacion": "690", "almacen_carbono": "599.9 toneladas", "captura_carbono": "17.5 toneladas anuales", "reduccion_escorrentia": "387.9 mo anuales", "remocion_contaminantes": "269.8 kg anuales", "produccion_oxigeno": "12.7 toneladas anuales", "valor_servicios_mxn": "$290,137.9 mxn", "_mp": 15, "_mp_n": 24 }, "geometry": { "type": "Polygon", "coordinates": [ [ [ -99.232807405000017, 19.392345020999983 ], [ -99.232809147000012, 19.392352044 ], [ -99.232802887, 19.392352698000025 ], [ -99.232800399999974, 19.392346498 ], [ -99.232807405000017, 19.392345020999983 ] ] ] } },
{ "type": "Feature", "properties": { "subzona": "1.1", "nombre": "Cargas y cartuchos", "area": "0.72 ha", "poblacion": "690", "almacen_carbono": "599.9 toneladas", "captura_carbono": "17.5 toneladas anuales", "reduccion_escorrentia": "387.9 mo anuales", "remocion_contaminantes": "269.8 kg anuales", "produccion_oxigeno": "12.7 toneladas anuales", "valor_servicios_mxn": "$290,137.9 mxn", "_mp": 16, "_mp_n": 24 }, "geometry": { "type": "Polygon", "coordinates": [ [ [ -99.232691784, 19.392440142999988 ], [ -99.232671502000017, 19.392445792 ], [ -99.232542815999977, 19.39247694 ], [ -99.232541200000014, 19.392472329999975 ], [ -99.232713569, 19.392428207000023 ], [ -99.23271631199998, 19.3924361 ], [ -99.232691784, 19.392440142999988 ] ] ] } },
{ "type": "Feature", "properties": { "subzona": "1.1", "nombre": "Cargas y cartuchos", "area": "0.72 ha", "poblacion": "690", "almacen_carbono": "599.9 toneladas", "captura_carbono": "17.5 toneladas anuales", "reduccion_escorrentia": "387.9 mo anuales", "remocion_contaminantes": "269.8 kg anuales", "produccion_oxigeno": "12.7 toneladas anuales", "valor_servicios_mxn": "$290,137.9 mxn", "_mp": 17, "_mp_n": 24 }, "geometry": { "type": "Polygon", "coordinates": [ [ [ -99.232787665999979, 19.392554373999985 ], [ -99.232805271000018, 19.392548733000012 ], [ -99.232814554000015, 19.39255721 ], [ -99.232797914, 19.392563914999982 ], [ -99.232787665999979, 19.392554373999985 ] ] ] } },
{ "type": "Feature", "properties": { "subzona": "1.1", "nombre": "Cargas y cartuchos", "area": "0.72 ha", "poblacion": "690", "almacen_carbono": "599.9 toneladas", "captura_carbono": "17.5 toneladas anuales", "reduccion_escorrentia": "387.9 mo anuales", "remocion_contaminantes": "269.8 kg anuales", "produccion_oxigeno": "12.7 toneladas anuales", "valor_servicios_mxn": "$290,137.9 mxn", "_mp": 18, "_mp_n": 24 }, "geometry": { "type": "Polygon", "coordinates": [ [ [ -99.232218774999978, 19.392636208 ], [ -99.232215213000018, 19.392628714000011 ], [ -99.232376653000017, 19.39259489 ], [ -99.232378845000028, 19.392601805000027 ], [ -99.232218774999978, 19.392636208 ] ] ] } },
{ "type": "Feature", "properties": { "subzona": "1.1", "nombre": "Cargas y cartuchos", "area": "0.72 ha", "poblacion": "690", "almacen_carbono": "599.9 toneladas", "captura_carbono": "17.5 toneladas anuales", "reduccion_escorrentia": "387.9 mo anuales", "remocion_contaminantes": "269.8 kg anuales", "produccion_oxigeno": "12.7 toneladas anuales", "valor_servicios_mxn": "$290,137.9 mxn", "_mp": 19, "_mp_n": 24 }, "geometry": { "type": "Polygon", "coordinates": [ [ [ -99.232251080000026, 19.392784098 ], [ -99.232178245, 19.39283508699998 ], [ -99.23216478400002, 19.392813532 ], [ -99.232238492000022, 19.392765774 ], [ -99.232251080000026, 19.392784098 ] ] ] } },
{ "type": "Feature", "properties": { "subzona": "1.1", "nombre": "Cargas y cartuchos", "area": "0.72 ha", "poblacion": "690", "almacen_carbono": "599.9 toneladas", "captura_carbono": "17.5 toneladas anuales", "reduccion_escorrentia": "387.9 mo anuales", "remocion_contaminantes": "269.8 kg anuales", "produccion_oxigeno": "12.7 toneladas anuales", "valor_servicios_mxn": "$290,137.9 mxn", "_mp": 20, "_mp_n": 24 }, "geometry": { "type": "Polygon", "coordinates": [ [ [ -99.232477300000028, 19.392728213999987 ], [ -99.232463445, 19.392704821 ], [ -99.232507684999973, 19.392682938 ], [ -99.232517001000019, 19.392707132999988 ], [ -99.232477300000028, 19.392728213999987 ] ] ] } },
{ "type": "Feature", "properties": { "subzona": "1.1", "nombre": "Cargas y cartuchos", "area": "0.72 ha", "poblacion": "690", "almacen_carbono": "599.9 toneladas", "captura_carbono": "17.5 toneladas anuales", "reduccion_escorrentia": "387.9 mo anuales", "remocion_contaminantes": "269.8 kg anuales", "produccion_oxigeno": "12.7 toneladas anuales", "valor_servicios_mxn": "$290,137.9 mxn", "_mp": 21, "_mp_n": 24 }, "geometry": { "type": "Polygon", "coordinates": [ [ [ -99.232060870999987, 19.392744943000025 ], [ -99.232134508, 19.392726290999974 ], [ -99.232145742, 19.392749329000026 ], [ -99.232133969000017, 19.392766298000026 ], [ -99.232118662, 19.39274187 ], [ -99.231990724000013, 19.392775425000025 ], [ -99.232000465999988, 19.39276590999998 ], [ -99.232060870999987, 19.392744943000025 ] ] ] } },
{ "type": "Feature", "properties": { "subzona": "1.1", "nombre": "Cargas y cartuchos", "area": "0.72 ha", "poblacion": "690", "almacen_carbono": "599.9 toneladas", "captura_carbono": "17.5 toneladas anuales", "reduccion_escorrentia": "387.9 mo anuales", "remocion_contaminantes": "269.8 kg anuales", "produccion_oxigeno": "12.7 toneladas anuales", "valor_servicios_mxn": "$290,137.9 mxn", "_mp": 22, "_mp_n": 24 }, "geometry": { "type": "Polygon", "coordinates": [ [ [ -99.231981841, 19.392802629000016 ], [ -99.232039398999973, 19.392899809000028 ], [ -99.231990888999974, 19.392927903999976 ], [ -99.231928451999977, 19.392833038999981 ], [ -99.231981841, 19.392802629000016 ] ] ] } },
{ "type": "Feature", "properties": { "subzona": "1.1", "nombre": "Cargas y cartuchos", "area": "0.72 ha", "poblacion": "690", "almacen_carbono": "599.9 toneladas", "captura_carbono": "17.5 toneladas anuales", "reduccion_escorrentia": "387.9 mo anuales", "remocion_contaminantes": "269.8 kg anuales", "produccion_oxigeno": "12.7 toneladas anuales", "valor_servicios_mxn": "$290,137.9 mxn", "_mp": 23, "_mp_n": 24 }, "geometry": { "type": "Polygon", "coordinates": [ [ [ -99.231535767000025, 19.392986042000018 ], [ -99.231563011999981, 19.392974869 ], [ -99.231587663000028, 19.392967457 ], [ -99.231601593999983, 19.393009649000021 ], [ -99.231522223000013, 19.393020104000016 ], [ -99.231506245999981, 19.393000816999972 ], [ -99.231519344999981, 19.392994075999979 ], [ -99.231535767000025, 19.392986042000018 ] ] ] } },
{ "type": "Feature", "properties": { "subzona": "5.1", "nombre": "Fabrica Cartuchos", "area": "0.42 ha", "poblacion": "172", "almacen_carbono": "230.87 toneladas", "captura_carbono": "7.9 toneladas anuales", "reduccion_escorrentia": "117.3 mo anuales", "remocion_contaminantes": "80.9 kg anuales", "produccion_oxigeno": "5.8 toneladas anuales", "valor_servicios_mxn": "$99,720.9 mxn", "_mp": 0, "_mp_n": 8 }, "geometry": { "type": "Polygon", "coordinates": [ [ [ -99.234165927999982, 19.38681404099998 ], [ -99.23415018999998, 19.38679627800002 ], [ -99.234189029, 19.386762251999983 ], [ -99.234206718999985, 19.386781385 ], [ -99.234165927999982, 19.38681404099998 ] ] ] } },
{ "type": "Feature", "properties": { "subzona": "5.1", "nombre": "Fabrica Cartuchos", "area": "0.42 ha", "poblacion": "172", "almacen_carbono": "230.87 toneladas", "captura_carbono": "7.9 toneladas anuales", "reduccion_escorrentia": "117.3 mo anuales", "remocion_contaminantes": "80.9 kg anuales", "produccion_oxigeno": "5.8 toneladas anuales", "valor_servicios_mxn": "$99,720.9 mxn", "_mp": 1, "_mp_n": 8 }, "geometry": { "type": "Polygon", "coordinates": [ [ [ -99.234126499000013, 19.386815942999988 ], [ -99.23414122600002, 19.386833229 ], [ -99.233993009000017, 19.386969392000026 ], [ -99.233915167000021, 19.386883289000025 ], [ -99.23394541, 19.386857389 ], [ -99.234007067, 19.38691861 ], [ -99.234126499000013, 19.386815942999988 ] ] ] } },
{ "type": "Feature", "properties": { "subzona": "5.1", "nombre": "Fabrica Cartuchos", "area": "0.42 ha", "poblacion": "172", "almacen_carbono": "230.87 toneladas", "captura_carbono": "7.9 toneladas anuales", "reduccion_escorrentia": "117.3 mo anuales", "remocion_contaminantes": "80.9 kg anuales", "produccion_oxigeno": "5.8 toneladas anuales", "valor_servicios_mxn": "$99,720.9 mxn", "_mp": 2, "_mp_n": 8 }, "geometry": { "type": "Polygon", "coordinates": [ [ [ -99.233936035999989, 19.387007299 ], [ -99.233695115999978, 19.38722599099998 ], [ -99.233586967, 19.387120770000024 ], [ -99.233788592, 19.386950978000016 ], [ -99.233810823, 19.386969147 ], [ -99.233865268999978, 19.386927891000028 ], [ -99.233936035999989, 19.387007299 ] ] ] } },
{ "type": "Feature", "properties": { "subzona": "5.1", "nombre": "Fabrica Cartuchos", "area": "0.42 ha", "poblacion": "172", "almacen_carbono": "230.87 toneladas", "captura_carbono": "7.9 toneladas anuales", "reduccion_escorrentia": "117.3 mo anuales", "remocion_contaminantes": "80.9 kg anuales", "produccion_oxigeno": "5.8 toneladas anuales", "valor_servicios_mxn": "$99,720.9 mxn", "_mp": 3, "_mp_n": 8 }, "geometry": { "type": "Polygon", "coordinates": [ [ [ -99.233780749, 19.386405991 ], [ -99.233762599999977, 19.386419424 ], [ -99.233576610999989, 19.38622905699998 ], [ -99.23359072, 19.386213714 ], [ -99.233780749, 19.386405991 ] ] ] } },
{ "type": "Feature", "properties": { "subzona": "5.1", "nombre": "Fabrica Cartuchos", "area": "0.42 ha", "poblacion": "172", "almacen_carbono": "230.87 toneladas", "captura_carbono": "7.9 toneladas anuales", "reduccion_escorrentia": "117.3 mo anuales", "remocion_contaminantes": "80.9 kg anuales", "produccion_oxigeno": "5.8 toneladas anuales", "valor_servicios_mxn": "$99,720.9 mxn", "_mp": 4, "_mp_n": 8 }, "geometry": { "type": "Polygon", "coordinates": [ [ [ -99.233004667999978, 19.386550132000025 ], [ -99.232891871, 19.386648501000025 ], [ -99.233243591000019, 19.386979454000027 ], [ -99.233334333000016, 19.386910375000014 ], [ -99.233369702, 19.386940021999976 ], [ -99.233673162, 19.386694431000024 ], [ -99.233708547, 19.386735572000021 ], [ -99.233632945000011, 19.386804632 ], [ -99.233721903, 19.386900299 ], [ -99.233470883999985, 19.387114214 ], [ -99.233433484999978, 19.387076907 ], [ -99.233499021, 19.38702701699998 ], [ -99.233432317, 19.38696580200002 ], [ -99.233276056000022, 19.387096266000015 ], [ -99.233140624999976, 19.386970008 ], [ -99.233102314, 19.387000707000027 ], [ -99.233075529000018, 19.386974400999975 ], [ -99.233100227000023, 19.386952818999987 ], [ -99.233021397000016, 19.386881083999981 ], [ -99.233012325, 19.386889715999985 ], [ -99.232849623999982, 19.386750082999981 ], [ -99.232821537, 19.386776934000011 ], [ -99.232788132, 19.386804757 ], [ -99.232610061, 19.386613956000019 ], [ -99.232570480999982, 19.386649052999985 ], [ -99.232312794, 19.386435651999989 ], [ -99.232506796999985, 19.386284065999973 ], [ -99.232831230999977, 19.386592066999981 ], [ -99.232944624000027, 19.38649432 ], [ -99.233004667999978, 19.386550132000025 ] ] ] } },
{ "type": "Feature", "properties": { "subzona": "5.1", "nombre": "Fabrica Cartuchos", "area": "0.42 ha", "poblacion": "172", "almacen_carbono": "230.87 toneladas", "captura_carbono": "7.9 toneladas anuales", "reduccion_escorrentia": "117.3 mo anuales", "remocion_contaminantes": "80.9 kg anuales", "produccion_oxigeno": "5.8 toneladas anuales", "valor_servicios_mxn": "$99,720.9 mxn", "_mp": 5, "_mp_n": 8 }, "geometry": { "type": "Polygon", "coordinates": [ [ [ -99.233048618999987, 19.387037411999984 ], [ -99.232996953999987, 19.387081777 ], [ -99.23291203399998, 19.386986822999972 ], [ -99.232969244, 19.386937422000017 ], [ -99.232986429, 19.386956078000026 ], [ -99.232944847, 19.386993486 ], [ -99.232986547999985, 19.387039406999975 ], [ -99.233021327000017, 19.38700967 ], [ -99.233048618999987, 19.387037411999984 ] ] ] } },
{ "type": "Feature", "properties": { "subzona": "5.1", "nombre": "Fabrica Cartuchos", "area": "0.42 ha", "poblacion": "172", "almacen_carbono": "230.87 toneladas", "captura_carbono": "7.9 toneladas anuales", "reduccion_escorrentia": "117.3 mo anuales", "remocion_contaminantes": "80.9 kg anuales", "produccion_oxigeno": "5.8 toneladas anuales", "valor_servicios_mxn": "$99,720.9 mxn", "_mp": 6, "_mp_n": 8 }, "geometry": { "type": "Polygon", "coordinates": [ [ [ -99.233563372, 19.38726305 ], [ -99.233513970999979, 19.387302384 ], [ -99.233528127, 19.387320564999982 ], [ -99.233481762999986, 19.387366599000018 ], [ -99.233506031, 19.387397218 ], [ -99.233411253999975, 19.387468217999981 ], [ -99.233350611999981, 19.387410827 ], [ -99.233300225, 19.387466444999973 ], [ -99.233336619, 19.387507584 ], [ -99.233313432999978, 19.387527728 ], [ -99.233220447, 19.387438771 ], [ -99.233508788999984, 19.387207567000019 ], [ -99.233563372, 19.38726305 ] ] ] } },
{ "type": "Feature", "properties": { "subzona": "5.1", "nombre": "Fabrica Cartuchos", "area": "0.42 ha", "poblacion": "172", "almacen_carbono": "230.87 toneladas", "captura_carbono": "7.9 toneladas anuales", "reduccion_escorrentia": "117.3 mo anuales", "remocion_contaminantes": "80.9 kg anuales", "produccion_oxigeno": "5.8 toneladas anuales", "valor_servicios_mxn": "$99,720.9 mxn", "_mp": 7, "_mp_n": 8 }, "geometry": { "type": "Polygon", "coordinates": [ [ [ -99.233310007999989, 19.387249008000026 ], [ -99.233171895, 19.387366039000028 ], [ -99.233138548, 19.387338305000014 ], [ -99.233281707, 19.387221268000019 ], [ -99.233310007999989, 19.387249008000026 ] ] ] } }
]
}
